order_id,customer_name,customer_gender,date_of_birth,email,phone,country,city,region,pincode,customer_segment,product_category,product_name,quantity,unit_price,discount,order_date,payment_mode,order_status,revenue,flag_negative_qty,flag_invalid_discount,duplicates_order_id,duplicate_order_id
ORD11132,William Huff,Male,1978-11-06,dunnjacob@example.net,(980)550-1417x165,United States,Port Donstad,East,52468.0,Home Office,Books,Self-Help Book,5,491.01,0.0,,Net Banking,Delivered,2455.05,False,True,unique,unique
ORD12216,Justin Sanchez,Male,,brownlarry@example.com,719-272-9410x367,CANADA,Carrollbury,West,,Corporate,Books,Cook Book,5,490.14,0.0,2023-04-23,Credit Card,Returned,2450.7,False,True,unique,unique
ORD11419,Gina Jordan,Female,,singletonnicole@example.net,(419)268-0450x5211,India,Port Robert,North,68509.0,Consumer,Electronics,Bluetooth Speaker,5,488.14,0.0,,Upi,Pending,2440.7,False,True,unique,unique
ORD10903,Shannon Sims,Female,1993-10-26,hudsonglen@example.net,001-949-387-4551x35872,United States,Adamsborough,East,3289.0,Home Office,Electronics,Smartwatch,5,485.57,0.0,,Debit Card,Returned,2427.85,False,True,unique,unique
ORD12559,Pamela Aguilar,Female,,diane11@example.com,426-414-2274x0451,United States,Melissahaven,East,74649.0,Home Office,Electronics,Bluetooth Speaker,5,485.41,0.0,,Debit Card,Returned,2427.05,False,True,unique,unique
ORD10769,Kimberly Ballard,Female,,jhorton@example.com,386-494-1559x4501,CANADA,North Megan,South,,Corporate,Home & Kitchen,Cushion Cover,5,484.61,0.0,,Upi,Shipped,2423.05,False,True,unique,unique
ORD10877,James Perkins,Male,1999-05-28,osbornkelly@example.net,+1-804-245-0928,United States,Tammieville,West,4616.0,Home Office,Beauty,Sunscreen SPF50,5,481.33,0.0,,Debit Card,Cancelled,2406.65,False,True,unique,unique
ORD10728,Kathleen Brady,Female,,erin06@example.net,(735)904-0566,UNITED STATES,North Emilyburgh,East,37148.0,Home Office,Beauty,Lipstick Set,5,478.96,0.0,2024-10-18,Net Banking,Cancelled,2394.8,False,True,unique,unique
ORD10381,David Washington,Female,,brownkaren@example.org,+1-890-713-8069x84775,CANADA,Evelynmouth,East,,Home Office,Home & Kitchen,LED Lamp,5,473.18,0.0,,Cash On Delivery,Cancelled,2365.9,False,True,unique,unique
ORD12869,Stacy Nolan,Male,1993-09-08,gardnermichael@example.net,+1-468-532-7628x908,CANADA,Rodriguezstad,South,,Corporate,Home & Kitchen,Storage Box,5,468.08,0.0,,Cash On Delivery,Returned,2340.4,False,True,unique,unique
ORD11442,Kyle Richards,,,,+1-508-584-2672,India,Lake Lisafurt,South,15571.0,Corporate,Beauty,Sunscreen SPF50,5,490.18,0.05,,Net Banking,Pending,2328.36,False,True,unique,unique
ORD10872,Matthew Moody,Female,1970-04-03,jenniferhernandez@example.net,+1-983-752-7918,United Kingdom,South Stephaniefort,West,65120.0,Consumer,Beauty,Lipstick Set,5,465.28,0.0,,Debit Card,Delivered,2326.4,False,True,unique,unique
ORD11201,Dakota Thomas,Male,,rdurham@example.net,797-424-3871x29514,CANADA,West Ericahaven,West,84717.0,Corporate,Books,Self-Help Book,5,463.78,0.0,,Credit Card,Pending,2318.9,False,True,unique,unique
ORD10102,Samantha Hickman,,,ashleyatkinson@example.net,+1-856-521-8501,India,West Cassiefurt,West,43279.0,Corporate,Beauty,Face Wash,5,484.05,0.05,,Debit Card,Cancelled,2299.24,False,True,unique,unique
ORD11095,John Pennington,Male,1969-02-01,howardjohn@example.org,(569)437-0632x5031,CANADA,West Amandastad,West,,Corporate,Clothing,Formal Shirt,5,456.51,0.0,2023-05-16,Cash On Delivery,Cancelled,2282.55,False,True,unique,unique
ORD10759,Tina Taylor,Male,1970-11-20,robertsonlori@example.net,,India,North Christopher,South,7699.0,Consumer,Books,Kids Story Book,5,454.13,0.0,2024-09-05,Credit Card,Pending,2270.65,False,True,unique,unique
ORD10807,Jeffrey Baker,Female,,wendymason@example.net,+1-923-839-4495x30067,India,West Mark,West,29070.0,Home Office,Electronics,USB-C Hub,5,477.95,0.05,,Debit Card,Delivered,2270.26,False,True,unique,unique
ORD10645,Jamie French,Female,,michael43@example.net,736-797-0931x7069,United Kingdom,Smithchester,West,95420.0,Corporate,Clothing,Running Shoes,5,475.07,0.05,,Cash On Delivery,Cancelled,2256.58,False,True,unique,unique
ORD11712,Scott Hunt Jr.,Female,,melissa43@example.net,001-864-416-4508,India,Jamesberg,South,,Corporate,Home & Kitchen,Non-stick Pan,5,448.22,0.0,2024-07-15,Net Banking,Shipped,2241.1,False,True,unique,unique
ORD12199,Christopher Larson,Female,,nhurley@example.org,(421)808-5837x558,India,East Stacey,West,69634.0,Home Office,Books,Kids Story Book,5,447.65,0.0,2024-03-16,Debit Card,Delivered,2238.25,False,True,unique,unique
ORD12565,Amy Jordan,Female,,nicholas94@example.net,785.860.1668,India,Pettymouth,West,69538.0,Home Office,Books,Cook Book,5,468.46,0.05,,Upi,Shipped,2225.18,False,True,unique,unique
ORD12185,Caitlin Ford,Female,,iaguilar@example.org,(891)356-9490x60827,India,North Genebury,South,,Home Office,Electronics,Smartwatch,5,437.62,0.0,,Debit Card,Shipped,2188.1,False,True,unique,unique
ORD10561,Anne Vasquez,Male,,davidrobertson@example.org,611.464.9133,United States,Markmouth,West,88103.0,Home Office,Books,Fiction Novel,5,482.75,0.1,,Net Banking,Shipped,2172.38,False,True,unique,unique
ORD12816,Stacey Hampton,Female,1996-08-08,,001-548-628-8276,India,Port Caitlyn,North,,Consumer,Sports,Football,5,481.61,0.1,,Upi,Delivered,2167.25,False,True,unique,unique
ORD12847,Anita Walker,Male,1979-03-10,tina67@example.org,+1-906-807-2772x365,United States,West Stephenchester,West,54403.0,Corporate,Clothing,Men's T-Shirt,5,432.5,0.0,,Credit Card,Delivered,2162.5,False,True,unique,unique
ORD12891,William Snyder,Male,,jwhitaker@example.org,(337)269-2461x05993,CANADA,Elizabethfort,North,80339.0,Home Office,Electronics,Earbuds,5,431.79,0.0,,Credit Card,Delivered,2158.95,False,True,unique,unique
ORD12924,Alan Patrick,Male,,lewismichael@example.net,001-933-566-8949x492,CANADA,Alvarezview,East,39347.0,Consumer,Books,Cook Book,5,429.97,0.0,,Net Banking,Pending,2149.85,False,True,unique,unique
ORD10466,Jacqueline Oliver,Female,,brian62@example.com,+1-907-787-0104x15914,CANADA,North Joyhaven,West,,Home Office,Books,Self-Help Book,5,452.56,0.05,,Credit Card,Cancelled,2149.66,False,True,unique,unique
ORD11663,Jason Peterson,Male,,fkirby@example.org,001-428-989-2030,UNITED STATES,Lindaview,North,4891.0,Home Office,Beauty,Lipstick Set,5,450.47,0.05,2023-09-18,Cash On Delivery,Cancelled,2139.73,False,True,unique,unique
ORD10996,Eric Wright,Female,,millsmichelle@example.com,+1-831-253-9839x122,UNITED STATES,North Pennyport,South,,Consumer,Books,Fiction Novel,5,447.85,0.05,,Credit Card,Pending,2127.29,False,True,unique,unique
ORD10054,Daniel Hunt,Female,,,,CANADA,West Erikashire,South,,Home Office,Sports,Football,5,497.34,0.15,,Net Banking,Pending,2113.69,False,True,unique,unique
ORD10230,Amber Butler,Female,,cheryl99@example.net,(879)350-1455,CANADA,Bridgesland,West,38883.0,Home Office,Books,Kids Story Book,5,442.0,0.05,,Upi,Shipped,2099.5,False,True,unique,unique
ORD12023,Anthony Baker,Male,,clineapril@example.net,(671)543-6947,United Kingdom,Kimberlyfurt,South,,Home Office,Books,Fiction Novel,5,419.74,0.0,,Upi,Cancelled,2098.7,False,True,unique,unique
ORD10171,Barbara Williams,Female,,david94@example.org,372-702-5909x47985,United States,East Abigail,West,66710.0,Home Office,Sports,Dumbbell Set,5,416.17,0.0,2023-04-27,Credit Card,Delivered,2080.85,False,True,unique,unique
ORD12900,Robin Bell,Female,,brownanthony@example.net,952-305-0099x119,CANADA,Williamhaven,East,49191.0,Consumer,Books,Self-Help Book,5,437.15,0.05,,Debit Card,Delivered,2076.46,False,True,unique,unique
ORD11239,Victor King,Female,,jason76@example.net,518-676-7760x064,India,Shellyshire,South,,Corporate,Books,Self-Help Book,5,460.86,0.1,2024-08-06,Net Banking,Shipped,2073.87,False,True,unique,unique
ORD10983,Thomas Smith,Male,,cheryl26@example.net,320-639-8313x5490,India,Kimberlychester,South,59436.0,Corporate,Books,Cook Book,5,413.48,0.0,2023-01-20,Credit Card,Returned,2067.4,False,True,unique,unique
ORD12052,Brian Wilson,Male,,,,India,Sharonmouth,West,53341.0,Home Office,Electronics,Bluetooth Speaker,5,434.38,0.05,,Net Banking,Delivered,2063.3,False,True,unique,unique
ORD10623,Stephen Neal,Male,,warnertimothy@example.net,001-423-216-6007x676,United Kingdom,Lake Bryanview,East,93549.0,Home Office,Beauty,Face Wash,5,412.66,0.0,,Cash On Delivery,Pending,2063.3,False,True,unique,unique
ORD12964,Luke Lopez,Female,,robertthompson@example.com,257-541-9450x89066,CANADA,Halltown,West,76797.0,Home Office,Electronics,Earbuds,5,484.79,0.15,,Net Banking,Returned,2060.36,False,True,unique,unique
ORD10261,Charles Perry,Female,,samuelfrost@example.org,(219)462-0710,UNITED KINGDOM,Lake Deniseport,South,55056.0,Corporate,Sports,Yoga Mat,5,409.69,0.0,,Cash On Delivery,Delivered,2048.45,False,True,unique,unique
ORD12183,Summer Cervantes,Female,,amyhowe@example.com,749-307-8725x50541,CANADA,New Jamiestad,South,59187.0,Home Office,Electronics,Laptop Stand,5,454.89,0.1,,Debit Card,Delivered,2047.0,False,True,unique,unique
ORD12542,Paula Powell,Male,1997-06-22,abutler@example.com,235-426-8219x471,CANADA,East Tyler,West,,Home Office,Home & Kitchen,LED Lamp,5,454.42,0.1,2023-03-18,Cash On Delivery,Shipped,2044.89,False,True,unique,unique
ORD10445,Christine Barnes,Male,,lstokes@example.com,,India,East Donnaton,West,15863.0,Home Office,Electronics,Wireless Mouse,5,479.99,0.15,,Debit Card,Cancelled,2039.96,False,True,unique,unique
ORD12625,Matthew Sanders,Female,,srobinson@example.com,441-656-1731,CANADA,East Darrell,South,76679.0,Corporate,Books,Fiction Novel,5,406.86,0.0,,Credit Card,Delivered,2034.3,False,True,unique,unique
ORD11738,Kimberly Santos,Male,,rodriguezanna@example.net,+1-367-597-4476,India,Schmidtside,West,56438.0,Corporate,Sports,Dumbbell Set,5,451.46,0.1,,Credit Card,Returned,2031.57,False,True,unique,unique
ORD10591,Renee Allen,Male,,,427.790.8335x090,United Kingdom,Sandrastad,West,61060.0,Home Office,Home & Kitchen,Non-stick Pan,5,473.24,0.15,,Cash On Delivery,Pending,2011.27,False,True,unique,unique
ORD10531,Kathryn Patel,Male,1968-10-04,cscott@example.net,001-617-685-1385,United States,Shannonmouth,North,,Consumer,Sports,Yoga Mat,5,396.72,0.0,,Debit Card,Delivered,1983.6,False,True,unique,unique
ORD12031,Carmen Adams,Female,,waltonrobert@example.net,335.455.6385,UNITED KINGDOM,Nicoleshire,North,58010.0,Consumer,Sports,Dumbbell Set,5,395.86,0.0,2023-08-05,Net Banking,Pending,1979.3,False,True,unique,unique
ORD10204,Mr. Michael Johnson Jr.,Female,,brianrowe@example.org,+1-872-934-6013,India,Lake Virginia,North,26607.0,Corporate,Electronics,Bluetooth Speaker,5,394.11,0.0,,Cash On Delivery,Delivered,1970.55,False,True,unique,unique
ORD10491,Christina White,Male,,davidbaker@example.net,001-871-820-6021x288,United States,Davidside,East,32146.0,Consumer,Sports,Dumbbell Set,5,392.29,0.0,2024-06-03,Net Banking,Pending,1961.45,False,True,unique,unique
ORD11872,Maria Farmer,Male,,samanthanunez@example.com,8532477411,CANADA,New Nathaniel,South,,Home Office,Books,Self-Help Book,5,390.29,0.0,,Credit  Card,Cancelled,1951.45,False,True,unique,unique
ORD12062,Alicia Nelson,,,newtonhenry@example.net,+1-776-273-6086x33399,India,Myersfurt,West,84749.0,Corporate,Clothing,Winter Jacket,5,456.08,0.15,,Cash On Delivery,Cancelled,1938.34,False,True,unique,unique
ORD10780,Sharon French,Male,,espinozarandy@example.com,248.516.5244x45446,CANADA,Haleyfort,East,79506.0,Home Office,Sports,Football,5,482.45,0.2,,Net Banking,Cancelled,1929.8,False,True,unique,unique
ORD10142,Karen Davis,Female,1970-07-14,tiffany71@example.com,(277)641-8625x6527,UNITED STATES,Marshallbury,West,35701.0,Home Office,Clothing,Men's T-Shirt,5,428.03,0.1,2024-02-16,Credit Card,Cancelled,1926.13,False,True,unique,unique
ORD10107,Leslie Gardner,Female,,,+1-407-637-4167,India,West Donna,North,94248.0,Home Office,Electronics,Smartwatch,5,404.05,0.05,2023-11-05,Net Banking,Cancelled,1919.24,False,True,unique,unique
ORD10516,Glenn Carroll,Male,,fdavis@example.org,001-612-559-0203x5713,UNITED STATES,West Brian,East,93026.0,Consumer,Books,Self-Help Book,5,382.49,0.0,2023-07-29,Net Banking,Shipped,1912.45,False,True,unique,unique
ORD11566,Christopher Harris,,,davidhart@example.org,6717320448,India,Chavezfort,East,9816.0,Consumer,Electronics,Smartwatch,5,380.77,0.0,,Credit Card,Pending,1903.85,False,True,unique,unique
ORD10800,Thomas Fernandez,Female,,griffinsean@example.com,001-506-457-9551x562,United States,New Austinmouth,North,43040.0,Home Office,Home & Kitchen,LED Lamp,5,422.54,0.1,,Credit Card,Cancelled,1901.43,False,True,unique,unique
ORD11621,Paul Burns,Female,,,829.930.5577x97983,United States,Smithport,East,,Corporate,Beauty,Lipstick Set,5,379.37,0.0,,Debit Card,Delivered,1896.85,False,True,unique,unique
ORD10203,Lisa Nelson,Female,,malikhernandez@example.net,3214442703,United States,South Jeffchester,East,41339.0,Home Office,Sports,Football,5,378.71,0.0,,Debit Card,Shipped,1893.55,False,True,unique,unique
ORD11778,Pamela Esparza,Female,1994-07-08,,8436331569,United States,North Brandonport,West,,Home Office,Electronics,Earbuds,5,376.7,0.0,,Cash On Delivery,Cancelled,1883.5,False,True,unique,unique
ORD12951,John Marshall,Female,,timothy84@example.net,363.291.7013,United States,New Manuel,West,58389.0,Corporate,Home & Kitchen,Non-stick Pan,5,394.13,0.05,2024-02-10,Credit Card,Cancelled,1872.12,False,True,unique,unique
ORD11022,Beth Price,Female,,kmorris@example.net,+1-591-438-3100x643,India,Port Katherine,East,82475.0,Consumer,Beauty,Sunscreen SPF50,5,415.61,0.1,,Cash On Delivery,Cancelled,1870.24,False,True,unique,unique
ORD10074,Eric Key,,,khammond@example.org,(451)477-8528,UNITED STATES,Shawton,North,16775.0,Consumer,Home & Kitchen,Storage Box,5,372.94,0.0,,Upi,Pending,1864.7,False,True,unique,unique
ORD11552,Amber Dean Dvm,,1983-01-07,danielanderson@example.com,741.248.5027,CANADA,South Amy,South,2930.0,Home Office,Beauty,Lipstick Set,5,465.2,0.2,,Debit Card,Returned,1860.8,False,True,unique,unique
ORD12557,Ashlee Mitchell,Female,,wsosa@example.com,+1-629-908-3116x8674,India,Bassmouth,South,26637.0,Corporate,Clothing,Running Shoes,5,391.29,0.05,,Cash On Delivery,Cancelled,1858.63,False,True,unique,unique
ORD11502,Carmen Anderson,Male,1988-05-23,alexandersteve@example.com,,United States,Rebeccatown,North,32521.0,Consumer,Home & Kitchen,Storage Box,5,368.65,0.0,2024-02-19,Credit Card,Cancelled,1843.25,False,True,unique,unique
ORD11150,Chad Palmer,Female,,,2746599153,India,Louistown,East,,Corporate,Electronics,USB-C Hub,5,431.27,0.15,2024-08-13,Upi,Delivered,1832.9,False,True,unique,unique
ORD11690,Denise Burns,,,cchase@example.com,001-999-909-6781x94565,United States,New Paul,West,4606.0,Home Office,Beauty,Hair Serum,5,428.56,0.15,2024-04-29,Debit Card,Pending,1821.38,False,True,unique,unique
ORD12672,Sean Henry,,,,312-786-5038x410,United States,East Howard,West,77220.0,Consumer,Home & Kitchen,Non-stick Pan,5,397.23,0.1,,Upi,Shipped,1787.54,False,True,unique,unique
ORD11007,Christopher Werner,Male,,fernandezjennifer@example.net,+1-643-711-3266x1158,United States,West Frankfurt,East,,Corporate,Beauty,Lipstick Set,5,376.04,0.05,,Credit  Card,Delivered,1786.19,False,True,unique,unique
ORD12689,Tyler Vargas,Male,,jay83@example.com,001-430-380-1187,UNITED STATES,New Amy,South,25285.0,Consumer,Sports,Yoga Mat,5,357.11,0.0,,Credit Card,Delivered,1785.55,False,True,unique,unique
ORD12878,Michael Peters,Female,,gdavis@example.com,,United States,Port Ericaside,East,46434.0,Home Office,Books,Cook Book,5,371.54,0.05,,Cash On Delivery,Returned,1764.82,False,True,unique,unique
ORD12338,Carlos Townsend,Male,1999-06-21,tmurphy@example.com,+1-348-665-7430x62068,United States,Lisaville,East,,Consumer,Sports,Yoga Mat,5,440.95,0.2,,Cash On Delivery,Delivered,1763.8,False,True,unique,unique
ORD12653,Lucas Obrien,Female,,ldalton@example.net,378-315-4836,India,Johnbury,South,29672.0,Corporate,Sports,Football,5,351.73,0.0,,Debit Card,Returned,1758.65,False,True,unique,unique
ORD11127,George Gilmore,Female,,colleenwilliams@example.net,804.837.6613,United Kingdom,New Sabrina,North,,Corporate,Electronics,Bluetooth Speaker,5,437.77,0.2,2023-01-19,Credit  Card,Cancelled,1751.08,False,True,unique,unique
ORD12865,Lynn Maldonado,Female,,melendezmichael@example.com,947.216.7804,India,Crystalport,West,33317.0,Corporate,Clothing,Men's T-Shirt,5,348.88,0.0,2023-09-12,Credit Card,Delivered,1744.4,False,True,unique,unique
ORD12908,Sarah Williamson,Female,,,371.535.8996x1600,United States,North Johnfort,North,66241.0,Corporate,Electronics,USB-C Hub,5,348.15,0.0,,Net Banking,Shipped,1740.75,False,True,unique,unique
ORD10457,Jeremy Wood,Female,,bdennis@example.org,536-329-4897x8610,UNITED KINGDOM,North Brian,West,,Corporate,Books,Fiction Novel,5,385.27,0.1,,Credit Card,Returned,1733.72,False,True,unique,unique
ORD10666,Mr. James Fletcher Md,Female,1966-12-24,julie65@example.net,001-520-924-6175x202,UNITED STATES,Rebeccaburgh,West,55272.0,Corporate,Sports,Football,5,345.46,0.0,,Credit  Card,Cancelled,1727.3,False,True,unique,unique
ORD10528,Wesley Barker,Female,,uwilliams@example.com,8298168154,India,East Stephanieview,North,95081.0,Corporate,Beauty,Sunscreen SPF50,5,345.17,0.0,,Net Banking,Cancelled,1725.85,False,True,unique,unique
ORD10330,Stephanie Burton,Male,,michaelmitchell@example.net,001-526-783-1589,India,Garciachester,West,,Corporate,Clothing,Winter Jacket,5,344.99,0.0,,Debit Card,Delivered,1724.95,False,True,unique,unique
ORD11542,David Bailey,Male,,,752.288.0507,India,Moranhaven,West,12039.0,Consumer,Home & Kitchen,Cushion Cover,5,405.2,0.15,,Upi,Pending,1722.1,False,True,unique,unique
ORD10713,Amanda Ramos,Female,,anna38@example.net,659.253.8280,CANADA,Susanville,East,19173.0,Consumer,Home & Kitchen,Blender,5,404.27,0.15,2024-10-20,Cash On Delivery,Delivered,1718.15,False,True,unique,unique
ORD11460,Curtis Beck,Male,,changheather@example.com,920.548.1093x05484,India,Scottfort,East,79144.0,Corporate,Clothing,Men's T-Shirt,5,379.17,0.1,2023-11-23,Credit Card,Cancelled,1706.26,False,True,unique,unique
ORD10359,Craig Murphy,Male,,james92@example.net,001-484-804-4566x9078,United States,East Jennifer,South,,Consumer,Clothing,Winter Jacket,5,340.91,0.0,,Credit Card,Delivered,1704.55,False,True,unique,unique
ORD11133,Joseph Miller,Female,,alicia00@example.net,(900)792-4492x878,United States,Riddlebury,North,84722.0,Home Office,Clothing,Women's Jeans,5,425.25,0.2,,Upi,Returned,1701.0,False,True,unique,unique
ORD10325,Shannon Garcia,Male,1987-08-07,jacksondavid@example.org,(524)978-7125x521,United States,Hammondtown,East,32655.0,Home Office,Books,Cook Book,5,395.71,0.15,2024-09-01,Upi,Pending,1681.77,False,True,unique,unique
ORD12409,Justin Sullivan,Female,,griffindeanna@example.net,(546)205-2173x213,India,Williemouth,West,89687.0,Corporate,Sports,Cricket Bat,5,420.24,0.2,,Cash On Delivery,Delivered,1680.96,False,True,unique,unique
ORD12303,Jamie Smith,Female,1977-10-06,craigchristina@example.net,,CANADA,Port Williambury,West,28157.0,Corporate,Sports,Football,5,353.29,0.05,,Cash On Delivery,Returned,1678.13,False,True,unique,unique
ORD12956,Holly Byrd,Female,,whitestephanie@example.com,546.694.8254x576,UNITED KINGDOM,Lisaside,North,,Corporate,Beauty,Lipstick Set,5,335.57,0.0,,Cash On Delivery,Shipped,1677.85,False,True,unique,unique
ORD10864,Emily Ortega,Female,,,463.272.6294,India,Bennettmouth,East,87433.0,Consumer,Clothing,Women's Jeans,5,351.71,0.05,2023-07-09,Cash On Delivery,Cancelled,1670.62,False,True,unique,unique
ORD11280,Richard Welch,Male,,,(823)902-3405,United States,Castanedaville,North,,Corporate,Home & Kitchen,Non-stick Pan,5,392.67,0.15,,Upi,Pending,1668.85,False,True,unique,unique
ORD11168,James Parsons,Male,,,8796685909,CANADA,Nicoleshire,North,71067.0,Consumer,Sports,Yoga Mat,5,332.78,0.0,,Credit Card,Delivered,1663.9,False,True,unique,unique
ORD10288,Cathy Bell,Male,,,001-249-555-2893x8911,UNITED KINGDOM,West George,South,99331.0,Home Office,Electronics,Earbuds,5,369.41,0.1,,Upi,Shipped,1662.35,False,True,unique,unique
ORD11476,Brandon Murphy,Male,,jcollins@example.org,+1-840-826-9089x649,India,Contrerashaven,South,8873.0,Home Office,Books,Cook Book,5,330.93,0.0,,Credit  Card,Pending,1654.65,False,True,unique,unique
ORD10614,Alexander Pearson,Male,1997-03-11,richardsonkimberly@example.org,968.629.7514x743,India,New David,East,2723.0,Consumer,Sports,Yoga Mat,5,366.54,0.1,,Cash On Delivery,Cancelled,1649.43,False,True,unique,unique
ORD12977,Jason Pope,Male,,kallen@example.net,297-850-7721,United States,Knoxstad,East,84782.0,Corporate,Electronics,USB-C Hub,5,385.15,0.15,2023-02-10,Credit Card,Delivered,1636.89,False,True,unique,unique
ORD10922,Mary Jones,,1970-05-13,joshuajenkins@example.com,369-299-4494x66720,United Kingdom,West Nicole,West,95006.0,Home Office,Books,Fiction Novel,5,363.49,0.1,,Credit Card,Shipped,1635.71,False,True,unique,unique
ORD10231,Scott Murphy,Female,1980-06-17,heathersalazar@example.org,001-681-779-4695,India,New Anna,West,68619.0,Corporate,Sports,Dumbbell Set,5,384.03,0.15,,Upi,Pending,1632.13,False,True,unique,unique
ORD11393,Jeremiah Ortiz,Male,,,+1-865-907-4456x572,India,Wardview,East,,Consumer,Home & Kitchen,Non-stick Pan,5,342.53,0.05,,Cash On Delivery,Pending,1627.02,False,True,unique,unique
ORD10114,Justin Delgado,Female,,cperry@example.com,(619)403-4043,CANADA,Cunninghamfort,South,72554.0,Consumer,Beauty,Hair Serum,5,403.02,0.2,,Upi,Shipped,1612.08,False,True,unique,unique
ORD10478,Bruce Gilbert,Female,,james60@example.org,219.503.6890,India,North Brianmouth,West,,Home Office,Clothing,Formal Shirt,5,320.27,0.0,,Upi,Pending,1601.35,False,True,unique,unique
ORD12313,Henry Green,Male,,selenaortiz@example.org,+1-626-721-4453x7150,India,Port Christinefort,North,71746.0,Consumer,Beauty,Face Wash,5,334.25,0.05,,Net Banking,Pending,1587.69,False,True,unique,unique
ORD10215,Lynn Brown,Male,,amber25@example.net,001-632-806-7998x136,India,East Matthew,West,62872.0,Corporate,Clothing,Winter Jacket,5,317.48,0.0,2024-02-22,Credit  Card,Returned,1587.4,False,True,unique,unique
ORD10685,David Rosario,Female,,courtneymadden@example.org,(505)486-9507,United Kingdom,Lake Kirkchester,West,,Home Office,Clothing,Running Shoes,5,395.85,0.2,,Upi,Shipped,1583.4,False,True,unique,unique
ORD10145,Jimmy Marks,Male,,,+1-398-361-6229x991,India,Mikaylastad,West,,Corporate,Books,Fiction Novel,5,392.05,0.2,,Cash On Delivery,Pending,1568.2,False,True,unique,unique
ORD12728,Jeffery Thompson,Female,,dustin85@example.com,+1-740-315-4150x689,United Kingdom,New Angelaland,West,11049.0,Corporate,Beauty,Hair Serum,5,366.72,0.15,2023-10-05,Net Banking,Pending,1558.56,False,True,unique,unique
ORD11398,Heather Ross,Male,,stevenwoodard@example.org,622.459.3103x3700,United States,West Selena,North,,Consumer,Home & Kitchen,Non-stick Pan,5,309.56,0.0,2023-01-25,Credit Card,Returned,1547.8,False,True,unique,unique
ORD11282,Ashley White,,,srose@example.com,790.698.6361x5276,United Kingdom,Kevintown,South,,Home Office,Books,Fiction Novel,5,325.34,0.05,2023-04-16,Credit Card,Cancelled,1545.36,False,True,unique,unique
ORD11323,Whitney Robinson,Female,,burnsstephanie@example.org,2712776135,UNITED STATES,Romeroborough,West,51344.0,Corporate,Clothing,Women's Jeans,5,343.15,0.1,,Debit Card,Returned,1544.18,False,True,unique,unique
ORD10504,Eric Thomas,Female,1990-11-01,davisgary@example.com,001-531-226-9789,India,Kingport,South,97561.0,Consumer,Home & Kitchen,Non-stick Pan,5,301.08,0.0,,Debit Card,Delivered,1505.4,False,True,unique,unique
ORD11211,George Adams,Male,,charles56@example.com,296-578-9630,CANADA,Jillburgh,North,8499.0,Home Office,Home & Kitchen,Non-stick Pan,3,497.29,0.0,,Debit Card,Pending,1491.87,False,True,unique,unique
ORD11521,Benjamin Payne,,,rhonda51@example.net,001-548-245-4225x95513,India,Cherylstad,West,,Home Office,Clothing,Running Shoes,3,496.72,0.0,,Debit Card,Shipped,1490.16,False,True,unique,unique
ORD12488,Lisa Dalton,Female,,travisrobertson@example.com,,United Kingdom,New Jasonmouth,South,35736.0,Home Office,Clothing,Women's Jeans,5,329.72,0.1,2024-09-10,Debit Card,Cancelled,1483.74,False,True,unique,unique
ORD10206,Melvin Mcpherson,Male,1971-12-04,knguyen@example.com,,India,South Kristinatown,North,6005.0,Home Office,Books,Kids Story Book,5,295.11,0.0,2024-02-29,Net Banking,Returned,1475.55,False,True,unique,unique
ORD12252,David Thomas,Male,,jrobinson@example.net,(612)255-8877,India,Brianland,North,45123.0,Consumer,Home & Kitchen,LED Lamp,5,327.02,0.1,,Net Banking,Cancelled,1471.59,False,True,unique,unique
ORD11248,Abigail Wright,Male,1981-11-30,tara55@example.org,486.488.7860x2039,India,East Pamfort,North,4981.0,Corporate,Beauty,Sunscreen SPF50,5,293.63,0.0,,Net Banking,Returned,1468.15,False,True,unique,unique
ORD10364,Robert Fox,Male,,kstevens@example.org,001-814-975-4692x6329,India,Bartlettburgh,North,92057.0,Home Office,Books,Fiction Novel,3,486.16,0.0,,Credit  Card,Delivered,1458.48,False,True,unique,unique
ORD10772,Christopher Wilkins,Male,,rodney57@example.com,,CANADA,Amandatown,South,75370.0,Home Office,Books,Fiction Novel,5,323.56,0.1,,Cash On Delivery,Returned,1456.02,False,True,unique,unique
ORD10866,Jeffrey Butler,Female,,aevans@example.org,001-291-885-4880x64420,UNITED STATES,New Sarah,South,65752.0,Corporate,Electronics,Smartwatch,5,306.28,0.05,,Cash On Delivery,Shipped,1454.83,False,True,unique,unique
ORD12999,Kathryn Ramirez,Female,,sara12@example.org,(912)968-7370x14498,CANADA,Lake Hannahhaven,West,85448.0,Consumer,Clothing,Running Shoes,3,483.25,0.0,,Debit Card,Pending,1449.75,False,True,unique,unique
ORD12487,Jennifer Thomas,Female,,allenjeremy@example.net,621-945-5447x22700,United States,Kelseyburgh,South,,Corporate,Clothing,Winter Jacket,5,289.82,0.0,,Cash On Delivery,Returned,1449.1,False,True,unique,unique
ORD11457,Kristen Fuentes,Female,,,+1-264-731-6785x98444,United States,North James,North,,Consumer,Sports,Yoga Mat,5,340.33,0.15,,Credit Card,Delivered,1446.4,False,True,unique,unique
ORD11100,Mark Frazier,Female,,,,UNITED KINGDOM,Sotofort,West,83418.0,Consumer,Home & Kitchen,Cushion Cover,3,478.06,0.0,,Net Banking,Pending,1434.18,False,True,unique,unique
ORD11948,Dana Levy,Female,,tjackson@example.net,(611)856-2306x78019,United States,Johnsonland,South,,Home Office,Electronics,Smartwatch,3,476.25,0.0,,Upi,Pending,1428.75,False,True,unique,unique
ORD12172,Kirsten Waller,Female,,erikajackson@example.net,,UNITED KINGDOM,Bryantton,North,18057.0,Corporate,Clothing,Winter Jacket,3,475.26,0.0,,Debit Card,Shipped,1425.78,False,True,unique,unique
ORD11116,Christine Santana,Female,,bmolina@example.net,+1-434-751-5025,UNITED STATES,Ronaldbury,North,1080.0,Consumer,Sports,Yoga Mat,5,284.45,0.0,,Credit Card,Returned,1422.25,False,True,unique,unique
ORD10597,Sheila Jenkins,Female,,andrea26@example.net,(427)803-6924x92693,CANADA,Taylorberg,East,64291.0,Home Office,Books,Cook Book,3,498.36,0.05,,Cash On Delivery,Pending,1420.33,False,True,unique,unique
ORD10436,Michael Gomez,Male,,jmorrow@example.net,919.492.5502,India,Linville,South,88836.0,Consumer,Clothing,Running Shoes,5,283.44,0.0,,Debit Card,Cancelled,1417.2,False,True,unique,unique
ORD10228,Carla Thomas,Female,,,5642474212,India,Alexanderfort,North,65859.0,Consumer,Electronics,Smartwatch,5,330.67,0.15,2024-02-01,Credit Card,Shipped,1405.35,False,True,unique,unique
ORD10969,David Jones,Female,1995-12-28,andrewsjohn@example.org,,India,East Ethan,North,61276.0,Corporate,Beauty,Lipstick Set,5,310.43,0.1,,Cash On Delivery,Returned,1396.94,False,True,unique,unique
ORD11409,Sonia Manning,Female,,,001-552-989-0566x518,India,Jodymouth,South,,Consumer,Beauty,Lipstick Set,5,294.01,0.05,,Cash On Delivery,Shipped,1396.55,False,True,unique,unique
ORD10247,Darius Coleman,Female,,pbradford@example.net,,India,Robertside,West,76044.0,Home Office,Books,Self-Help Book,5,277.42,0.0,,Net Banking,Cancelled,1387.1,False,True,unique,unique
ORD11583,Chris Gillespie,Male,,probbins@example.com,(378)208-7857,India,East Amber,South,49277.0,Consumer,Electronics,Laptop Stand,5,277.18,0.0,,Credit Card,Returned,1385.9,False,True,unique,unique
ORD12595,Daniel Hunter,Male,1996-02-04,jim05@example.org,,India,Sarafort,East,,Corporate,Electronics,Laptop Stand,5,277.02,0.0,2024-12-10,Credit  Card,Delivered,1385.1,False,True,unique,unique
ORD12457,Kimberly Mcfarland,Female,,ugeorge@example.net,(357)676-5439x59289,UNITED STATES,Youngland,North,22283.0,Corporate,Home & Kitchen,Non-stick Pan,3,461.34,0.0,,Net Banking,Returned,1384.02,False,True,unique,unique
ORD12966,James Dixon,Male,,robert15@example.org,+1-986-681-5915x6740,United States,South Desireetown,North,56021.0,Consumer,Home & Kitchen,Storage Box,3,460.73,0.0,,Upi,Delivered,1382.19,False,True,unique,unique
ORD11065,Drew Martinez,Male,,zevans@example.com,+1-476-202-4986x634,United Kingdom,Johnmouth,South,83948.0,Consumer,Clothing,Formal Shirt,3,458.09,0.0,,Cash On Delivery,Pending,1374.27,False,True,unique,unique
ORD12628,Michael French,Female,,fbonilla@example.org,+1-443-706-2873x451,United Kingdom,New Scottberg,East,70882.0,Home Office,Home & Kitchen,Blender,3,481.49,0.05,2024-06-18,Upi,Cancelled,1372.25,False,True,unique,unique
ORD11655,Edward Wright,Female,1971-05-05,,(656)570-7190x5657,India,Burnston,West,42135.0,Consumer,Sports,Dumbbell Set,5,274.33,0.0,2023-07-10,Credit Card,Pending,1371.65,False,True,unique,unique
ORD10619,Jenna Santos,Male,,pmorrison@example.net,663.721.0613x39439,UNITED STATES,Brownbury,North,74798.0,Consumer,Sports,Yoga Mat,3,456.37,0.0,,Debit Card,Cancelled,1369.11,False,True,unique,unique
ORD12186,Chad Livingston,Male,1997-03-19,michael96@example.net,757-834-9438,United States,East Thomas,South,74830.0,Consumer,Home & Kitchen,Non-stick Pan,5,287.83,0.05,,Cash On Delivery,Cancelled,1367.19,False,True,unique,unique
ORD10018,Raymond Bell,Male,,sheila14@example.org,001-340-819-6556,United Kingdom,West Bradley,East,57655.0,Home Office,Home & Kitchen,Cushion Cover,5,341.36,0.2,2023-01-02,Debit Card,Cancelled,1365.44,False,True,unique,unique
ORD11446,Katherine Smith,Female,,kyle91@example.com,+1-873-326-0968x56888,India,Port Alexandrafort,West,26776.0,Consumer,Home & Kitchen,Cushion Cover,5,320.63,0.15,,Credit Card,Shipped,1362.68,False,True,unique,unique
ORD11489,Jennifer Kennedy,Male,,mperkins@example.org,883-702-4264,India,Jocelynshire,East,3718.0,Consumer,Beauty,Sunscreen SPF50,5,272.48,0.0,,Cash On Delivery,Returned,1362.4,False,True,unique,unique
ORD10643,Veronica Nelson,Female,1983-12-10,sanchezrichard@example.org,892.923.4103x469,India,East Craig,East,11248.0,Consumer,Electronics,USB-C Hub,3,451.83,0.0,,Cash On Delivery,Pending,1355.49,False,True,unique,unique
ORD10497,Shannon Curry,Female,,henrycheryl@example.net,(906)449-6935,UNITED KINGDOM,Maryport,West,88053.0,Home Office,Sports,Dumbbell Set,3,451.76,0.0,2023-12-21,Cash On Delivery,Cancelled,1355.28,False,True,unique,unique
ORD11044,Tracie Johnson,Female,,owillis@example.com,001-929-282-6893x34864,India,Lake Leslie,West,55646.0,Consumer,Sports,Yoga Mat,5,318.84,0.15,,Debit Card,Shipped,1355.07,False,True,unique,unique
ORD11415,Rita Walker,Male,,fpatel@example.net,(771)270-8049x29328,United States,Hullville,West,,Corporate,Books,Self-Help Book,5,284.95,0.05,,Credit Card,Cancelled,1353.51,False,True,unique,unique
ORD10405,Rebecca Martinez,Male,,saundersjoel@example.net,469-506-7447x16392,United States,Katieview,West,92376.0,Consumer,Home & Kitchen,LED Lamp,3,499.73,0.1,,Upi,Shipped,1349.27,False,True,unique,unique
ORD12829,Michelle Molina,Male,,sarafernandez@example.net,342-673-5022,India,South Melanieton,West,90996.0,Consumer,Clothing,Running Shoes,3,472.9,0.05,,Debit Card,Cancelled,1347.76,False,True,unique,unique
ORD10840,Jeffery Barry,Female,,davidpearson@example.net,001-607-559-8897x86533,CANADA,New Christopherfurt,South,43599.0,Home Office,Sports,Dumbbell Set,5,269.48,0.0,,Net Banking,Pending,1347.4,False,True,unique,unique
ORD11037,Tina Wilson,,1975-06-03,rrojas@example.net,001-323-808-8295x8684,United Kingdom,East Deborah,North,,Corporate,Beauty,Hair Serum,5,298.11,0.1,,Upi,Pending,1341.5,False,True,unique,unique
ORD11064,Matthew Austin,Female,,wilsonjared@example.net,533-491-3325x2861,India,Lake Carla,North,44480.0,Consumer,Books,Cook Book,3,446.93,0.0,,Cash On Delivery,Cancelled,1340.79,False,True,unique,unique
ORD12328,Emily Carroll,Male,,lori53@example.net,(467)413-6463x5145,United States,East Donald,South,43116.0,Home Office,Sports,Yoga Mat,5,297.24,0.1,,Cash On Delivery,Returned,1337.58,False,True,unique,unique
ORD12832,Alexander Payne,Male,,xlee@example.com,(793)897-2520,India,Robertmouth,South,81615.0,Home Office,Sports,Cricket Bat,3,444.85,0.0,,Credit Card,Returned,1334.55,False,True,unique,unique
ORD10291,Angela Thomas,,,figueroapatricia@example.org,853-953-9613,CANADA,Kathyshire,South,78311.0,Home Office,Books,Fiction Novel,3,444.55,0.0,,Upi,Shipped,1333.65,False,True,unique,unique
ORD12234,Monica Wiggins,Female,,uturner@example.org,001-689-954-0584x743,United States,Dennishaven,South,,Home Office,Clothing,Winter Jacket,3,493.92,0.1,,Credit Card,Cancelled,1333.58,False,True,unique,unique
ORD10350,Sue Martinez,,1985-01-09,robert97@example.org,,United States,East Laura,South,8429.0,Corporate,Sports,Cricket Bat,3,444.4,0.0,,Credit Card,Delivered,1333.2,False,True,unique,unique
ORD12437,David Pena,Male,,ramirezchristopher@example.com,400-419-8011x063,India,Marybury,West,21329.0,Corporate,Electronics,USB-C Hub,3,436.82,0.0,2023-10-08,Net Banking,Shipped,1310.46,False,True,unique,unique
ORD11293,Sabrina Acosta,Male,1977-11-20,walterkatherine@example.com,+1-999-526-6536x197,India,South Jayshire,South,40273.0,Consumer,Clothing,Men's T-Shirt,3,485.08,0.1,,Cash On Delivery,Pending,1309.72,False,True,unique,unique
ORD12920,Leslie Shelton,Male,,rwells@example.com,6137109862,United States,North Samantha,East,,Corporate,Beauty,Hair Serum,5,261.63,0.0,,Net Banking,Shipped,1308.15,False,True,unique,unique
ORD12446,Christian Scott,Female,,coffeyjohn@example.com,299.970.6581x1245,United States,Piercechester,West,29826.0,Consumer,Books,Self-Help Book,3,435.44,0.0,,Net Banking,Delivered,1306.32,False,True,unique,unique
ORD11099,Gina Cooper,Male,,,+1-861-320-9281x5780,United States,East Davidland,East,,Consumer,Clothing,Men's T-Shirt,3,456.12,0.05,,Debit Card,Shipped,1299.94,False,True,unique,unique
ORD12905,Jeffery Prince,Male,2004-04-01,,510.761.0420x307,United States,New Peter,West,19368.0,Home Office,Books,Cook Book,3,432.33,0.0,,Cash On Delivery,Cancelled,1296.99,False,True,unique,unique
ORD11918,Charles Chase,Male,,salasamanda@example.net,(406)930-4165,CANADA,South Christopher,South,74743.0,Consumer,Electronics,Smartwatch,3,431.61,0.0,,Cash On Delivery,Pending,1294.83,False,True,unique,unique
ORD10471,Matthew Johnston,Female,,david59@example.net,(999)761-0023x117,India,Port Lindsey,East,96530.0,Home Office,Books,Kids Story Book,5,258.76,0.0,,Credit  Card,Cancelled,1293.8,False,True,unique,unique
ORD12606,Amy Clark,Female,1963-09-26,gutierrezscott@example.org,(617)975-9414,CANADA,Mclaughlintown,East,,Consumer,Books,Kids Story Book,3,430.06,0.0,,Credit Card,Returned,1290.18,False,True,unique,unique
ORD12770,Allen Welch,Male,1996-06-04,jamiesmith@example.org,819.855.7632x951,United States,North Nancy,North,91035.0,Home Office,Sports,Yoga Mat,3,452.57,0.05,,Upi,Returned,1289.82,False,True,unique,unique
ORD12392,Mrs. Amanda Pearson Md,Female,2003-03-09,phelpsdavid@example.com,(347)693-9334,United States,East Ralphshire,West,84668.0,Home Office,Electronics,Bluetooth Speaker,3,475.71,0.1,,Cash On Delivery,Shipped,1284.42,False,True,unique,unique
ORD11259,Amy Hodges,Male,,,801-652-7311x722,United Kingdom,West Travismouth,South,55695.0,Corporate,Books,Cook Book,5,256.79,0.0,,Credit Card,Shipped,1283.95,False,True,unique,unique
ORD11615,Bryan Richardson,Female,,,783-947-9230,India,West Mark,East,26265.0,Corporate,Clothing,Men's T-Shirt,3,427.96,0.0,,Debit Card,Pending,1283.88,False,True,unique,unique
ORD12641,Raymond Chen,Male,,uyork@example.com,001-477-332-3724x929,CANADA,East Devon,East,1197.0,Corporate,Books,Kids Story Book,5,255.19,0.0,2024-11-07,Upi,Returned,1275.95,False,True,unique,unique
ORD12086,Jeff Warren,Female,,ryanshannon@example.org,927-524-7711x578,CANADA,Caseyside,North,11652.0,Home Office,Electronics,Earbuds,5,298.86,0.15,,Upi,Cancelled,1270.16,False,True,unique,unique
ORD10068,Emily Collins,Male,,wking@example.net,845.905.4156,UNITED KINGDOM,Morganburgh,South,65539.0,Corporate,Beauty,Hair Serum,5,253.94,0.0,,Cash On Delivery,Shipped,1269.7,False,True,unique,unique
ORD10081,Katie Hicks,Female,1984-02-10,thomas05@example.com,+1-916-494-0974x99309,CANADA,Hernandezbury,North,4639.0,Corporate,Clothing,Formal Shirt,3,422.05,0.0,2024-02-22,Credit Card,Shipped,1266.15,False,True,unique,unique
ORD10692,Kevin Hogan,,,hallisabella@example.org,+1-576-492-0828,United Kingdom,North William,South,80048.0,Consumer,Clothing,Men's T-Shirt,3,421.76,0.0,,Upi,Returned,1265.28,False,True,unique,unique
ORD11985,Peter Todd,Female,1984-01-14,cherylwaller@example.org,001-269-942-6166x6471,CANADA,West Ian,East,45281.0,Consumer,Home & Kitchen,Non-stick Pan,3,496.16,0.15,,Cash On Delivery,Delivered,1265.21,False,True,unique,unique
ORD11097,Matthew White,Female,,russell62@example.org,464-571-8559x40799,India,West Laurastad,West,95784.0,Corporate,Clothing,Winter Jacket,3,495.07,0.15,2024-08-09,Debit Card,Pending,1262.43,False,True,unique,unique
ORD11275,Angel Barnett,Male,,tclark@example.org,001-818-707-3920x02585,India,East Kaylee,East,92710.0,Corporate,Clothing,Winter Jacket,3,494.04,0.15,2023-12-15,Cash On Delivery,Cancelled,1259.8,False,True,unique,unique
ORD12574,Michael Lynch,Female,,laurenenglish@example.net,(523)419-7895,United States,North Rebeccaton,South,89615.0,Consumer,Books,Self-Help Book,5,251.89,0.0,,Credit Card,Pending,1259.45,False,True,unique,unique
ORD12088,Mary Williamson,Male,,zmendoza@example.org,001-818-922-4792x2476,United Kingdom,Lake Stephenfurt,North,58581.0,Home Office,Electronics,Bluetooth Speaker,3,417.14,0.0,,Credit  Card,Delivered,1251.42,False,True,unique,unique
ORD12476,Jason Brooks,Female,,margaret37@example.org,(643)361-1168x5952,India,Wilsonhaven,West,65240.0,Home Office,Electronics,USB-C Hub,5,250.24,0.0,,Credit Card,Shipped,1251.2,False,True,unique,unique
ORD10509,Marcus Powell,Female,,chrishernandez@example.net,,India,West Gregory,East,74381.0,Consumer,Electronics,Laptop Stand,5,250.2,0.0,,Credit Card,Cancelled,1251.0,False,True,unique,unique
ORD10396,Joshua Green,Male,,ricardomiller@example.com,+1-462-783-1435x98926,United States,Graybury,South,10662.0,Corporate,Books,Self-Help Book,5,263.13,0.05,,Credit Card,Pending,1249.87,False,True,unique,unique
ORD12272,Danielle Gonzalez,Male,1970-01-01,jfuentes@example.net,386.989.8258,India,New Monica,North,57344.0,Corporate,Electronics,Smartwatch,5,248.38,0.0,,Cash On Delivery,Pending,1241.9,False,True,unique,unique
ORD12356,John Chambers,Male,,bishopcheryl@example.org,+1-579-890-4636x91991,CANADA,Alyssaside,South,,Corporate,Beauty,Lipstick Set,3,413.56,0.0,,Cash On Delivery,Shipped,1240.68,False,True,unique,unique
ORD12118,Karl Hunter,Male,,gwilson@example.net,675-405-2201x1270,UNITED STATES,Lake Mike,East,75201.0,Consumer,Beauty,Hair Serum,3,435.21,0.05,,Cash On Delivery,Pending,1240.35,False,True,unique,unique
ORD12782,Mrs. Angel Mccullough Dds,Female,,nealkatelyn@example.com,501.410.4708x44445,United Kingdom,Richardberg,East,12217.0,Corporate,Home & Kitchen,Blender,3,434.58,0.05,2024-12-11,Debit Card,Cancelled,1238.55,False,True,unique,unique
ORD12839,Lauren Mckee,Male,,maryyoung@example.net,+1-795-787-4279x6304,United States,New Tammyport,West,,Consumer,Books,Kids Story Book,3,485.46,0.15,2024-12-10,Upi,Delivered,1237.92,False,True,unique,unique
ORD10304,William Scott,Male,,kennethvillarreal@example.org,456.604.1776x561,India,West Robertside,East,97204.0,Home Office,Electronics,Smartwatch,3,412.54,0.0,,Debit Card,Returned,1237.62,False,True,unique,unique
ORD12274,Tanya Thompson,Female,,brian67@example.org,001-826-962-8107x6777,UNITED KINGDOM,Lake Carolyn,South,,Consumer,Home & Kitchen,Cushion Cover,3,456.7,0.1,,Debit Card,Cancelled,1233.09,False,True,unique,unique
ORD11199,Luke Gross,Male,,sbonilla@example.net,(469)810-0822x4216,CANADA,East Gloria,East,83445.0,Home Office,Beauty,Face Wash,3,456.12,0.1,2024-08-14,Credit Card,Returned,1231.52,False,True,unique,unique
ORD11424,Mrs. Julie Carter,Female,,brandi02@example.net,(229)576-1166x2866,United States,Candiceberg,North,,Consumer,Beauty,Face Wash,5,245.52,0.0,,Credit Card,Pending,1227.6,False,True,unique,unique
ORD12323,Timothy Sanders,Male,,jonherrera@example.org,844.425.3968x527,United States,New Coreyside,West,13884.0,Consumer,Sports,Dumbbell Set,3,480.85,0.15,,Upi,Returned,1226.17,False,True,unique,unique
ORD11527,Cheryl Malone,Male,,aatkins@example.org,+1-220-843-4743x34421,United States,Carlton,South,3228.0,Consumer,Home & Kitchen,Cushion Cover,3,407.79,0.0,2023-08-03,Net Banking,Shipped,1223.37,False,True,unique,unique
ORD12721,Latoya Wright,Female,,rushnathan@example.org,001-818-815-9588x1236,United States,New Dianeburgh,South,30935.0,Corporate,Electronics,Laptop Stand,3,452.8,0.1,,Cash On Delivery,Delivered,1222.56,False,True,unique,unique
ORD12298,Leonard Hernandez,Female,,reesemichael@example.com,779.390.6183x442,United States,New Benjaminmouth,West,34671.0,Home Office,Beauty,Face Wash,5,304.71,0.2,,Credit  Card,Delivered,1218.84,False,True,unique,unique
ORD11215,Chad Soto,Male,1996-07-27,yschaefer@example.com,,UNITED STATES,North Carolberg,West,93640.0,Home Office,Home & Kitchen,LED Lamp,3,477.51,0.15,,Cash On Delivery,Shipped,1217.65,False,True,unique,unique
ORD12397,Matthew Castillo,Male,,hamiltonandrew@example.org,469.360.9566x11828,United States,South Lawrencechester,West,,Home Office,Sports,Football,3,476.85,0.15,,Credit Card,Pending,1215.97,False,True,unique,unique
ORD10193,Ruben Huff,Male,,wilsonchristian@example.net,490.680.7595x7947,United States,Walkershire,East,17310.0,Home Office,Books,Self-Help Book,3,404.81,0.0,,Debit Card,Cancelled,1214.43,False,True,unique,unique
ORD10432,Shawn Fleming,Male,,figueroajohn@example.net,5218462961,United Kingdom,Caldwellstad,West,61564.0,Corporate,Clothing,Winter Jacket,5,242.2,0.0,2023-12-08,Credit Card,Returned,1211.0,False,True,unique,unique
ORD11732,Rhonda Bradford,Male,,mary81@example.org,953.473.9652,UNITED STATES,Beverlyside,East,51955.0,Home Office,Electronics,USB-C Hub,3,423.4,0.05,2023-11-18,Credit Card,Shipped,1206.69,False,True,unique,unique
ORD12362,Victoria Grimes,Female,,susan68@example.com,377-630-7909,CANADA,Griffinland,West,,Corporate,Home & Kitchen,Cushion Cover,3,446.74,0.1,,Debit Card,Returned,1206.2,False,True,unique,unique
ORD11256,Robert Serrano,Female,,paulreed@example.org,683.612.4977x36772,United States,Lake Kevin,South,83032.0,Home Office,Books,Self-Help Book,3,401.76,0.0,,Credit  Card,Returned,1205.28,False,True,unique,unique
ORD11853,Gary Carpenter,Female,,javieringram@example.com,(292)468-9947x38793,India,Gregoryborough,East,,Home Office,Electronics,Earbuds,3,399.27,0.0,,Cash On Delivery,Returned,1197.81,False,True,unique,unique
ORD11529,Stephanie Hansen,Female,,despinoza@example.com,(377)551-3877x12398,United States,Dayburgh,West,5969.0,Home Office,Books,Self-Help Book,5,280.01,0.15,,Cash On Delivery,Pending,1190.04,False,True,unique,unique
ORD12981,Stephanie Franklin,Male,,timothy90@example.org,,India,Chadbury,East,,Consumer,Beauty,Face Wash,5,237.81,0.0,,Credit  Card,Delivered,1189.05,False,True,unique,unique
ORD12645,Alexandra Lowery,Male,,charlesrobinson@example.net,,India,Shermanborough,South,61083.0,Consumer,Books,Fiction Novel,5,279.56,0.15,2023-07-27,Cash On Delivery,Pending,1188.13,False,True,unique,unique
ORD12288,Laura Mckenzie,Female,,,001-239-519-4743x729,UNITED STATES,Mollyland,North,91452.0,Corporate,Home & Kitchen,Cushion Cover,3,439.98,0.1,,Upi,Pending,1187.95,False,True,unique,unique
ORD11220,Ashley Herring,Male,,ogibson@example.com,+1-743-814-8722x557,United States,Dalemouth,North,35938.0,Home Office,Home & Kitchen,Storage Box,5,235.95,0.0,2024-04-18,Debit Card,Shipped,1179.75,False,True,unique,unique
ORD12111,Lance Brown,Male,,,590.859.5094x28168,CANADA,West Stephanie,South,64966.0,Consumer,Home & Kitchen,Blender,3,491.13,0.2,,Debit Card,Pending,1178.71,False,True,unique,unique
ORD11114,Michelle Harris,Male,,cjones@example.net,705-983-5345x81956,CANADA,New Mike,South,48308.0,Consumer,Home & Kitchen,Cushion Cover,3,461.27,0.15,,Credit Card,Cancelled,1176.24,False,True,unique,unique
ORD12324,William Cruz,Female,1966-07-02,nicole80@example.net,702.309.7909x6351,India,South Matthewborough,East,,Consumer,Home & Kitchen,Non-stick Pan,5,234.66,0.0,,Credit Card,Delivered,1173.3,False,True,unique,unique
ORD10515,Ryan Charles,Female,1975-10-16,rebeccamatthews@example.com,606.560.1382x41270,India,Thompsontown,West,41285.0,Home Office,Sports,Football,3,487.67,0.2,,Net Banking,Delivered,1170.41,False,True,unique,unique
ORD11671,Donald Bridges,Male,,amber83@example.org,800-935-6303x282,United Kingdom,West Elizabeth,East,80765.0,Home Office,Books,Kids Story Book,5,466.45,0.5,,Upi,Returned,1166.12,False,True,unique,unique
ORD12423,Patricia Higgins,,,andrewsdale@example.com,+1-671-868-2898x21824,United States,Port Samantha,West,52953.0,Home Office,Books,Fiction Novel,5,273.69,0.15,,Net Banking,Cancelled,1163.18,False,True,unique,unique
ORD10394,Angela Martinez,Male,,rodneylandry@example.org,940.784.8729,UNITED STATES,Catherinehaven,West,,Consumer,Sports,Cricket Bat,5,257.96,0.1,2023-06-03,Credit Card,Shipped,1160.82,False,True,unique,unique
ORD10584,Carol Garcia,,,wendymora@example.com,+1-886-271-8153x52373,India,Brianfort,East,86963.0,Consumer,Clothing,Men's T-Shirt,3,478.81,0.2,,Credit  Card,Returned,1149.14,False,True,unique,unique
ORD11992,Susan Patton,,,angela08@example.net,961.912.5804x43065,United States,North Cory,South,,Consumer,Home & Kitchen,Cushion Cover,5,459.38,0.5,,Credit Card,Cancelled,1148.45,False,True,unique,unique
ORD12650,Chad Harris,Male,1974-09-28,michaelvelazquez@example.org,001-704-758-9638,CANADA,West Lisa,North,,Consumer,Clothing,Winter Jacket,3,402.81,0.05,,Cash On Delivery,Delivered,1148.01,False,True,unique,unique
ORD12725,Michael Lawson,Female,,mark19@example.com,001-251-764-4180x540,CANADA,New Jill,West,2277.0,Corporate,Clothing,Women's Jeans,3,425.11,0.1,,Credit  Card,Cancelled,1147.8,False,True,unique,unique
ORD10375,Scott Blake,Male,2004-10-31,,,United States,New Jessica,East,,Home Office,Books,Self-Help Book,3,424.53,0.1,,Credit Card,Cancelled,1146.23,False,True,unique,unique
ORD10262,Karen Martinez,Male,,alexandra63@example.org,+1-509-527-9145x608,UNITED KINGDOM,New Tiffanystad,West,,Corporate,Books,Kids Story Book,5,285.77,0.2,,Cash On Delivery,Delivered,1143.08,False,True,unique,unique
ORD11331,Janet Chandler,,,ginafischer@example.org,001-219-729-6921,UNITED KINGDOM,North Timothy,South,21422.0,Home Office,Clothing,Winter Jacket,3,399.62,0.05,2023-05-07,Cash On Delivery,Shipped,1138.92,False,True,unique,unique
ORD11349,Melissa Lewis,Female,,vazquezsydney@example.com,(275)319-3463,India,Port Joshua,South,69705.0,Consumer,Beauty,Face Wash,3,473.87,0.2,,Cash On Delivery,Shipped,1137.29,False,True,unique,unique
ORD10709,Brian Sims,Male,,christineriggs@example.com,901-434-8087x3543,India,Williamsbury,West,85060.0,Consumer,Sports,Dumbbell Set,3,418.23,0.1,,Debit Card,Delivered,1129.22,False,True,unique,unique
ORD12028,Mark Washington,Female,1971-10-03,,643-334-6026x3356,United States,Littleshire,South,72234.0,Consumer,Electronics,Laptop Stand,5,225.81,0.0,,Net Banking,Cancelled,1129.05,False,True,unique,unique
ORD12489,Anthony Conway,Female,2008-05-14,rossadam@example.net,,India,North Danielle,East,60089.0,Corporate,Books,Kids Story Book,5,250.59,0.1,,Upi,Cancelled,1127.66,False,True,unique,unique
ORD10294,Justin Dalton,Female,,travistaylor@example.net,(271)897-8897x7828,United States,Troyfurt,West,81364.0,Corporate,Beauty,Hair Serum,5,224.71,0.0,,Credit Card,Delivered,1123.55,False,True,unique,unique
ORD12808,Tracey Nguyen,,,denisejackson@example.com,934.757.0811,United Kingdom,Russellland,North,,Consumer,Beauty,Hair Serum,3,393.24,0.05,2024-11-26,Credit Card,Shipped,1120.73,False,True,unique,unique
ORD10951,Benjamin Marshall,Female,,dorseylinda@example.org,,United Kingdom,Bradshawmouth,West,5657.0,Home Office,Electronics,Earbuds,3,373.53,0.0,,Cash On Delivery,Returned,1120.59,False,True,unique,unique
ORD11874,Monica Smith,,,,+1-729-977-4443x3294,UNITED STATES,Fryfort,East,91363.0,Home Office,Beauty,Hair Serum,3,393.17,0.05,2024-04-14,Credit Card,Cancelled,1120.53,False,True,unique,unique
ORD10777,Justin Potter,Female,,,454-500-6445x475,United Kingdom,North Donaldborough,East,,Home Office,Beauty,Face Wash,3,414.66,0.1,2023-04-23,Cash On Delivery,Cancelled,1119.58,False,True,unique,unique
ORD10469,Dylan Contreras,Female,,rrichardson@example.com,(617)266-2047x1960,India,Williamsstad,West,,Consumer,Clothing,Running Shoes,5,445.41,0.5,,Debit Card,Delivered,1113.53,False,True,unique,unique
ORD11936,Amanda Gomez,Female,,,001-545-640-6914x38767,India,North Kelsey,South,83566.0,Consumer,Home & Kitchen,Non-stick Pan,3,370.17,0.0,,Credit Card,Shipped,1110.51,False,True,unique,unique
ORD12739,Jeffrey Johnson,Male,,jane18@example.org,860-476-2109,United States,Grossland,North,49869.0,Consumer,Electronics,Smartwatch,5,221.54,0.0,,Cash On Delivery,Shipped,1107.7,False,True,unique,unique
ORD11121,Laurie Miller,Male,,mcgeecole@example.org,,United Kingdom,Fletcherberg,South,55427.0,Corporate,Electronics,Smartwatch,3,368.86,0.0,,Net Banking,Cancelled,1106.58,False,True,unique,unique
ORD11405,Daniel Rhodes,Male,1980-07-02,christina94@example.org,789.555.4656,United States,South Brianfort,South,28969.0,Home Office,Clothing,Formal Shirt,3,368.27,0.0,2023-01-23,Cash On Delivery,Returned,1104.81,False,True,unique,unique
ORD10410,Timothy Gordon,Female,,heather24@example.org,001-903-867-8812,CANADA,Moralesview,North,27623.0,Corporate,Beauty,Sunscreen SPF50,3,386.78,0.05,,Upi,Delivered,1102.32,False,True,unique,unique
ORD10082,Cheryl Alexander,Male,1980-09-13,avaughn@example.net,001-997-702-8385x78652,United States,Ericaview,West,80464.0,Consumer,Clothing,Running Shoes,5,244.7,0.1,,Credit  Card,Returned,1101.15,False,True,unique,unique
ORD11156,Heidi Donovan,Female,,zthomas@example.com,861-492-7671x37718,United States,Allenstad,West,,Home Office,Sports,Football,3,457.91,0.2,,Net Banking,Returned,1098.98,False,True,unique,unique
ORD11645,Martin Gomez,Male,,soliver@example.org,001-598-441-0400x32730,CANADA,Katieburgh,South,93489.0,Corporate,Books,Kids Story Book,3,404.08,0.1,,Net Banking,Cancelled,1091.02,False,True,unique,unique
ORD10683,Christopher Hammond,Male,1983-04-25,willismichael@example.net,573.947.6427,United States,North Kimberly,East,85071.0,Corporate,Clothing,Men's T-Shirt,3,382.36,0.05,,Net Banking,Shipped,1089.73,False,True,unique,unique
ORD11264,Richard Lawrence,Female,1969-05-24,greg78@example.net,257.933.8133,UNITED STATES,West Matthew,West,82954.0,Corporate,Clothing,Women's Jeans,5,217.77,0.0,2024-10-17,Debit Card,Pending,1088.85,False,True,unique,unique
ORD12863,Nicole Norman,Male,1972-10-11,michaelhunt@example.com,+1-642-510-9438x0547,UNITED KINGDOM,North Adrianachester,East,6993.0,Consumer,Books,Kids Story Book,5,270.77,0.2,,Debit Card,Pending,1083.08,False,True,unique,unique
ORD10327,Angela Edwards,Male,,ryanlong@example.org,+1-429-808-4668x45504,UNITED STATES,Schneiderside,West,82337.0,Home Office,Clothing,Formal Shirt,3,400.77,0.1,2024-07-29,Debit Card,Cancelled,1082.08,False,True,unique,unique
ORD10995,Benjamin Chavez,Male,,wthompson@example.com,+1-899-929-9833x587,India,Hayesburgh,South,49281.0,Consumer,Beauty,Sunscreen SPF50,3,424.22,0.15,,Credit Card,Pending,1081.76,False,True,unique,unique
ORD12399,Evan Hill,Female,,qmayer@example.net,,India,East Anthony,South,74922.0,Consumer,Beauty,Sunscreen SPF50,5,216.24,0.0,,Net Banking,Returned,1081.2,False,True,unique,unique
ORD10169,Michael Gonzalez,Male,,,(744)920-4380,UNITED KINGDOM,New Mirandaside,East,29901.0,Corporate,Home & Kitchen,Storage Box,3,376.31,0.05,,Credit Card,Cancelled,1072.48,False,True,unique,unique
ORD11642,Emily Franco,Male,,jriley@example.com,,United States,Duncanhaven,East,82745.0,Home Office,Sports,Dumbbell Set,5,267.33,0.2,2024-03-18,Credit Card,Returned,1069.32,False,True,unique,unique
ORD10603,Curtis Harrison,Male,,heidi55@example.net,(765)325-4837x44171,UNITED KINGDOM,Port Davidville,East,32346.0,Home Office,Clothing,Running Shoes,5,213.73,0.0,,Debit Card,Shipped,1068.65,False,True,unique,unique
ORD10884,Daniel Kim,,,amandaedwards@example.com,224-255-3129,India,South David,South,,Consumer,Sports,Football,3,356.05,0.0,,Net Banking,Cancelled,1068.15,False,True,unique,unique
ORD10985,Richard Cain,Male,,owensamber@example.com,880.666.4315x8901,United Kingdom,Port Destiny,South,12710.0,Consumer,Sports,Cricket Bat,5,426.89,0.5,,Debit Card,Pending,1067.22,False,True,unique,unique
ORD12373,Michelle Miller,Male,,brownchristopher@example.com,,India,North Jenniferside,East,33795.0,Consumer,Sports,Dumbbell Set,3,417.75,0.15,2023-11-20,Cash On Delivery,Pending,1065.26,False,True,unique,unique
ORD11670,Brenda Molina,Female,,plopez@example.net,,United States,Mikaylaville,East,66272.0,Corporate,Beauty,Face Wash,3,415.87,0.15,2023-09-21,Cash On Delivery,Pending,1060.47,False,True,unique,unique
ORD12583,Sandra Wood,Female,,garycarney@example.org,416-614-3543x491,United States,Elizabethmouth,West,,Home Office,Books,Kids Story Book,5,422.87,0.5,,Cash On Delivery,Delivered,1057.18,False,True,unique,unique
ORD11574,Mr. Corey Olson,Male,,davisnatalie@example.org,+1-371-490-9520x3872,United States,Port Michellestad,North,83986.0,Consumer,Clothing,Formal Shirt,5,248.51,0.15,,Net Banking,Cancelled,1056.17,False,True,unique,unique
ORD10462,Mia Flowers,Female,,yknight@example.com,910-672-7284x9824,India,Port Kennethmouth,West,5868.0,Consumer,Home & Kitchen,LED Lamp,5,263.97,0.2,2023-06-08,Upi,Pending,1055.88,False,True,unique,unique
ORD10965,Joshua Roberts,Female,,stephensonmatthew@example.net,(288)638-2567x262,India,Olsonshire,South,,Corporate,Electronics,Wireless Mouse,3,390.82,0.1,,Cash On Delivery,Cancelled,1055.21,False,True,unique,unique
ORD11289,Dana Jennings,Male,,daviescarrie@example.net,946-612-5360x64004,CANADA,Marshallport,West,74088.0,Consumer,Sports,Dumbbell Set,3,369.52,0.05,2023-10-04,Upi,Cancelled,1053.13,False,True,unique,unique
ORD12928,Margaret Myers,Male,,james99@example.net,+1-239-718-7599,India,Shellyshire,West,85403.0,Consumer,Home & Kitchen,Cushion Cover,3,412.1,0.15,2024-07-06,Credit Card,Returned,1050.86,False,True,unique,unique
ORD10804,Daniel Ball,Female,,tammy94@example.com,+1-295-707-4071x7327,United States,Dawnbury,West,,Consumer,Home & Kitchen,Storage Box,5,221.22,0.05,2024-05-01,Net Banking,Delivered,1050.79,False,True,unique,unique
ORD11458,Julia Clay,,,eric99@example.org,852-830-2999,CANADA,East Andrew,South,,Corporate,Clothing,Running Shoes,5,247.08,0.15,2024-03-14,Credit Card,Delivered,1050.09,False,True,unique,unique
ORD12317,Jenna Duncan,Female,,,+1-381-291-9487x46123,UNITED KINGDOM,East Keithstad,South,44652.0,Corporate,Beauty,Sunscreen SPF50,3,410.92,0.15,2023-03-24,Cash On Delivery,Returned,1047.85,False,True,unique,unique
ORD10402,Donna Webb,Male,,rojasashley@example.org,780-379-7050x9754,CANADA,West Pamelaburgh,West,53200.0,Consumer,Electronics,Earbuds,3,408.04,0.15,,Cash On Delivery,Returned,1040.5,False,True,unique,unique
ORD11734,Ashley Hooper,Female,,thomasgreen@example.org,(913)968-8415,India,Lake Derekland,East,69484.0,Corporate,Beauty,Hair Serum,3,365.07,0.05,,Credit  Card,Cancelled,1040.45,False,True,unique,unique
ORD10158,Andrew Crawford,Male,,arivera@example.org,+1-611-997-2181x14374,India,North Lisaton,East,38586.0,Home Office,Electronics,USB-C Hub,3,346.8,0.0,,Debit Card,Delivered,1040.4,False,True,unique,unique
ORD11935,Sarah Morgan,Male,,aburns@example.net,+1-483-303-8840x16776,India,Lake Andretown,East,64674.0,Home Office,Books,Cook Book,5,244.75,0.15,2024-10-05,Cash On Delivery,Cancelled,1040.19,False,True,unique,unique
ORD12377,Valerie Velasquez,Male,,ucarter@example.com,689.498.7244x46312,United States,New Staceymouth,West,,Consumer,Home & Kitchen,Cushion Cover,3,433.13,0.2,,Upi,Returned,1039.51,False,True,unique,unique
ORD11184,Mark Scott,Female,,tburgess@example.org,818.312.3357,CANADA,Kleinton,South,59285.0,Consumer,Beauty,Face Wash,3,433.09,0.2,,Credit Card,Returned,1039.42,False,True,unique,unique
ORD11010,Shawn Tucker,Male,,aanderson@example.org,859.360.5302,India,Allenstad,South,64223.0,Corporate,Beauty,Face Wash,3,344.2,0.0,,Credit Card,Cancelled,1032.6,False,True,unique,unique
ORD12506,Ashley Gonzalez,Female,,lauramejia@example.com,237-228-2840x1252,India,Johnton,North,74230.0,Consumer,Home & Kitchen,Cushion Cover,3,344.15,0.0,,Credit Card,Delivered,1032.45,False,True,unique,unique
ORD10430,Wendy Davis,Male,,amy17@example.org,,UNITED STATES,Edwardsport,North,21665.0,Home Office,Beauty,Face Wash,5,242.7,0.15,,Cash On Delivery,Pending,1031.47,False,True,unique,unique
ORD11066,Sharon Sanchez,Male,1992-05-14,,+1-752-497-3561,United States,Holdenfurt,West,49119.0,Corporate,Books,Self-Help Book,3,361.81,0.05,,Credit Card,Shipped,1031.16,False,True,unique,unique
ORD12072,Daniel Rice,Male,,hector90@example.org,(649)827-8523,India,West Chadburgh,North,15097.0,Home Office,Beauty,Sunscreen SPF50,3,343.2,0.0,,Cash On Delivery,Cancelled,1029.6,False,True,unique,unique
ORD10621,Garrett Joyce,Female,,,(377)289-4319,United States,New Brendantown,East,36445.0,Home Office,Books,Self-Help Book,3,342.16,0.0,,Upi,Cancelled,1026.48,False,True,unique,unique
ORD10373,Susan Ortega,Male,,cathyjames@example.com,(570)417-1302,United States,East Brittanyborough,South,31474.0,Home Office,Books,Kids Story Book,3,426.74,0.2,,Debit Card,Cancelled,1024.18,False,True,unique,unique
ORD10423,Jessica Brown,Male,1965-09-08,,001-317-592-0252,UNITED STATES,North Ashleychester,South,20124.0,Corporate,Clothing,Running Shoes,3,400.24,0.15,,Net Banking,Cancelled,1020.61,False,True,unique,unique
ORD11266,Katherine Davis,Male,,amanda70@example.net,404-722-4564x119,India,Melissaberg,West,42541.0,Home Office,Books,Kids Story Book,5,202.95,0.0,,Credit Card,Returned,1014.75,False,True,unique,unique
ORD12541,Lisa Brown,Female,,lbass@example.com,4126683156,United Kingdom,North Peter,East,49559.0,Consumer,Sports,Yoga Mat,5,202.62,0.0,,Net Banking,Cancelled,1013.1,False,True,unique,unique
ORD10490,Martha Jacobs,Female,,ihall@example.net,369.329.4455,CANADA,Fisherberg,North,,Home Office,Clothing,Running Shoes,5,202.56,0.0,,Net Banking,Returned,1012.8,False,True,unique,unique
ORD11933,Heather Jackson,Male,2003-10-01,,+1-445-701-4399,UNITED STATES,Andradeshire,South,76385.0,Home Office,Books,Self-Help Book,5,404.5,0.5,2024-10-07,Credit Card,Pending,1011.25,False,True,unique,unique
ORD11301,Andrea Duncan,Female,,tiffanytaylor@example.net,(667)712-6937,India,East Lawrence,East,81097.0,Home Office,Electronics,Laptop Stand,5,404.4,0.5,2023-10-30,Cash On Delivery,Pending,1011.0,False,True,unique,unique
ORD10452,Jennifer Turner,Male,,richard85@example.com,+1-206-247-7159x103,India,North Victoria,North,90625.0,Consumer,Home & Kitchen,LED Lamp,5,252.61,0.2,,Credit  Card,Delivered,1010.44,False,True,unique,unique
ORD10213,Abigail Joyce,Female,,andrew48@example.net,+1-499-621-0752,United States,Pamelabury,South,31040.0,Home Office,Electronics,Bluetooth Speaker,5,252.3,0.2,,Debit Card,Shipped,1009.2,False,True,unique,unique
ORD11494,Michael Solis,Male,,maria59@example.org,(970)776-5094x620,CANADA,Thomasburgh,East,59505.0,Corporate,Sports,Football,3,395.0,0.15,,Upi,Returned,1007.25,False,True,unique,unique
ORD11746,Stephen Brown,Male,2007-08-04,mrogers@example.com,859.475.9809,India,Lake Jane,North,78411.0,Corporate,Home & Kitchen,Blender,5,250.28,0.2,,Upi,Delivered,1001.12,False,True,unique,unique
ORD11650,Kristi Bryant,Male,,srivera@example.net,289-318-5298x3882,United States,Davidshire,North,61686.0,Consumer,Home & Kitchen,Storage Box,3,333.57,0.0,2023-11-19,Net Banking,Pending,1000.71,False,True,unique,unique
ORD12796,Ryan Torres,Male,2007-01-29,nicolejohns@example.com,+1-969-815-3930x5818,United Kingdom,West Aaron,South,56668.0,Consumer,Clothing,Winter Jacket,2,499.94,0.0,,Credit Card,Cancelled,999.88,False,True,unique,unique
ORD12812,Cory Fitzpatrick,Male,,vbrown@example.com,4139334317,CANADA,Cindychester,North,,Corporate,Clothing,Women's Jeans,5,399.78,0.5,,Debit Card,Cancelled,999.45,False,True,unique,unique
ORD11373,James Conley,Female,,davisteresa@example.net,001-905-270-3996x3066,India,West Brittneyview,West,,Home Office,Beauty,Hair Serum,5,234.62,0.15,,Net Banking,Shipped,997.13,False,True,unique,unique
ORD12294,Darryl Campbell,Female,,,(638)616-2266,UNITED STATES,New Deborahville,North,41402.0,Home Office,Books,Self-Help Book,2,498.13,0.0,,Net Banking,Delivered,996.26,False,True,unique,unique
ORD11553,Chris Johnson,,,,,UNITED KINGDOM,Millerburgh,South,99221.0,Home Office,Clothing,Men's T-Shirt,5,248.76,0.2,,Debit Card,Delivered,995.04,False,True,unique,unique
ORD11005,Allison Clark,Male,,katierodgers@example.org,285.488.6407,CANADA,Morrismouth,West,12368.0,Consumer,Books,Cook Book,3,389.82,0.15,2024-12-09,Cash On Delivery,Delivered,994.04,False,True,unique,unique
ORD11749,James Landry,Male,2003-07-19,parksandre@example.com,+1-832-526-5278x254,UNITED KINGDOM,West Christineland,East,97210.0,Corporate,Clothing,Formal Shirt,5,247.49,0.2,2023-09-14,Cash On Delivery,Delivered,989.96,False,True,unique,unique
ORD10720,Connor West,Female,,kurt90@example.net,(395)802-6480,India,Justinton,North,31500.0,Corporate,Clothing,Formal Shirt,2,494.88,0.0,,Cash On Delivery,Cancelled,989.76,False,True,unique,unique
ORD10024,Rebecca Ramsey,Male,,tinaferguson@example.com,001-690-816-2720,India,Jasonmouth,West,44737.0,Home Office,Electronics,Bluetooth Speaker,5,197.79,0.0,,Credit Card,Returned,988.95,False,True,unique,unique
ORD10942,Eric Davis,Male,,wilkinsnicole@example.com,764.727.8961x5738,United States,East Amyland,West,59357.0,Corporate,Home & Kitchen,Blender,3,387.33,0.15,,Cash On Delivery,Returned,987.69,False,True,unique,unique
ORD10939,Michael Jones,Female,,sanchezmelissa@example.com,,United States,North Marc,South,96943.0,Consumer,Clothing,Winter Jacket,3,365.68,0.1,2023-03-26,Cash On Delivery,Shipped,987.34,False,True,unique,unique
ORD10839,Laura Walton,Male,,kford@example.net,,India,Sullivanshire,West,69080.0,Consumer,Books,Fiction Novel,2,493.46,0.0,,Debit Card,Delivered,986.92,False,True,unique,unique
ORD11513,Samantha Johnson,Male,,hernandezchristine@example.net,+1-344-469-8886x6594,UNITED STATES,Lopezville,North,32914.0,Consumer,Home & Kitchen,LED Lamp,5,218.94,0.1,,Cash On Delivery,Delivered,985.23,False,True,unique,unique
ORD11784,Kelly Warner,Male,,moralesjessica@example.org,671-351-1142,India,West Jacqueline,West,66135.0,Home Office,Sports,Yoga Mat,2,492.01,0.0,,Credit Card,Pending,984.02,False,True,unique,unique
ORD10701,Kerry Hendricks,Male,,jessicarichardson@example.net,001-688-224-5279x050,United States,Johnborough,South,27886.0,Consumer,Sports,Dumbbell Set,5,217.9,0.1,,Net Banking,Cancelled,980.55,False,True,unique,unique
ORD12955,Tammy Mercer,Male,,,,UNITED STATES,Grayport,East,56577.0,Corporate,Clothing,Women's Jeans,3,326.32,0.0,,Credit  Card,Delivered,978.96,False,True,unique,unique
ORD12201,April Scott,Female,,matthew43@example.org,697-419-7204x0932,UNITED STATES,Kimberlyton,West,3701.0,Corporate,Books,Self-Help Book,5,195.75,0.0,,Credit Card,Pending,978.75,False,True,unique,unique
ORD10842,Charles Donaldson,Male,,,848-567-6497x9741,UNITED STATES,Zamorachester,West,91022.0,Corporate,Beauty,Face Wash,2,489.0,0.0,,Credit Card,Pending,978.0,False,True,unique,unique
ORD11818,Nicole Holt,Female,,guzmanpatricia@example.org,(742)859-9317x6970,United Kingdom,Floresville,North,3929.0,Home Office,Sports,Yoga Mat,2,488.12,0.0,,Credit Card,Cancelled,976.24,False,True,unique,unique
ORD11662,Melinda West,,1961-01-03,pgoodwin@example.net,(707)315-4818,India,East Mallory,South,14321.0,Consumer,Beauty,Hair Serum,3,339.52,0.05,,Upi,Shipped,967.63,False,True,unique,unique
ORD11869,Nicholas Hernandez,Male,1981-02-20,melissa09@example.com,349-809-1009,CANADA,Kellyshire,West,42847.0,Home Office,Electronics,USB-C Hub,3,357.36,0.1,2023-08-14,Credit Card,Pending,964.87,False,True,unique,unique
ORD11185,Stacey Turner,Female,,bmurray@example.org,+1-962-963-6785x08989,United States,Kristenstad,East,80884.0,Corporate,Home & Kitchen,Blender,5,203.09,0.05,2023-07-19,Cash On Delivery,Pending,964.68,False,True,unique,unique
ORD12912,Kelsey Patterson,Female,,allison50@example.org,813.774.4715,UNITED STATES,East Loriville,East,,Corporate,Electronics,Bluetooth Speaker,2,482.27,0.0,,Cash On Delivery,Pending,964.54,False,True,unique,unique
ORD10173,Jaime Lang,Female,,phillipsdenise@example.com,811.328.8013x36138,United States,North Stephen,West,,Corporate,Electronics,Laptop Stand,3,401.79,0.2,,Credit Card,Delivered,964.3,False,True,unique,unique
ORD11792,David Wade,Female,,urobles@example.org,909-637-0118x596,CANADA,Lake Christineburgh,East,,Corporate,Books,Fiction Novel,3,321.15,0.0,,Upi,Delivered,963.45,False,True,unique,unique
ORD11799,Michael Conway,,,christopherflores@example.org,+1-813-630-1075x35024,United States,Jenniferville,West,22852.0,Corporate,Clothing,Women's Jeans,5,192.33,0.0,,Debit Card,Delivered,961.65,False,True,unique,unique
ORD10529,Sara Hamilton,,1966-03-10,ashleycooley@example.net,883.405.9736x42480,UNITED KINGDOM,Josephchester,West,27650.0,Home Office,Beauty,Lipstick Set,3,319.95,0.0,,Upi,Cancelled,959.85,False,True,unique,unique
ORD12526,Paul Walsh,Male,1982-04-27,evansnoah@example.net,001-866-289-8239x7327,India,Port Alicia,North,91699.0,Consumer,Sports,Football,2,479.37,0.0,,Upi,Pending,958.74,False,True,unique,unique
ORD10849,Anthony Johnson,Male,,daniel13@example.net,256.858.9635x957,United Kingdom,New Chelsealand,South,34722.0,Corporate,Sports,Football,2,478.49,0.0,,Net Banking,Shipped,956.98,False,True,unique,unique
ORD11087,Andrew Miller,Female,,andrewwalker@example.com,680.537.8912x1397,India,Carlsontown,North,42304.0,Corporate,Clothing,Formal Shirt,3,318.97,0.0,,Cash On Delivery,Delivered,956.91,False,True,unique,unique
ORD12821,Ryan Campbell,Male,,braykirsten@example.net,001-379-888-5760,India,Sloanfurt,West,90566.0,Home Office,Books,Kids Story Book,3,334.81,0.05,,Upi,Shipped,954.21,False,True,unique,unique
ORD12254,Sara Weeks,Male,,josephguerra@example.org,(957)229-9766x56206,UNITED KINGDOM,New Jesse,South,,Corporate,Clothing,Running Shoes,2,476.98,0.0,2024-12-15,Net Banking,Delivered,953.96,False,True,unique,unique
ORD11770,Shelley Friedman,Female,,joshua39@example.com,,India,West Toddview,East,11850.0,Home Office,Books,Self-Help Book,3,316.98,0.0,2024-09-19,Cash On Delivery,Delivered,950.94,False,True,unique,unique
ORD10778,Jillian Carrillo,Female,,nfleming@example.net,477-263-3427,UNITED STATES,Port Marissa,North,,Home Office,Clothing,Men's T-Shirt,2,475.44,0.0,2024-01-29,Credit  Card,Pending,950.88,False,True,unique,unique
ORD10783,Victoria Fernandez,Male,,gregory23@example.net,+1-939-272-8339x1218,United Kingdom,Moraburgh,South,74763.0,Corporate,Home & Kitchen,LED Lamp,2,475.1,0.0,,Cash On Delivery,Shipped,950.2,False,True,unique,unique
ORD12123,Jessica Holmes,Male,,stevenyoung@example.org,+1-618-781-5675x4135,India,Dorothymouth,West,83964.0,Corporate,Beauty,Hair Serum,2,474.95,0.0,2024-08-12,Credit  Card,Shipped,949.9,False,True,unique,unique
ORD11613,Preston Miller,Male,,hayden46@example.org,,United States,West Charlesville,West,,Corporate,Beauty,Face Wash,2,499.54,0.05,2023-03-31,Debit Card,Cancelled,949.13,False,True,unique,unique
ORD11616,Jonathan Taylor,Male,1980-01-06,rebecca37@example.net,,India,Caseport,South,27447.0,Home Office,Books,Self-Help Book,3,351.16,0.1,2024-06-27,Credit  Card,Shipped,948.13,False,True,unique,unique
ORD10711,Laura Bender,Female,,qkane@example.com,+1-799-871-8428,CANADA,East Mark,South,,Home Office,Electronics,Laptop Stand,2,473.56,0.0,2023-03-17,Cash On Delivery,Returned,947.12,False,True,unique,unique
ORD12723,Blake White,Female,,samuel45@example.net,951-873-3016x548,United States,Shaneland,East,49202.0,Consumer,Books,Fiction Novel,5,222.83,0.15,,Cash On Delivery,Delivered,947.03,False,True,unique,unique
ORD10878,Jimmy Sanders,Female,,smithamy@example.com,,UNITED STATES,Michaelville,East,29525.0,Corporate,Beauty,Lipstick Set,3,394.33,0.2,,Debit Card,Pending,946.39,False,True,unique,unique
ORD10871,Christine Wiggins Dds,Male,,jasonwebb@example.net,385-518-6267,United States,Arnoldville,South,608.0,Home Office,Electronics,Smartwatch,5,198.98,0.05,2024-12-11,Credit Card,Pending,945.16,False,True,unique,unique
ORD12750,Anne Rogers,Male,,ashley24@example.org,,India,Rodriguezfurt,South,44812.0,Corporate,Beauty,Sunscreen SPF50,2,472.43,0.0,2023-08-24,Cash On Delivery,Delivered,944.86,False,True,unique,unique
ORD11214,David Norton,Female,1985-11-23,fhatfield@example.org,(854)946-0539x260,India,Sarahfurt,North,,Home Office,Sports,Yoga Mat,2,496.91,0.05,,Credit  Card,Pending,944.13,False,True,unique,unique
ORD10838,Christine Morris,Female,,linda07@example.org,(904)326-2019,India,Lake Dorothy,West,20118.0,Corporate,Electronics,Laptop Stand,2,472.01,0.0,,Debit Card,Delivered,944.02,False,True,unique,unique
ORD10431,Heather Jones,Female,,escott@example.com,001-772-719-7054x66927,United States,Christopherchester,West,,Consumer,Books,Self-Help Book,2,496.31,0.05,,Credit  Card,Pending,942.99,False,True,unique,unique
ORD12534,Aaron Green,Male,,roger50@example.org,209.354.1852x03971,India,West Katelynborough,West,29050.0,Home Office,Electronics,USB-C Hub,5,221.86,0.15,,Debit Card,Delivered,942.91,False,True,unique,unique
ORD11541,Nicholas Gutierrez,Male,,melissa55@example.org,658.626.8295x081,India,East Laurenberg,West,,Home Office,Books,Kids Story Book,2,471.17,0.0,,Debit Card,Cancelled,942.34,False,True,unique,unique
ORD11240,Mark Wilkinson,Male,,cwolf@example.org,724.396.7574,CANADA,West Amyside,East,6161.0,Home Office,Sports,Dumbbell Set,3,348.95,0.1,2024-03-04,Upi,Returned,942.16,False,True,unique,unique
ORD10216,James Miller,Male,,kathleencastillo@example.org,369.338.9833x1465,UNITED STATES,Hendersonstad,West,25468.0,Consumer,Clothing,Women's Jeans,2,470.52,0.0,,Upi,Delivered,941.04,False,True,unique,unique
ORD11045,Lucas Atkins,Male,1998-03-07,wendylee@example.com,001-770-277-3123x155,India,Scottton,South,47356.0,Consumer,Home & Kitchen,Non-stick Pan,2,470.04,0.0,2023-04-03,Credit Card,Shipped,940.08,False,True,unique,unique
ORD12485,Brittany Cisneros,Female,,,981.469.0358x32232,UNITED KINGDOM,West Jonathon,North,35618.0,Home Office,Electronics,Earbuds,3,313.26,0.0,,Cash On Delivery,Cancelled,939.78,False,True,unique,unique
ORD12543,Melissa Harrington,Male,,idiaz@example.org,(730)834-8990,CANADA,Stephanieborough,North,11201.0,Consumer,Clothing,Men's T-Shirt,3,329.63,0.05,,Credit Card,Pending,939.45,False,True,unique,unique
ORD11250,Emily Wilson,Male,,kathleenweaver@example.net,9706051028,CANADA,Gailberg,South,3280.0,Consumer,Home & Kitchen,Non-stick Pan,5,220.91,0.15,2023-04-18,Upi,Returned,938.87,False,True,unique,unique
ORD12196,Billy Crosby,Female,,nwarner@example.com,,United States,Jorgebury,West,81142.0,Consumer,Beauty,Lipstick Set,3,368.16,0.15,,Debit Card,Delivered,938.81,False,True,unique,unique
ORD12646,Ricky Morrison,Female,,yluna@example.org,424-427-8412x8761,CANADA,Hesterburgh,East,37147.0,Consumer,Home & Kitchen,Non-stick Pan,3,328.96,0.05,,Upi,Pending,937.54,False,True,unique,unique
ORD10226,Stephen Ayala,Male,,robertoaustin@example.org,001-882-877-1812x982,United States,Shannonburgh,West,,Corporate,Sports,Football,3,367.54,0.15,,Net Banking,Cancelled,937.23,False,True,unique,unique
ORD11498,Rebecca Cross,Male,1998-02-26,michaelwilliams@example.com,367-448-6735,India,South Jessicaview,East,67294.0,Corporate,Books,Cook Book,5,220.49,0.15,,Cash On Delivery,Cancelled,937.08,False,True,unique,unique
ORD10412,William Mayo,Male,1970-09-05,smithmichael@example.net,(751)584-2694x500,United States,Gregorytown,North,70937.0,Home Office,Books,Kids Story Book,2,492.27,0.05,2024-04-24,Upi,Returned,935.31,False,True,unique,unique
ORD11579,Gail Collins,Female,,taylor12@example.com,,India,Pattersonmouth,East,90067.0,Home Office,Sports,Cricket Bat,3,310.98,0.0,,Upi,Delivered,932.94,False,True,unique,unique
ORD12615,William Phillips,Female,,ashley40@example.net,+1-470-854-7209x26465,UNITED KINGDOM,Loveview,South,62278.0,Consumer,Beauty,Sunscreen SPF50,5,372.8,0.5,,Debit Card,Returned,932.0,False,True,unique,unique
ORD12535,Lauren Brown,,,loriwilliams@example.net,(400)487-6848x65584,United Kingdom,Jacksonmouth,South,58152.0,Consumer,Sports,Cricket Bat,3,387.09,0.2,,Credit  Card,Delivered,929.02,False,True,unique,unique
ORD12121,Hannah Johnson,Female,,debbie71@example.org,484.644.0027x4894,United States,Sharonmouth,West,80118.0,Consumer,Books,Kids Story Book,2,464.27,0.0,2024-08-25,Upi,Pending,928.54,False,True,unique,unique
ORD12312,Frank Snow,Female,,beckchase@example.org,3224123955,United States,Port Lisahaven,East,,Home Office,Books,Self-Help Book,2,463.99,0.0,,Cash On Delivery,Cancelled,927.98,False,True,unique,unique
ORD10337,David Wilson,Male,,justinwhite@example.org,(246)620-9520,UNITED KINGDOM,Garciaberg,West,54610.0,Home Office,Electronics,USB-C Hub,3,308.86,0.0,,Credit Card,Shipped,926.58,False,True,unique,unique
ORD12152,Thomas Morris,Female,1995-08-16,cory38@example.com,836-274-6161,India,Josephbury,South,59834.0,Consumer,Home & Kitchen,LED Lamp,2,461.46,0.0,2024-05-12,Net Banking,Delivered,922.92,False,True,unique,unique
ORD10041,Michael White,Male,1969-01-01,pharvey@example.com,001-623-474-7407,India,South Sierrashire,West,39711.0,Consumer,Home & Kitchen,LED Lamp,5,230.4,0.2,,Net Banking,Pending,921.6,False,True,unique,unique
ORD10822,Mary Duncan,Male,,,738.253.2472,CANADA,Amandabury,East,32682.0,Home Office,Clothing,Men's T-Shirt,2,460.65,0.0,,Net Banking,Pending,921.3,False,True,unique,unique
ORD11102,Danielle Goodwin,,1987-09-13,morganwarner@example.org,524.465.9866,UNITED KINGDOM,Fischerside,East,94034.0,Corporate,Clothing,Men's T-Shirt,5,204.41,0.1,2023-07-08,Credit Card,Shipped,919.84,False,True,unique,unique
ORD12610,Susan Park,Female,,stephensashley@example.org,,UNITED STATES,Fernandezfurt,West,30952.0,Home Office,Sports,Dumbbell Set,2,459.74,0.0,,Net Banking,Shipped,919.48,False,True,unique,unique
ORD10264,Jackson Clark,Male,,vwilliams@example.org,+1-922-707-8113,CANADA,Gonzalezmouth,West,,Home Office,Home & Kitchen,Cushion Cover,2,459.66,0.0,,Net Banking,Delivered,919.32,False,True,unique,unique
ORD10552,Jerry Gilmore,Male,,charles95@example.com,460.669.4096x00356,UNITED STATES,New Emily,West,43311.0,Corporate,Sports,Yoga Mat,5,215.82,0.15,,Credit Card,Cancelled,917.23,False,True,unique,unique
ORD12734,Jessica Valentine,Female,,hbenson@example.org,4475202888,CANADA,Hartfort,North,855.0,Corporate,Beauty,Lipstick Set,3,321.39,0.05,2024-07-13,Credit Card,Delivered,915.96,False,True,unique,unique
ORD10554,Cameron Bailey,Male,,sarah33@example.com,(364)833-5027,UNITED STATES,South Mikaylaborough,North,50362.0,Consumer,Sports,Cricket Bat,2,456.85,0.0,,Cash On Delivery,Delivered,913.7,False,True,unique,unique
ORD11311,Jason Thomas,Female,,zacharywillis@example.com,815-305-0969,India,North Mark,North,,Corporate,Clothing,Formal Shirt,2,456.15,0.0,,Net Banking,Pending,912.3,False,True,unique,unique
ORD11319,Nicole Macias,Female,,williamgross@example.net,+1-286-281-8439x763,CANADA,South Johnshire,West,37799.0,Home Office,Electronics,Bluetooth Speaker,2,455.49,0.0,2024-03-25,Credit Card,Pending,910.98,False,True,unique,unique
ORD11751,Brenda Boyd,Female,,arthur70@example.com,430-369-6721,United States,Paulbury,South,72956.0,Corporate,Clothing,Women's Jeans,2,453.62,0.0,,Upi,Shipped,907.24,False,True,unique,unique
ORD11245,Amanda Fernandez,Female,,karlmartin@example.org,,India,North Kristin,South,,Corporate,Beauty,Hair Serum,2,451.38,0.0,2023-06-07,Debit Card,Returned,902.76,False,True,unique,unique
ORD10590,Jennifer Herrera,Female,,daniel16@example.org,387-332-8077,CANADA,North Marissa,North,,Corporate,Electronics,USB-C Hub,3,376.09,0.2,,Credit Card,Delivered,902.62,False,True,unique,unique
ORD10427,Nicole Parker,Female,,,,UNITED KINGDOM,East Josephshire,East,74530.0,Home Office,Books,Self-Help Book,5,180.49,0.0,,Credit Card,Delivered,902.45,False,True,unique,unique
ORD10237,Nichole Johnson,Female,,manuellee@example.com,+1-257-314-2241,UNITED STATES,New Michael,South,42245.0,Consumer,Books,Fiction Novel,2,474.73,0.05,,Debit Card,Delivered,901.99,False,True,unique,unique
ORD10875,Stephanie Martin,Male,,emily07@example.net,629-390-7472x9669,India,Andrewsfurt,West,63996.0,Home Office,Clothing,Women's Jeans,2,473.88,0.05,,Debit Card,Shipped,900.37,False,True,unique,unique
ORD12811,James Farley,,1981-05-07,laurageorge@example.net,7082973036,United States,Mcdonaldchester,East,57856.0,Corporate,Beauty,Face Wash,3,300.08,0.0,,Credit Card,Shipped,900.24,False,True,unique,unique
ORD10031,Todd Woods,Female,,kvasquez@example.net,+1-502-829-4131x86999,United States,Kerrport,East,77640.0,Home Office,Beauty,Hair Serum,3,352.91,0.15,,Credit Card,Delivered,899.92,False,True,unique,unique
ORD12077,Robert Larson,,,santosleah@example.com,567.875.5005x35760,UNITED KINGDOM,Clarkfurt,North,9408.0,Consumer,Sports,Yoga Mat,2,449.05,0.0,,Debit Card,Pending,898.1,False,True,unique,unique
ORD10346,Julie Ward,Female,,brandonhull@example.net,,United States,Stewartfurt,West,26008.0,Home Office,Electronics,Smartwatch,2,448.68,0.0,2023-09-02,Cash On Delivery,Pending,897.36,False,True,unique,unique
ORD11408,Allison Gonzalez,Female,1965-03-29,xcarter@example.net,+1-658-910-4573x46694,India,Lake Susan,West,31146.0,Consumer,Beauty,Sunscreen SPF50,2,498.02,0.1,,Upi,Cancelled,896.44,False,True,unique,unique
ORD11340,Tara Hall,Female,,antoniosmith@example.net,(797)559-9747,UNITED STATES,Morrismouth,West,,Home Office,Books,Cook Book,2,447.69,0.0,,Net Banking,Delivered,895.38,False,True,unique,unique
ORD11681,Brooke Lawson,Male,,rosaleskatherine@example.com,,India,Lake Derek,West,98783.0,Home Office,Electronics,Earbuds,2,447.51,0.0,,Net Banking,Returned,895.02,False,True,unique,unique
ORD11984,Veronica Clark,Female,,ipetersen@example.com,373.992.0244x4073,United States,New Denisetown,North,,Home Office,Sports,Yoga Mat,2,447.33,0.0,,Upi,Returned,894.66,False,True,unique,unique
ORD12379,Jodi Alvarez,Male,1964-04-23,potterjamie@example.org,001-660-673-4784x3267,United States,Nelsonbury,West,10675.0,Home Office,Books,Fiction Novel,2,446.65,0.0,2024-07-20,Cash On Delivery,Delivered,893.3,False,True,unique,unique
ORD10223,Carlos Johnson,Male,,catherine93@example.net,930.751.7289,United States,Port Paul,West,62609.0,Corporate,Beauty,Sunscreen SPF50,2,468.43,0.05,2023-04-11,Net Banking,Delivered,890.02,False,True,unique,unique
ORD10959,Lisa Bean,Female,,tammymorales@example.org,374.595.4210x6294,CANADA,Petersonville,West,,Home Office,Electronics,USB-C Hub,2,444.69,0.0,,Net Banking,Delivered,889.38,False,True,unique,unique
ORD12305,Dennis Clark,,,vzamora@example.net,8477353522,United States,Brittanyton,North,45586.0,Corporate,Sports,Football,3,348.77,0.15,2024-09-20,Net Banking,Cancelled,889.36,False,True,unique,unique
ORD11143,John Stephens,Male,,cgonzalez@example.com,(812)215-7562x6412,United States,Aliciahaven,East,86353.0,Home Office,Home & Kitchen,Cushion Cover,2,444.64,0.0,,Credit Card,Delivered,889.28,False,True,unique,unique
ORD12877,Jessica Mclean,Male,,,(967)703-7070x10955,CANADA,New Nicole,North,95718.0,Home Office,Electronics,Laptop Stand,5,177.23,0.0,,Credit Card,Pending,886.15,False,True,unique,unique
ORD12934,Timothy Hernandez,Female,,jeffreyfrancis@example.org,,CANADA,Williamsborough,East,,Corporate,Books,Fiction Novel,3,294.92,0.0,,Credit  Card,Delivered,884.76,False,True,unique,unique
ORD12203,Kimberly Chapman,Male,,williamskevin@example.org,001-482-272-4495,United States,Reyesshire,South,82880.0,Home Office,Electronics,USB-C Hub,5,352.59,0.5,,Cash On Delivery,Returned,881.47,False,True,unique,unique
ORD10240,Melissa Davis,Male,,oruiz@example.org,+1-345-762-5577x017,United States,Murrayburgh,South,37497.0,Home Office,Electronics,Earbuds,2,439.95,0.0,,Credit  Card,Returned,879.9,False,True,unique,unique
ORD11253,Cindy Nichols,Male,,fwilliams@example.com,979-223-2671x48581,United Kingdom,West Bradleyville,West,74621.0,Home Office,Beauty,Face Wash,5,351.89,0.5,2023-11-12,Net Banking,Delivered,879.72,False,True,unique,unique
ORD12291,Christian Diaz,Male,,igutierrez@example.org,001-758-900-0589x5381,India,Michelleton,South,,Home Office,Home & Kitchen,Cushion Cover,3,344.71,0.15,,Cash On Delivery,Delivered,879.01,False,True,unique,unique
ORD11144,Kevin Fitzpatrick,Female,,christophercollier@example.org,6397951670,India,Lake Markshire,North,71260.0,Consumer,Beauty,Face Wash,2,439.07,0.0,,Credit  Card,Returned,878.14,False,True,unique,unique
ORD11860,Susan Brown,Female,,tchapman@example.net,,UNITED STATES,West George,West,88579.0,Corporate,Beauty,Face Wash,3,292.4,0.0,,Upi,Cancelled,877.2,False,True,unique,unique
ORD12836,Brendan Webb,Female,,ricardopalmer@example.com,234.453.3843,United Kingdom,Guzmanhaven,East,67332.0,Corporate,Electronics,USB-C Hub,2,438.0,0.0,,Net Banking,Shipped,876.0,False,True,unique,unique
ORD10833,Hector Bruce,Female,,,+1-638-882-1764,India,Gonzalezmouth,East,99296.0,Corporate,Sports,Cricket Bat,2,437.7,0.0,,Net Banking,Shipped,875.4,False,True,unique,unique
ORD10856,Danielle Goodman,Male,,jason12@example.org,001-698-947-2303x4202,UNITED KINGDOM,Port Bonnietown,South,12411.0,Consumer,Home & Kitchen,Cushion Cover,3,323.74,0.1,2023-11-28,Credit Card,Pending,874.1,False,True,duplicates,duplicates
ORD11262,Justin Andrews,Female,1994-05-08,reynoldsmegan@example.com,744-627-8735,United States,Lake Samanthaburgh,West,84557.0,Consumer,Home & Kitchen,Non-stick Pan,2,436.7,0.0,,Upi,Returned,873.4,False,True,unique,unique
ORD12215,Drew Olson,Male,,stevenjackson@example.com,700-329-5963,UNITED STATES,Bellton,West,48504.0,Home Office,Clothing,Winter Jacket,5,183.46,0.05,,Debit Card,Returned,871.44,False,True,unique,unique
ORD12949,Troy Cook,,,,001-442-723-6532x7147,United Kingdom,South Sherryberg,North,26197.0,Corporate,Books,Cook Book,2,457.99,0.05,,Cash On Delivery,Shipped,870.18,False,True,unique,unique
ORD12087,Ryan Powell,Male,1963-09-20,elewis@example.org,387.831.4031,UNITED KINGDOM,Perryville,West,56101.0,Home Office,Sports,Dumbbell Set,2,482.45,0.1,,Net Banking,Shipped,868.41,False,True,unique,unique
ORD12289,Monique Huynh,Female,,vargasanthony@example.com,(447)814-2432x11190,United States,Gillberg,West,,Consumer,Sports,Yoga Mat,2,456.72,0.05,2023-06-21,Credit  Card,Cancelled,867.77,False,True,unique,unique
ORD10662,Cheryl Jackson,Female,,lrodriguez@example.com,,India,Port Cheyenneberg,East,9013.0,Corporate,Home & Kitchen,Non-stick Pan,2,481.78,0.1,,Cash On Delivery,Delivered,867.2,False,True,unique,unique
ORD10758,Anthony Castillo,Male,,mariahgill@example.com,(938)299-4991,CANADA,Lake Lynnview,West,22146.0,Corporate,Clothing,Formal Shirt,3,287.9,0.0,,Cash On Delivery,Returned,863.7,False,True,unique,unique
ORD10673,Robin Lewis,Female,,vayala@example.net,237-287-6553,India,Lopezshire,North,,Home Office,Beauty,Sunscreen SPF50,2,453.78,0.05,2023-09-17,Credit  Card,Delivered,862.18,False,True,unique,unique
ORD10956,Mary Nielsen,Male,,brookemartin@example.org,(443)490-4489x093,India,Susanbury,West,,Consumer,Sports,Cricket Bat,3,319.13,0.1,,Cash On Delivery,Returned,861.65,False,True,unique,unique
ORD12802,Lisa Scott,Male,,whitney14@example.org,563.525.5861,United States,Lake Jason,South,46086.0,Consumer,Sports,Dumbbell Set,2,430.16,0.0,2023-11-09,Upi,Returned,860.32,False,True,unique,unique
ORD11287,Derrick Brown,Female,,walkermichaela@example.com,,UNITED STATES,Jonathanshire,South,,Consumer,Home & Kitchen,LED Lamp,3,301.85,0.05,,Net Banking,Pending,860.27,False,True,unique,unique
ORD12068,Christine Fernandez,Female,,smithcynthia@example.org,723.341.6099x09757,India,Rossshire,East,2922.0,Corporate,Clothing,Formal Shirt,5,171.99,0.0,2023-12-31,Cash On Delivery,Shipped,859.95,False,True,unique,unique
ORD11026,Mr. Joshua Ramirez,Female,,scottrobin@example.net,(509)495-5049x32664,CANADA,Lake Jeffrey,West,77896.0,Home Office,Electronics,Bluetooth Speaker,5,202.26,0.15,,Net Banking,Returned,859.6,False,True,unique,unique
ORD11472,Jacob Farmer,Male,1970-01-19,davismike@example.org,(502)564-0093,UNITED KINGDOM,Sanchezshire,West,,Corporate,Clothing,Running Shoes,3,357.7,0.2,2023-02-01,Cash On Delivery,Cancelled,858.48,False,True,unique,unique
ORD11040,Jonathan Riley,Male,2007-09-03,jeremyshelton@example.net,,India,North Jeanettechester,West,,Home Office,Books,Fiction Novel,5,342.98,0.5,2023-08-19,Upi,Cancelled,857.45,False,True,unique,unique
ORD10348,Kelly Young,Male,,oduran@example.com,001-211-900-6512,UNITED STATES,West Cherylchester,East,9124.0,Home Office,Books,Kids Story Book,3,316.57,0.1,,Upi,Cancelled,854.74,False,True,unique,unique
ORD12787,Amber Gray,Female,,nguyentiffany@example.net,(858)970-4253x776,India,East Mary,North,36050.0,Home Office,Beauty,Lipstick Set,2,427.21,0.0,2024-03-04,Upi,Cancelled,854.42,False,True,unique,unique
ORD11830,Troy Higgins,Female,,plawrence@example.net,689.949.1286x72877,India,Calhounland,South,7317.0,Home Office,Clothing,Running Shoes,3,284.48,0.0,,Upi,Shipped,853.44,False,True,unique,unique
ORD10782,Nancy Lara,Male,,,(698)982-9045x79271,India,West Nicholas,West,5275.0,Consumer,Home & Kitchen,LED Lamp,2,426.31,0.0,,Net Banking,Pending,852.62,False,True,unique,unique
ORD10370,Brandi Thompson,Male,,tiffany71@example.com,,CANADA,New Rhondamouth,West,,Consumer,Sports,Yoga Mat,2,425.72,0.0,2023-10-07,Cash On Delivery,Pending,851.44,False,True,unique,unique
ORD12297,Kristin Ibarra,Female,1977-03-21,,+1-658-243-1357,CANADA,Parkerview,West,,Corporate,Beauty,Sunscreen SPF50,2,425.11,0.0,,Upi,Delivered,850.22,False,True,unique,unique
ORD12897,Jennifer Miller,Male,,cummingsanthony@example.net,001-229-563-8026x492,United Kingdom,West Danielburgh,East,22751.0,Corporate,Clothing,Winter Jacket,2,424.83,0.0,2024-06-26,Cash On Delivery,Delivered,849.66,False,True,unique,unique
ORD11532,William Rodgers,Male,,,753-778-4205,UNITED STATES,Katelynmouth,South,,Corporate,Home & Kitchen,LED Lamp,2,499.25,0.15,2023-07-14,Net Banking,Returned,848.72,False,True,unique,unique
ORD12582,Alexis Thomas,Female,,amy35@example.org,,United States,Thompsonport,West,,Home Office,Books,Cook Book,5,169.72,0.0,,Debit Card,Cancelled,848.6,False,True,unique,unique
ORD10556,Jason Nixon,Female,,,(241)464-3167x045,India,East Anne,East,17271.0,Corporate,Home & Kitchen,LED Lamp,5,339.26,0.5,2024-01-14,Upi,Cancelled,848.15,False,True,unique,unique
ORD11691,Danielle Cooper,Female,,uweaver@example.net,608-504-1756,India,South Melissaburgh,East,,Corporate,Beauty,Sunscreen SPF50,3,353.3,0.2,,Cash On Delivery,Pending,847.92,False,True,unique,unique
ORD11815,Denise Reese,Female,,mmahoney@example.net,(697)259-1448,India,New Donnafurt,West,45033.0,Consumer,Home & Kitchen,Cushion Cover,2,497.83,0.15,,Debit Card,Pending,846.31,False,True,unique,unique
ORD10329,Leslie Allen,Female,,hbenitez@example.net,6542851017,United States,Morganbury,East,98249.0,Corporate,Clothing,Formal Shirt,2,497.63,0.15,,Credit  Card,Pending,845.97,False,True,unique,unique
ORD12004,Raymond Gonzalez Dds,Female,1986-07-20,samanthacox@example.com,001-688-816-0353x41765,United States,Port Joseville,North,,Home Office,Electronics,Bluetooth Speaker,3,352.05,0.2,,Net Banking,Pending,844.92,False,True,unique,unique
ORD12439,Christine Villegas,Male,,brandon09@example.org,5065956981,CANADA,North Raymond,East,77715.0,Consumer,Sports,Dumbbell Set,2,469.19,0.1,2024-12-01,Upi,Shipped,844.54,False,True,unique,unique
ORD12523,David Benson,Female,,myersterri@example.com,001-476-450-2942x501,UNITED STATES,West Suestad,East,,Corporate,Clothing,Winter Jacket,2,422.08,0.0,,Net Banking,Shipped,844.16,False,True,unique,unique
ORD10851,Matthew Smith,Female,,aklein@example.net,,United States,Harringtonside,West,,Corporate,Beauty,Lipstick Set,2,494.91,0.15,,Net Banking,Cancelled,841.35,False,True,unique,unique
ORD10254,Barbara Gates,Female,,pauladominguez@example.com,871-774-6542x1406,UNITED STATES,West Stephanieview,West,23822.0,Consumer,Sports,Football,3,279.81,0.0,,Cash On Delivery,Returned,839.43,False,True,unique,unique
ORD12715,Lisa Harris,Female,,,001-774-489-5642,CANADA,Morganborough,North,12327.0,Home Office,Electronics,Wireless Mouse,3,279.63,0.0,2023-11-20,Credit Card,Shipped,838.89,False,True,unique,unique
ORD12686,Kristin Martin,Male,1973-09-18,markmorrison@example.net,(513)433-1695x432,United States,Robertbury,North,46473.0,Corporate,Clothing,Formal Shirt,2,419.35,0.0,2023-09-17,Credit  Card,Shipped,838.7,False,True,unique,unique
ORD10752,Lisa Wood,Female,,nathan62@example.org,371-324-7601x080,United Kingdom,East Anthonychester,North,73094.0,Consumer,Sports,Dumbbell Set,2,492.04,0.15,,Credit Card,Cancelled,836.47,False,True,unique,unique
ORD10601,Ebony Mcguire,Male,,carrie70@example.net,001-262-954-3848,United States,Rebeccaton,West,85619.0,Consumer,Sports,Dumbbell Set,2,417.99,0.0,,Credit  Card,Pending,835.98,False,True,unique,unique
ORD11980,Colin Johnson,Male,,cynthia32@example.net,+1-626-920-5555x628,UNITED STATES,Patrickstad,North,96607.0,Corporate,Clothing,Men's T-Shirt,3,348.27,0.2,2024-11-05,Debit Card,Delivered,835.85,False,True,unique,unique
ORD10115,Debra Daniels,Female,,wolfscott@example.org,(713)840-7451x71339,India,New Donald,West,27583.0,Home Office,Beauty,Hair Serum,5,185.68,0.1,,Credit Card,Pending,835.56,False,True,unique,unique
ORD12519,Peter Cunningham,Female,,,,India,Port Michaelmouth,North,77556.0,Consumer,Home & Kitchen,Cushion Cover,2,417.68,0.0,2023-04-20,Credit Card,Returned,835.36,False,True,unique,unique
ORD10035,Brian Martin,Male,,zroberts@example.net,2719545168,United States,Brownhaven,North,47920.0,Home Office,Electronics,Earbuds,2,462.34,0.1,,Net Banking,Cancelled,832.21,False,True,unique,unique
ORD11108,Alexandra Gonzalez,Female,,melindabowers@example.net,,CANADA,Gonzalezville,South,9330.0,Corporate,Clothing,Winter Jacket,5,332.37,0.5,2024-12-22,Cash On Delivery,Returned,830.92,False,True,unique,unique
ORD11729,Rhonda Patton,Male,,ericsherman@example.com,001-552-755-8767,India,South Taraland,South,98296.0,Home Office,Electronics,Earbuds,3,291.51,0.05,,Cash On Delivery,Shipped,830.8,False,True,unique,unique
ORD10944,Andrew Brown,Male,,gharris@example.com,556-347-8370,CANADA,Stewartbury,North,69979.0,Corporate,Clothing,Men's T-Shirt,2,414.47,0.0,,Cash On Delivery,Delivered,828.94,False,True,unique,unique
ORD12187,Debra Schwartz,Male,,hzamora@example.com,9187811133,India,East James,East,35359.0,Home Office,Electronics,Bluetooth Speaker,5,331.56,0.5,,Credit Card,Shipped,828.9,False,True,unique,unique
ORD11811,Jeffrey Parker,Female,1972-12-14,smithpamela@example.org,5466454976,UNITED KINGDOM,Bellstad,South,53753.0,Home Office,Books,Self-Help Book,5,206.89,0.2,,Cash On Delivery,Returned,827.56,False,True,unique,unique
ORD12984,Kayla Franklin,Male,,qperez@example.com,535-946-8196x62300,India,South James,West,,Corporate,Books,Self-Help Book,5,165.49,0.0,,Debit Card,Returned,827.45,False,True,unique,unique
ORD12569,Nicole Clark,,,clarkchristine@example.net,,India,East Jason,North,8118.0,Corporate,Books,Fiction Novel,2,413.15,0.0,,Credit Card,Delivered,826.3,False,True,unique,unique
ORD11474,Regina Stevenson,Female,1986-09-11,william12@example.com,(666)247-4264,United States,Stevenside,East,25945.0,Consumer,Beauty,Lipstick Set,2,412.54,0.0,,Net Banking,Pending,825.08,False,True,unique,unique
ORD10508,Chris Jones,Female,2007-06-30,jacqueline31@example.net,751.209.7921x583,India,West Justin,North,56359.0,Consumer,Home & Kitchen,Non-stick Pan,2,456.46,0.1,,Credit Card,Delivered,821.63,False,True,unique,unique
ORD12114,Alison Moore,Female,,yzhang@example.com,001-713-842-0457x81314,India,Lake Nathan,South,,Home Office,Beauty,Hair Serum,2,483.13,0.15,,Net Banking,Delivered,821.32,False,True,unique,unique
ORD11547,Michael Sanchez,Male,,qvargas@example.net,(345)949-5957x81273,CANADA,Erinberg,West,58100.0,Corporate,Electronics,Earbuds,2,409.99,0.0,2024-06-16,Credit Card,Cancelled,819.98,False,True,unique,unique
ORD10514,Bonnie Barnes,Male,,ramosjennifer@example.com,,United States,Port Amyborough,North,86366.0,Home Office,Electronics,Earbuds,3,272.52,0.0,,Credit Card,Delivered,817.56,False,True,unique,unique
ORD12852,Curtis Mitchell,Male,,zdavis@example.org,680-288-0574x9875,United States,West Kathryn,North,,Consumer,Home & Kitchen,Non-stick Pan,2,480.54,0.15,2023-06-27,Credit Card,Shipped,816.92,False,True,unique,unique
ORD11050,Cristina Thompson Md,Female,,casey54@example.net,896.960.7344,CANADA,Paulville,West,45770.0,Consumer,Clothing,Formal Shirt,5,326.27,0.5,2024-06-26,Cash On Delivery,Returned,815.68,False,True,unique,unique
ORD10968,Dennis Guerra,Female,,mccartymichael@example.org,,United States,North Thomas,East,37861.0,Corporate,Clothing,Winter Jacket,2,429.13,0.05,,Credit  Card,Delivered,815.35,False,True,unique,unique
ORD12687,Jon Black,Female,1969-12-19,eburnett@example.com,(604)439-7188,India,Singletonfurt,West,,Corporate,Sports,Yoga Mat,3,271.75,0.0,2024-06-12,Credit Card,Returned,815.25,False,True,unique,unique
ORD12988,Shelby Lopez,Female,,joshuali@example.org,508.991.2294,CANADA,Lake Victoriaton,East,14532.0,Corporate,Home & Kitchen,LED Lamp,2,479.47,0.15,,Net Banking,Returned,815.1,False,True,unique,unique
ORD10542,Natalie Salas,Female,,griffinalexandra@example.org,523-337-2094x841,United Kingdom,New Kevin,West,27728.0,Home Office,Sports,Yoga Mat,2,477.9,0.15,,Net Banking,Pending,812.43,False,True,unique,unique
ORD11924,Mark Duke,Female,,william46@example.net,820-718-1902x3201,United States,New Alexatown,East,53712.0,Corporate,Home & Kitchen,Storage Box,2,477.57,0.15,2024-06-27,Credit Card,Cancelled,811.87,False,True,unique,unique
ORD11459,Susan Howard,Female,,joseph03@example.org,399.415.4027x320,India,Jasonside,North,43277.0,Corporate,Electronics,Bluetooth Speaker,2,476.58,0.15,,Credit Card,Pending,810.19,False,True,unique,unique
ORD10420,Michael Turner,Male,,nancy47@example.net,(341)802-2526x771,India,Duanemouth,South,,Home Office,Books,Self-Help Book,3,284.0,0.05,,Debit Card,Pending,809.4,False,True,unique,unique
ORD10484,Matthew Ingram,Male,,ashley54@example.org,270.370.7057x836,India,Pennyside,South,41661.0,Consumer,Books,Kids Story Book,5,170.36,0.05,,Credit  Card,Delivered,809.21,False,True,unique,unique
ORD12709,Frank Cole,Male,,greenmatthew@example.com,462.333.1931,India,New Davidton,North,28930.0,Consumer,Sports,Football,5,189.9,0.15,,Debit Card,Cancelled,807.08,False,True,unique,unique
ORD12996,Patricia Padilla,Male,,,897-496-9781,CANADA,Jamesville,West,99813.0,Home Office,Home & Kitchen,Storage Box,5,189.71,0.15,2023-07-17,Cash On Delivery,Shipped,806.27,False,True,unique,unique
ORD11820,Ronald Oliver,,1990-07-03,stephen52@example.com,,United States,Holderborough,East,64806.0,Home Office,Books,Self-Help Book,3,282.85,0.05,,Debit Card,Pending,806.12,False,True,unique,unique
ORD12169,Tracy Thomas,Female,,,759.914.5090x9039,United Kingdom,New Patty,South,81203.0,Home Office,Electronics,Earbuds,5,320.97,0.5,2023-06-26,Debit Card,Cancelled,802.42,False,True,unique,unique
ORD10055,Amber Foster,,,harrissierra@example.org,001-744-351-0762x26838,United Kingdom,Hensleyton,East,57677.0,Consumer,Home & Kitchen,Storage Box,3,334.23,0.2,,Credit Card,Delivered,802.15,False,True,unique,unique
ORD11699,Sierra Johnston Dds,Male,,gonzalesjason@example.com,6645272990,CANADA,South Rebekahchester,West,61037.0,Corporate,Home & Kitchen,LED Lamp,2,445.3,0.1,,Net Banking,Pending,801.54,False,True,unique,unique
ORD10111,Joel Salinas,Male,,daniellereynolds@example.org,001-393-479-6603x3419,United Kingdom,Markmouth,West,,Home Office,Electronics,Smartwatch,2,400.04,0.0,2023-03-25,Credit  Card,Pending,800.08,False,True,unique,unique
ORD11090,Margaret Sweeney,Female,1974-10-18,steve72@example.com,,India,New Julianburgh,South,32009.0,Corporate,Clothing,Women's Jeans,2,469.83,0.15,,Debit Card,Pending,798.71,False,True,unique,unique
ORD11321,Natasha Taylor,Female,,justin34@example.com,,United States,Victoriaville,South,90858.0,Consumer,Home & Kitchen,Storage Box,2,497.3,0.2,2023-10-13,Debit Card,Shipped,795.68,False,True,unique,unique
ORD10974,Jeffrey Rogers,Male,1970-01-09,,(494)879-0254x8536,United States,West Haleyburgh,North,,Consumer,Sports,Cricket Bat,2,397.67,0.0,,Net Banking,Delivered,795.34,False,True,unique,unique
ORD12096,Shaun Davis,Male,,williamcummings@example.net,339.890.1505x95476,United States,Lake Courtneyfurt,East,67722.0,Corporate,Electronics,Bluetooth Speaker,2,496.85,0.2,,Net Banking,Shipped,794.96,False,True,unique,unique
ORD10663,Brooke Parsons,,,sobrien@example.com,6658277584,India,Romanbury,East,41044.0,Corporate,Beauty,Lipstick Set,3,331.01,0.2,,Cash On Delivery,Returned,794.42,False,True,unique,unique
ORD11735,Maria Brown,Male,,,(717)965-5892x23552,UNITED STATES,Port Vanessachester,South,26054.0,Corporate,Sports,Football,5,167.24,0.05,,Upi,Pending,794.39,False,True,unique,unique
ORD11469,Christina Bauer,,,wlyons@example.com,,United States,Hicksside,North,,Home Office,Books,Cook Book,2,495.98,0.2,,Credit Card,Delivered,793.57,False,True,unique,unique
ORD11839,Gregory Williams,,,perezelizabeth@example.net,(326)684-9704x24169,CANADA,Port Rebecca,West,1232.0,Consumer,Clothing,Formal Shirt,3,311.11,0.15,,Credit  Card,Delivered,793.33,False,True,unique,unique
ORD11999,Michael Davis,Female,,zthomas@example.net,843.509.6474x2932,United States,Alexandratown,North,79673.0,Home Office,Books,Fiction Novel,2,417.05,0.05,,Upi,Cancelled,792.4,False,True,unique,unique
ORD11462,Greg Pitts,Male,,xjennings@example.net,,United States,West Rebeccashire,South,5877.0,Home Office,Electronics,Earbuds,3,263.84,0.0,2023-06-27,Upi,Delivered,791.52,False,True,unique,unique
ORD12530,Carlos Thomas,Female,,johnsonrichard@example.com,+1-675-421-0084x865,India,Ericamouth,West,,Corporate,Clothing,Winter Jacket,2,416.29,0.05,,Upi,Returned,790.95,False,True,unique,unique
ORD11196,Michael Walter,Male,,tiffanyboone@example.net,001-812-318-5273x4114,United States,East Christopher,South,84533.0,Corporate,Books,Fiction Novel,2,494.23,0.2,,Upi,Shipped,790.77,False,True,unique,unique
ORD11023,Carl Cole,Female,,sheilaperry@example.net,806.264.7070x38503,CANADA,Christinaburgh,East,82277.0,Home Office,Books,Cook Book,2,415.62,0.05,,Cash On Delivery,Pending,789.68,False,True,unique,unique
ORD10904,Juan Castro,Female,,,364-903-4398,CANADA,New Terry,East,,Corporate,Home & Kitchen,Blender,2,415.26,0.05,,Credit Card,Cancelled,788.99,False,True,unique,unique
ORD11680,Andrea Hart,Male,1998-12-25,kellychang@example.org,(702)488-1520,India,Port Scottfurt,North,72268.0,Corporate,Books,Self-Help Book,2,492.78,0.2,2023-01-03,Credit  Card,Returned,788.45,False,True,unique,unique
ORD12242,Brett Whitehead,Male,,tsherman@example.net,440-526-2180x60363,CANADA,Jodiside,South,,Home Office,Sports,Football,2,394.16,0.0,2023-08-26,Upi,Shipped,788.32,False,True,unique,unique
ORD10365,Tracy Allen,Female,,nicole84@example.net,737-868-1511,India,Martinborough,East,,Home Office,Books,Self-Help Book,2,490.16,0.2,2024-01-05,Upi,Shipped,784.26,False,True,unique,unique
ORD10755,Aaron Gonzalez,Female,,catherinemoore@example.com,966-262-1591x832,United States,North Tinafurt,South,54870.0,Consumer,Clothing,Women's Jeans,2,391.36,0.0,,Net Banking,Delivered,782.72,False,True,unique,unique
ORD12009,Patricia Dixon,Female,1960-12-06,aaroncook@example.org,982.386.8722x030,UNITED STATES,Port Amychester,West,75356.0,Corporate,Clothing,Winter Jacket,2,459.97,0.15,2024-06-22,Cash On Delivery,Delivered,781.95,False,True,unique,unique
ORD12132,Robert Johnson,Male,,sierramoreno@example.com,(223)877-5044,CANADA,Lake Jacob,East,37025.0,Corporate,Books,Kids Story Book,2,488.62,0.2,,Upi,Pending,781.79,False,True,unique,unique
ORD11942,Joshua Holland,Male,2003-03-23,jeffrey30@example.org,685-378-1656x0880,CANADA,Port Stephanieberg,South,37371.0,Home Office,Sports,Yoga Mat,2,458.15,0.15,,Credit Card,Shipped,778.85,False,True,unique,unique
ORD12048,Taylor Ferguson,Male,1991-10-29,harveypatricia@example.com,912.625.2649,India,Dunnton,North,57499.0,Corporate,Beauty,Sunscreen SPF50,2,432.68,0.1,2023-11-16,Credit Card,Shipped,778.82,False,True,unique,unique
ORD11338,Dr. Jacob Williams,Male,,,707-940-4336,India,Chavezberg,West,85450.0,Home Office,Books,Fiction Novel,2,457.8,0.15,,Net Banking,Pending,778.26,False,True,unique,unique
ORD12549,Cheryl Martin,Male,,matthewlopez@example.org,574.969.0338x471,CANADA,West Allisonfort,West,90511.0,Home Office,Beauty,Hair Serum,3,259.21,0.0,2024-06-03,Credit Card,Cancelled,777.63,False,True,unique,unique
ORD10946,Adam Delgado,Male,,douglasdougherty@example.net,453.586.7625,United Kingdom,Bowenfort,South,80111.0,Home Office,Books,Kids Story Book,2,485.98,0.2,2023-02-08,Net Banking,Shipped,777.57,False,True,unique,unique
ORD12438,Traci Carroll,,1995-11-01,wadecathy@example.net,819.278.5517x91543,CANADA,West Michael,South,94047.0,Home Office,Home & Kitchen,LED Lamp,5,172.67,0.1,,Credit Card,Returned,777.02,False,True,unique,unique
ORD10573,Michael Bell,Female,,kari25@example.org,439-848-8488,CANADA,East Clarencefurt,North,35021.0,Corporate,Beauty,Lipstick Set,3,323.71,0.2,,Upi,Cancelled,776.9,False,True,unique,unique
ORD12701,William Fischer,Female,,cherylkhan@example.org,,CANADA,West Anthonychester,West,22127.0,Home Office,Electronics,Laptop Stand,2,485.48,0.2,2024-03-09,Debit Card,Cancelled,776.77,False,True,unique,unique
ORD10599,George Thompson,Male,,rachelhernandez@example.com,589-362-8874,India,South Colton,South,5662.0,Corporate,Sports,Yoga Mat,3,272.03,0.05,,Credit Card,Cancelled,775.29,False,True,unique,unique
ORD12331,Stacy Smith,Male,1979-10-17,tylersmith@example.org,+1-849-614-1052x6963,India,South Sarah,North,,Home Office,Clothing,Men's T-Shirt,2,407.75,0.05,,Debit Card,Shipped,774.72,False,True,unique,unique
ORD12279,Danny Le,Female,,jeremiah45@example.org,(449)496-1077x9977,United Kingdom,East Heidi,South,40802.0,Corporate,Home & Kitchen,Storage Box,2,386.95,0.0,2024-09-27,Net Banking,Returned,773.9,False,True,unique,unique
ORD10608,Mrs. Laurie Williams Md,Male,,ynguyen@example.com,877.722.6602x562,UNITED STATES,South Laceyburgh,South,20297.0,Consumer,Clothing,Formal Shirt,2,454.87,0.15,,Net Banking,Delivered,773.28,False,True,unique,unique
ORD10660,Samuel Mitchell,Female,,matthewharper@example.net,(211)911-0286x7120,United Kingdom,North Dennis,East,,Home Office,Books,Fiction Novel,2,386.37,0.0,,Debit Card,Pending,772.74,False,True,unique,unique
ORD11939,Jennifer Pearson,Male,,scruz@example.net,460-651-9170,India,Port John,East,,Consumer,Home & Kitchen,Cushion Cover,3,302.82,0.15,,Debit Card,Delivered,772.19,False,True,unique,unique
ORD12617,Alexander Calhoun,,,iparker@example.org,,India,East John,West,,Corporate,Beauty,Lipstick Set,2,428.99,0.1,,Upi,Delivered,772.18,False,True,unique,unique
ORD11788,Bryan Johns,Male,,donna62@example.com,001-882-223-0642x11684,United States,New Lindsay,North,,Consumer,Beauty,Sunscreen SPF50,2,385.46,0.0,,Net Banking,Returned,770.92,False,True,unique,unique
ORD12846,Julian Castaneda,Female,,melissa64@example.com,8364324286,UNITED KINGDOM,South Corey,North,,Consumer,Home & Kitchen,Storage Box,3,256.18,0.0,,Net Banking,Shipped,768.54,False,True,unique,unique
ORD12329,Kayla Morris,Female,,kfarmer@example.org,001-449-365-7758x335,India,Smithfurt,North,39062.0,Home Office,Sports,Cricket Bat,2,384.24,0.0,2023-01-05,Net Banking,Pending,768.48,False,True,unique,unique
ORD10911,Jamie Williams,Male,,riostyler@example.org,404-354-6171,CANADA,Flowersmouth,West,,Home Office,Books,Self-Help Book,3,255.37,0.0,,Debit Card,Shipped,766.11,False,True,unique,unique
ORD12546,Gary Mcconnell,Male,,angela07@example.org,001-407-984-5845x84022,India,Krausetown,East,17491.0,Consumer,Sports,Cricket Bat,2,382.22,0.0,,Debit Card,Cancelled,764.44,False,True,unique,unique
ORD10126,Ashley Yang,Male,,sanchezthomas@example.com,(720)686-3536,India,New Nathanhaven,South,88755.0,Corporate,Books,Cook Book,2,381.93,0.0,,Net Banking,Returned,763.86,False,True,unique,unique
ORD10493,Nathan Ramirez,Male,,kennethpeterson@example.net,689.786.4565x22036,CANADA,West Justinville,West,38229.0,Home Office,Books,Fiction Novel,3,299.2,0.15,,Credit Card,Delivered,762.96,False,True,unique,unique
ORD11576,David Ryan,Male,,youngdawn@example.com,298-941-4202x48435,India,Miguelborough,East,97166.0,Consumer,Home & Kitchen,Blender,2,400.82,0.05,2024-09-24,Debit Card,Cancelled,761.56,False,True,unique,unique
ORD11972,Jennifer Simmons,Female,,johnsonchristopher@example.org,731.952.4041,United States,Willieview,North,91621.0,Consumer,Clothing,Men's T-Shirt,3,298.54,0.15,,Cash On Delivery,Pending,761.28,False,True,unique,unique
ORD10566,Jennifer Woods,Male,,aaron48@example.net,439-891-0622x7236,United States,Vargasbury,West,46429.0,Home Office,Books,Fiction Novel,3,253.64,0.0,,Upi,Pending,760.92,False,True,unique,unique
ORD10433,Sabrina Rodriguez,Female,,lowerysandra@example.com,,India,South Mark,East,42088.0,Consumer,Beauty,Lipstick Set,2,474.42,0.2,,Credit Card,Delivered,759.07,False,True,unique,unique
ORD12814,John Watts,Male,,tammywatson@example.com,,UNITED STATES,North Kara,East,11996.0,Home Office,Electronics,Bluetooth Speaker,2,379.46,0.0,2023-03-07,Upi,Shipped,758.92,False,True,unique,unique
ORD10183,Jennifer Costa,Male,,stacey37@example.net,772.936.9292x9842,India,East Nicholasberg,East,14731.0,Consumer,Books,Cook Book,2,378.03,0.0,,Credit Card,Shipped,756.06,False,True,unique,unique
ORD10574,Hector Anderson,Female,,christina15@example.org,,United States,Mckenziebury,East,72326.0,Consumer,Books,Self-Help Book,3,251.9,0.0,,Debit Card,Delivered,755.7,False,True,unique,unique
ORD11695,Paul Davenport,Male,,nelsonkevin@example.org,3402756023,UNITED STATES,Edwardston,South,58766.0,Consumer,Sports,Dumbbell Set,2,377.0,0.0,,Credit Card,Delivered,754.0,False,True,unique,unique
ORD12097,Eric Rasmussen,Male,,evelyn46@example.net,7139143360,CANADA,Jamesville,West,,Corporate,Electronics,USB-C Hub,2,470.87,0.2,,Credit Card,Pending,753.39,False,True,unique,unique
ORD10921,Brendan Khan,,,heather58@example.org,,CANADA,Edwardtown,North,25288.0,Consumer,Beauty,Hair Serum,2,376.29,0.0,2024-04-09,Credit  Card,Shipped,752.58,False,True,unique,unique
ORD11809,Anthony Rosario,,,beltransamantha@example.net,,India,Robertview,West,1761.0,Home Office,Sports,Yoga Mat,2,376.12,0.0,2024-02-16,Cash On Delivery,Returned,752.24,False,True,unique,unique
ORD12352,Tanya Benson,Male,,mariestewart@example.com,(341)365-6667x1571,India,North Sharon,West,,Corporate,Electronics,Bluetooth Speaker,3,250.4,0.0,2023-01-14,Credit  Card,Returned,751.2,False,True,unique,unique
ORD10609,Brandon Myers,Male,1967-10-18,james76@example.org,784-333-7976x6270,United Kingdom,West Janiceport,North,19044.0,Home Office,Sports,Yoga Mat,3,499.72,0.5,2023-06-21,Net Banking,Cancelled,749.58,False,True,unique,unique
ORD12230,Angela Diaz,Male,,garcialance@example.org,715-581-6231,India,Ethanland,North,15332.0,Consumer,Beauty,Lipstick Set,2,374.63,0.0,,Upi,Cancelled,749.26,False,True,unique,unique
ORD10263,Ms. Julie Sims,Female,,leelaura@example.net,,UNITED KINGDOM,Jimenezburgh,South,88337.0,Consumer,Books,Kids Story Book,3,249.68,0.0,2024-11-04,Credit  Card,Shipped,749.04,False,True,unique,unique
ORD12837,Anthony Joseph,,2004-04-05,gordongrace@example.org,+1-756-845-9803x4405,India,Jessicastad,West,10852.0,Home Office,Home & Kitchen,Storage Box,3,499.28,0.5,,Credit Card,Returned,748.92,False,True,unique,unique
ORD10100,Joseph Ochoa,Female,,zmiller@example.com,001-833-941-0166,India,Lake Albertburgh,South,11338.0,Consumer,Beauty,Face Wash,2,371.57,0.0,,Net Banking,Cancelled,743.14,False,True,unique,unique
ORD11940,Nicholas Lewis,Male,,jonestara@example.net,334-313-5716x826,UNITED KINGDOM,Lake Yolandamouth,West,50538.0,Consumer,Books,Fiction Novel,2,389.56,0.05,,Net Banking,Pending,740.16,False,True,unique,unique
ORD11620,Ryan Taylor,Male,,fwalker@example.org,786.615.9528,UNITED STATES,Hesterfort,North,,Corporate,Books,Fiction Novel,3,308.11,0.2,,Net Banking,Pending,739.46,False,True,unique,unique
ORD11835,Tammy Brown,,,melissa43@example.com,+1-604-771-1800,UNITED KINGDOM,North Patriciabury,West,9682.0,Home Office,Books,Self-Help Book,2,433.91,0.15,,Debit Card,Cancelled,737.65,False,True,unique,unique
ORD10592,Jeanne Hernandez,Female,,perezcourtney@example.com,+1-270-371-3984x82285,India,South Apriltown,South,81580.0,Home Office,Electronics,Wireless Mouse,2,433.84,0.15,,Upi,Cancelled,737.53,False,True,unique,unique
ORD10895,Joshua Hill Dvm,Male,1988-04-08,rojaschristina@example.net,,India,Port Daniel,South,,Consumer,Home & Kitchen,Non-stick Pan,3,245.71,0.0,,Net Banking,Pending,737.13,False,True,unique,unique
ORD10844,Jessica Rodriguez,Female,,derrick63@example.com,305.497.0255,United States,South Robert,East,27550.0,Home Office,Books,Cook Book,3,245.62,0.0,,Cash On Delivery,Shipped,736.86,False,True,unique,unique
ORD12136,Casey Lopez,Male,,hodgeschase@example.com,451.425.9272x91694,India,Port Catherine,North,46133.0,Corporate,Home & Kitchen,Blender,2,408.76,0.1,,Debit Card,Pending,735.77,False,True,unique,unique
ORD10629,Bryan Duffy,Male,,wolfekevin@example.com,(934)769-9799x070,United States,Anthonyfort,West,50800.0,Consumer,Sports,Football,3,490.16,0.5,,Upi,Shipped,735.24,False,True,unique,unique
ORD10241,Bethany Garcia,Female,,nguyendebra@example.com,+1-476-996-3938,United Kingdom,Jonesborough,East,91472.0,Corporate,Clothing,Women's Jeans,2,431.98,0.15,,Cash On Delivery,Cancelled,734.37,False,True,unique,unique
ORD12730,Cody Cruz,Female,,wmatthews@example.com,639-757-0016,United States,Lake Dustinview,South,83094.0,Consumer,Electronics,Laptop Stand,2,367.16,0.0,,Net Banking,Pending,734.32,False,True,unique,unique
ORD12778,Krystal Fischer,,,craiglee@example.org,661-355-2241x1341,India,South Jessica,South,74730.0,Corporate,Sports,Cricket Bat,5,183.52,0.2,2023-04-08,Credit Card,Shipped,734.08,False,True,unique,unique
ORD12500,Christopher Murray,Male,,canderson@example.com,898-746-0534,United Kingdom,Mitchellton,East,,Home Office,Books,Cook Book,5,172.71,0.15,,Upi,Cancelled,734.02,False,True,unique,unique
ORD11783,Jon Fleming,Female,2005-03-28,rbenson@example.com,,CANADA,South Traci,East,41907.0,Consumer,Sports,Dumbbell Set,3,271.69,0.1,2024-01-20,Cash On Delivery,Delivered,733.56,False,True,unique,unique
ORD12386,Kaitlyn Parks Dvm,Female,1962-07-10,haroldmcneil@example.com,822.208.9395,United Kingdom,West Rogerland,East,,Corporate,Electronics,USB-C Hub,2,366.62,0.0,,Net Banking,Cancelled,733.24,False,True,unique,unique
ORD10852,Rick Hinton,Female,1991-11-08,ashleyramirez@example.net,,India,East Olivialand,East,85256.0,Consumer,Home & Kitchen,Non-stick Pan,5,183.25,0.2,,Debit Card,Pending,733.0,False,True,unique,unique
ORD12898,Richard Miller,Male,,pthompson@example.net,(357)483-6368,UNITED KINGDOM,North Mark,West,,Corporate,Clothing,Winter Jacket,3,488.34,0.5,,Debit Card,Delivered,732.51,False,True,unique,unique
ORD10004,Patty Perez,Female,,richard13@example.net,001-653-876-7242x388,India,Coxberg,South,67285.0,Consumer,Home & Kitchen,Non-stick Pan,2,457.0,0.2,,Upi,Pending,731.2,False,True,unique,unique
ORD11630,Jessica Ortega,,,christopherruiz@example.net,+1-802-910-9367,United States,Loganmouth,East,,Consumer,Beauty,Sunscreen SPF50,2,365.32,0.0,,Debit Card,Pending,730.64,False,True,unique,unique
ORD11880,David Douglas,Female,,davidcook@example.org,5799804707,India,Simpsonmouth,West,21876.0,Consumer,Clothing,Men's T-Shirt,2,429.68,0.15,,Credit Card,Cancelled,730.46,False,True,unique,unique
ORD10487,Matthew Ruiz,Female,,martinbradley@example.org,001-701-593-5889,India,Rivaston,North,86623.0,Consumer,Sports,Dumbbell Set,2,455.61,0.2,,Net Banking,Pending,728.98,False,True,unique,unique
ORD11558,Justin Shelton,Male,1992-11-08,velliott@example.net,(485)874-9110x667,CANADA,Stefaniehaven,North,59168.0,Corporate,Beauty,Lipstick Set,2,383.52,0.05,,Credit  Card,Shipped,728.69,False,True,unique,unique
ORD12774,Alyssa Young,Male,,chapmanjoseph@example.net,001-697-245-0097x064,CANADA,Kellerland,West,,Corporate,Clothing,Women's Jeans,2,383.34,0.05,,Debit Card,Shipped,728.35,False,True,unique,unique
ORD10181,Deborah Stephens,Male,,pdiaz@example.org,946.438.6557x79082,CANADA,North Xavier,East,37307.0,Corporate,Home & Kitchen,Storage Box,3,485.39,0.5,,Upi,Shipped,728.08,False,True,unique,unique
ORD12108,David Warner,Female,1989-05-07,sarah26@example.org,,United Kingdom,North Paul,West,54624.0,Corporate,Beauty,Sunscreen SPF50,2,403.14,0.1,,Upi,Shipped,725.65,False,True,unique,unique
ORD10416,Alex Serrano,Female,,,+1-302-531-4290x0185,CANADA,South Kathleen,West,58739.0,Corporate,Beauty,Sunscreen SPF50,5,152.69,0.05,2024-08-18,Credit Card,Shipped,725.28,False,True,unique,unique
ORD11908,Tim Sherman,Female,,flewis@example.org,779.598.7080,United States,New Savannah,North,72689.0,Corporate,Beauty,Hair Serum,2,452.82,0.2,2024-06-23,Debit Card,Pending,724.51,False,True,unique,unique
ORD11531,Mr. Gary Lee,,,john62@example.org,(644)293-3927x195,UNITED KINGDOM,Perezmouth,South,55613.0,Corporate,Sports,Dumbbell Set,2,425.99,0.15,,Upi,Shipped,724.18,False,True,unique,unique
ORD10727,Valerie Simpson,Female,,nweaver@example.net,,CANADA,Wagnerberg,West,,Corporate,Clothing,Men's T-Shirt,2,361.84,0.0,,Net Banking,Cancelled,723.68,False,True,unique,unique
ORD11937,Jennifer Coleman,Male,1975-09-11,,,India,Webershire,East,,Home Office,Books,Kids Story Book,2,425.38,0.15,,Net Banking,Cancelled,723.15,False,True,unique,unique
ORD12589,Ellen Lawson,Female,1987-09-18,gregoryrichardson@example.org,+1-439-475-3175x2861,CANADA,Yvetteton,West,4814.0,Home Office,Books,Fiction Novel,2,360.78,0.0,,Debit Card,Pending,721.56,False,True,unique,unique
ORD10862,Jamie Romero,,,jake77@example.com,+1-926-963-2956x342,India,Floresburgh,West,21474.0,Corporate,Sports,Yoga Mat,2,448.71,0.2,,Cash On Delivery,Shipped,717.94,False,True,unique,unique
ORD12941,Philip Torres,Female,1997-02-13,mannjohn@example.com,213-373-2022,United States,Perezside,West,23431.0,Home Office,Electronics,Bluetooth Speaker,2,446.45,0.2,,Credit Card,Returned,714.32,False,True,unique,unique
ORD11467,Jennifer Gonzalez,Female,,lisa13@example.com,,United States,South Rebeccaton,East,7825.0,Corporate,Sports,Yoga Mat,2,357.11,0.0,2023-09-05,Upi,Shipped,714.22,False,True,unique,unique
ORD11522,Christine Barker,Male,1965-11-12,johnsonrobert@example.com,513-963-6590x50417,India,East John,South,18105.0,Corporate,Home & Kitchen,LED Lamp,2,375.19,0.05,,Debit Card,Delivered,712.86,False,True,unique,unique
ORD12066,John Gonzales,,,ramirezmargaret@example.com,+1-831-257-5229x5083,United Kingdom,New Brian,North,,Consumer,Beauty,Hair Serum,5,142.5,0.0,,Debit Card,Pending,712.5,False,True,unique,unique
ORD12333,Nancy Raymond,Male,1987-01-03,lisagallegos@example.org,(667)319-9614,CANADA,Davidmouth,East,46990.0,Consumer,Sports,Football,3,296.04,0.2,,Upi,Delivered,710.5,False,True,unique,unique
ORD11959,Leah Bennett,Male,,,,India,New Stevenmouth,West,68334.0,Corporate,Sports,Football,2,394.42,0.1,,Credit  Card,Pending,709.96,False,True,unique,unique
ORD11244,Jessica Alexander,Female,,taylor39@example.net,(726)337-7927x11073,United Kingdom,New Carla,West,,Corporate,Electronics,USB-C Hub,2,354.77,0.0,,Credit  Card,Cancelled,709.54,False,True,unique,unique
ORD10351,Kayla Pearson,,1977-10-08,dylanparker@example.com,550-589-2038x8065,United States,Port Casey,East,25320.0,Consumer,Sports,Football,2,416.95,0.15,,Credit Card,Delivered,708.82,False,True,unique,unique
ORD10664,Joel Warner,Female,1962-05-14,matthewsdavid@example.org,,India,Martinezland,West,37525.0,Home Office,Electronics,Smartwatch,2,442.96,0.2,,Upi,Shipped,708.74,False,True,unique,unique
ORD12098,Thomas Cooper,Female,,beckyblake@example.com,+1-919-869-0913x641,UNITED KINGDOM,Stephanieshire,West,17387.0,Consumer,Sports,Football,2,372.97,0.05,,Upi,Pending,708.64,False,True,unique,unique
ORD12851,Patrick Miller,Male,,alexanderdaniels@example.net,858.363.8040x441,India,Sullivanville,South,,Corporate,Electronics,Wireless Mouse,3,294.93,0.2,,Credit Card,Delivered,707.83,False,True,unique,unique
ORD10646,Jeffrey Bailey,Male,,timothy23@example.net,,UNITED KINGDOM,Port Barry,South,50497.0,Corporate,Beauty,Lipstick Set,2,415.74,0.15,,Upi,Shipped,706.76,False,True,unique,unique
ORD10270,Faith Johnson,Male,1981-01-15,helen98@example.net,819.750.8501,India,Harveystad,South,48530.0,Consumer,Home & Kitchen,Blender,2,392.35,0.1,,Cash On Delivery,Shipped,706.23,False,True,unique,unique
ORD10535,Alison Guzman,Female,,marnold@example.org,953.927.3524x103,UNITED KINGDOM,Lake Carrie,South,,Consumer,Home & Kitchen,Storage Box,2,371.55,0.05,2024-12-23,Cash On Delivery,Shipped,705.94,False,True,unique,unique
ORD10845,Blake Edwards,Male,1974-07-08,cheryl54@example.com,,CANADA,Wrightmouth,North,,Corporate,Clothing,Winter Jacket,5,141.18,0.0,,Credit Card,Cancelled,705.9,False,True,unique,unique
ORD10694,Christopher Hill,Female,,johnsonalexander@example.org,001-700-215-2911x37178,United States,Lake Edwardstad,South,41506.0,Home Office,Home & Kitchen,Non-stick Pan,3,235.22,0.0,,Net Banking,Returned,705.66,False,True,unique,unique
ORD12239,Lisa Bailey,,,durhamrobin@example.com,+1-625-562-7396,CANADA,Port David,North,,Consumer,Books,Cook Book,3,470.42,0.5,,Upi,Shipped,705.63,False,True,unique,unique
ORD12335,Michael Richardson,Male,1968-09-29,ericrogers@example.com,990.388.5069x03034,United Kingdom,East Brandonfort,North,28363.0,Corporate,Books,Cook Book,2,441.0,0.2,,Credit Card,Pending,705.6,False,True,unique,unique
ORD11109,Samantha Johnson,Female,,vancejennifer@example.net,884-226-4833x3679,United States,Lake Amber,South,53646.0,Consumer,Beauty,Sunscreen SPF50,2,371.17,0.05,,Debit Card,Returned,705.22,False,True,unique,unique
ORD11105,Alison Russell,Male,1967-03-24,benjaminbeth@example.net,(556)785-1206x27672,CANADA,New Scottborough,North,34239.0,Consumer,Sports,Yoga Mat,3,293.68,0.2,,Credit Card,Shipped,704.83,False,True,unique,unique
ORD12915,Richard West,Male,,bridget23@example.org,,India,Danieltown,West,83445.0,Home Office,Sports,Yoga Mat,3,469.36,0.5,,Credit Card,Pending,704.04,False,True,unique,unique
ORD12425,Christina Mercer,Male,,philipreese@example.org,641-645-2878x47590,UNITED STATES,Campbellland,West,58537.0,Corporate,Clothing,Running Shoes,5,156.42,0.1,,Net Banking,Returned,703.89,False,True,unique,unique
ORD12491,Meghan Ellis,,,stevenrodgers@example.net,,CANADA,East Juliaton,West,,Consumer,Home & Kitchen,Non-stick Pan,5,147.77,0.05,,Debit Card,Returned,701.91,False,True,unique,unique
ORD10819,Christopher Bradley,Female,,sheilabarnes@example.org,305.868.5667x06362,CANADA,Michaelport,South,76681.0,Home Office,Sports,Cricket Bat,2,350.95,0.0,,Net Banking,Pending,701.9,False,True,unique,unique
ORD12704,Rhonda Morris,Female,1995-12-20,david41@example.com,560.243.8724,India,Angelafurt,East,96264.0,Corporate,Sports,Dumbbell Set,2,350.51,0.0,2023-01-24,Credit Card,Pending,701.02,False,True,unique,unique
ORD11270,Jennifer Griffin,Male,,james36@example.org,,India,Lake Kathyton,South,14827.0,Corporate,Electronics,Bluetooth Speaker,3,259.49,0.1,,Cash On Delivery,Returned,700.62,False,True,unique,unique
ORD11260,Sherry Walters,Female,,,(693)435-9847,India,New Amber,West,32267.0,Consumer,Home & Kitchen,LED Lamp,3,233.19,0.0,,Credit  Card,Pending,699.57,False,True,unique,unique
ORD10527,Jaclyn Simmons,Female,,danielsguy@example.com,(307)354-0915x08632,United States,Lake Duane,South,65178.0,Home Office,Books,Kids Story Book,3,273.99,0.15,2023-11-11,Credit Card,Returned,698.67,False,True,unique,unique
ORD12795,Teresa Ford,Female,,elizabethspencer@example.net,,India,Clarkside,South,,Corporate,Books,Kids Story Book,2,387.62,0.1,,Credit Card,Returned,697.72,False,True,unique,unique
ORD12965,Jamie Cherry,Female,,davidhickman@example.org,563.545.2804,UNITED STATES,Lake Kathleen,North,,Corporate,Sports,Football,2,410.26,0.15,,Upi,Shipped,697.44,False,True,unique,unique
ORD11432,James Gray,Female,,amberbooker@example.com,587-312-0753x13685,United Kingdom,Kimberlyberg,North,52422.0,Home Office,Books,Self-Help Book,2,348.12,0.0,2023-04-04,Credit  Card,Pending,696.24,False,True,unique,unique
ORD11353,Mark Pierce,Male,,donald28@example.net,+1-666-490-5946,India,Lake Mary,West,38060.0,Consumer,Home & Kitchen,Blender,2,347.9,0.0,2023-11-24,Credit Card,Shipped,695.8,False,True,unique,unique
ORD11828,Christine Olson,Female,,olivia88@example.com,(937)473-4850x3027,India,South Barbaraland,East,53064.0,Consumer,Home & Kitchen,Non-stick Pan,5,138.98,0.0,,Cash On Delivery,Shipped,694.9,False,True,unique,unique
ORD12467,Jessica Wilkins,,2004-07-26,mharrell@example.net,+1-228-226-6740,CANADA,Freemanmouth,South,,Consumer,Books,Kids Story Book,2,434.26,0.2,,Debit Card,Shipped,694.82,False,True,unique,unique
ORD12596,Alisha Robertson,,,allisonferguson@example.org,,India,Millermouth,East,,Consumer,Electronics,Earbuds,2,384.82,0.1,,Upi,Shipped,692.68,False,True,unique,unique
ORD12078,Kaitlyn Miller,Male,,guerrajessica@example.org,+1-756-361-4824x364,India,Rosemouth,West,89785.0,Corporate,Electronics,Laptop Stand,2,346.33,0.0,,Credit  Card,Cancelled,692.66,False,True,unique,unique
ORD11470,Olivia Turner,Female,,johnsonrobert@example.net,,UNITED KINGDOM,West Jamesfort,South,12139.0,Consumer,Sports,Cricket Bat,2,345.06,0.0,,Upi,Shipped,690.12,False,True,unique,unique
ORD12396,Samantha Tucker,Male,,,,India,North Courtney,North,70493.0,Corporate,Clothing,Women's Jeans,2,343.95,0.0,,Credit  Card,Shipped,687.9,False,True,unique,unique
ORD10850,Chelsea Dominguez,Male,,christopherwalker@example.net,+1-450-234-2362,India,East Kyle,North,,Home Office,Sports,Cricket Bat,2,343.88,0.0,,Credit Card,Returned,687.76,False,True,unique,unique
ORD12012,Nicole Bentley,Male,,stanley28@example.net,246.738.9161,United Kingdom,Susanside,South,64496.0,Corporate,Clothing,Running Shoes,3,229.24,0.0,,Net Banking,Delivered,687.72,False,True,unique,unique
ORD12366,Christine Lopez,Female,1966-03-15,william26@example.net,+1-698-880-7757,CANADA,Alyssamouth,South,72478.0,Consumer,Electronics,Laptop Stand,2,404.46,0.15,2023-09-29,Upi,Cancelled,687.58,False,True,unique,unique
ORD11283,Debbie Peters,Female,1972-08-25,elee@example.org,437.814.5031x180,India,Welchville,North,,Home Office,Electronics,Earbuds,2,429.13,0.2,,Credit  Card,Shipped,686.61,False,True,unique,unique
ORD11584,Kevin Lam,Male,,cynthiataylor@example.net,001-667-975-4658x6172,CANADA,East Keithchester,South,84088.0,Home Office,Clothing,Formal Shirt,2,381.32,0.1,2023-06-08,Debit Card,Shipped,686.38,False,True,unique,unique
ORD11941,Jeremy Scott,Female,,,001-835-741-4556x47311,United States,South Richard,East,62552.0,Home Office,Books,Self-Help Book,2,343.18,0.0,,Net Banking,Delivered,686.36,False,True,unique,unique
ORD12427,Lindsey Webb,,,troy81@example.net,570-966-2501x62204,India,Zhangview,South,80799.0,Consumer,Sports,Dumbbell Set,2,379.15,0.1,,Credit Card,Cancelled,682.47,False,True,unique,unique
ORD11362,Henry Dunn,Male,,johnsonemily@example.org,(933)474-3567x027,United States,Jonesmouth,North,50435.0,Home Office,Electronics,USB-C Hub,5,160.48,0.15,,Credit  Card,Shipped,682.04,False,True,unique,unique
ORD11016,Jay Reed,Female,1981-09-20,brooksharold@example.com,233-895-4794,India,Jessicastad,South,28523.0,Home Office,Books,Self-Help Book,2,378.75,0.1,,Debit Card,Cancelled,681.75,False,True,unique,unique
ORD12794,Steven French,Male,,thomascameron@example.net,926-417-1867x09683,United States,North Kelseyview,West,,Consumer,Books,Kids Story Book,5,272.61,0.5,,Cash On Delivery,Delivered,681.53,False,True,unique,unique
ORD11540,Carl Jones,Female,,frank67@example.net,353.884.2561,UNITED KINGDOM,Lake Larryshire,West,,Consumer,Books,Cook Book,2,340.53,0.0,,Credit Card,Cancelled,681.06,False,True,unique,unique
ORD11958,Janice Lee,Female,,robertwatson@example.org,,United States,Port Crystal,North,80192.0,Corporate,Sports,Cricket Bat,5,160.18,0.15,2024-05-29,Upi,Cancelled,680.77,False,True,unique,unique
ORD12665,Christine Mitchell,Female,,jkey@example.com,(217)304-6687,CANADA,Bishopberg,North,16803.0,Home Office,Sports,Dumbbell Set,2,338.88,0.0,2023-02-28,Credit Card,Cancelled,677.76,False,True,unique,unique
ORD10407,George Mendoza,Female,,torresjoseph@example.com,(963)650-2000x534,CANADA,South Jackfort,North,48156.0,Home Office,Books,Fiction Novel,5,150.46,0.1,,Net Banking,Shipped,677.07,False,True,unique,unique
ORD10874,Hannah Jimenez,Male,,,7263656862,United States,West Shane,South,40877.0,Home Office,Books,Cook Book,2,338.39,0.0,2024-03-26,Cash On Delivery,Pending,676.78,False,True,unique,unique
ORD11208,Daniel Sandoval,Female,1979-07-03,mortonjonathan@example.net,001-486-286-5629x25822,UNITED STATES,New Jefferybury,West,49458.0,Home Office,Home & Kitchen,Storage Box,3,451.14,0.5,,Cash On Delivery,Pending,676.71,False,True,unique,unique
ORD12817,Nicholas Patel,Female,,wwalsh@example.org,,India,Vickifort,West,30764.0,Corporate,Beauty,Hair Serum,5,150.26,0.1,,Credit Card,Cancelled,676.17,False,True,unique,unique
ORD12858,Courtney Cox,,,amora@example.net,,CANADA,Port Michaelchester,North,27591.0,Consumer,Sports,Dumbbell Set,2,422.41,0.2,,Cash On Delivery,Delivered,675.86,False,True,unique,unique
ORD11111,Angela Nolan,Female,,alvarezkristin@example.net,001-208-603-8890x441,India,West Johnstad,South,53672.0,Home Office,Electronics,Bluetooth Speaker,5,270.2,0.5,2023-10-09,Cash On Delivery,Pending,675.5,False,True,unique,unique
ORD11785,Eric Butler,Male,,scottleblanc@example.com,001-741-990-6695x450,India,East Jonathanville,West,,Consumer,Sports,Football,5,149.63,0.1,,Upi,Delivered,673.34,False,True,unique,unique
ORD11063,Samuel Ramirez,Female,,jesse92@example.org,,UNITED STATES,North Nathan,North,18829.0,Consumer,Books,Fiction Novel,3,448.12,0.5,,Cash On Delivery,Shipped,672.18,False,True,unique,unique
ORD10435,Debra Reid,Female,1964-08-11,hillchristopher@example.net,568.734.2016x542,United States,Olsonside,South,,Corporate,Beauty,Hair Serum,3,447.98,0.5,2024-05-17,Credit Card,Pending,671.97,False,True,unique,unique
ORD12419,Troy Strong,Male,,,001-338-847-0981x92050,UNITED KINGDOM,East Ashley,South,96776.0,Corporate,Electronics,Earbuds,3,447.22,0.5,,Cash On Delivery,Pending,670.83,False,True,unique,unique
ORD10578,Michael Bray,Male,,stevenandrews@example.org,297.779.6120x878,CANADA,Dillonberg,East,8860.0,Corporate,Beauty,Face Wash,3,447.22,0.5,,Credit  Card,Delivered,670.83,False,True,unique,unique
ORD12813,Katie Young,Female,1972-12-13,petermartinez@example.net,5153852632,UNITED KINGDOM,South Jacquelinehaven,North,93076.0,Corporate,Clothing,Women's Jeans,3,262.43,0.15,2024-04-02,Cash On Delivery,Delivered,669.2,False,True,unique,unique
ORD12456,Kevin Clayton,Male,,fmckinney@example.org,589.453.7227,UNITED KINGDOM,East Matthewborough,South,24275.0,Consumer,Home & Kitchen,Storage Box,3,222.45,0.0,,Net Banking,Cancelled,667.35,False,True,unique,unique
ORD12016,Scott Nelson,Female,,kristen00@example.org,(719)906-7244x609,India,Merrittport,North,,Consumer,Home & Kitchen,Cushion Cover,3,444.46,0.5,2024-01-24,Debit Card,Delivered,666.69,False,True,unique,unique
ORD12631,Sarah Jones,Male,,andreasantiago@example.net,(247)796-5545,CANADA,Josehaven,North,44528.0,Corporate,Beauty,Sunscreen SPF50,2,333.25,0.0,,Cash On Delivery,Shipped,666.5,False,True,unique,unique
ORD11640,Jason Butler,Male,,lcastro@example.com,7937636460,India,Davidchester,South,,Consumer,Beauty,Face Wash,2,369.82,0.1,2023-03-27,Debit Card,Cancelled,665.68,False,True,unique,unique
ORD12455,Ricky Gilbert,Female,,jessicafisher@example.com,(242)601-1731x01091,CANADA,Johnsonmouth,West,24872.0,Home Office,Sports,Football,2,332.46,0.0,,Cash On Delivery,Pending,664.92,False,True,unique,unique
ORD12637,Michael Jones,Male,2000-07-14,beardtroy@example.org,579.973.0951x4607,United Kingdom,North Kyle,West,32394.0,Consumer,Books,Kids Story Book,2,349.89,0.05,,Cash On Delivery,Pending,664.79,False,True,unique,unique
ORD12604,Eddie Gonzalez,Male,,markthomas@example.com,6832402897,CANADA,Port Mary,East,77195.0,Consumer,Sports,Dumbbell Set,5,165.99,0.2,2023-05-29,Credit Card,Cancelled,663.96,False,True,unique,unique
ORD11885,Megan Alvarez,Female,,burgessmichael@example.net,638-672-0757x931,United States,Destinyview,South,15579.0,Consumer,Books,Kids Story Book,2,331.65,0.0,,Debit Card,Returned,663.3,False,True,unique,unique
ORD10202,Kimberly Lopez,Female,,kfoster@example.net,001-666-834-1638x9448,CANADA,Port Casey,North,18408.0,Corporate,Electronics,Laptop Stand,5,132.61,0.0,2023-07-31,Net Banking,Delivered,663.05,False,True,unique,unique
ORD11380,Paul Patton,Female,,nicholas54@example.org,001-568-636-8437x7140,CANADA,Crystalmouth,West,,Home Office,Books,Cook Book,3,245.57,0.1,,Cash On Delivery,Cancelled,663.04,False,True,unique,unique
ORD11217,Donna Foster,Female,1981-12-30,guerramaria@example.org,+1-699-619-8177x55129,India,Port Kurtburgh,North,44941.0,Home Office,Beauty,Lipstick Set,5,132.38,0.0,,Credit Card,Shipped,661.9,False,True,unique,unique
ORD12469,Jeffery Walters,Female,,kelly31@example.com,522.411.9457x20555,India,South Lisaside,East,,Home Office,Home & Kitchen,Cushion Cover,2,413.14,0.2,,Cash On Delivery,Pending,661.02,False,True,unique,unique
ORD12133,Kimberly Ortiz,Female,,howejennifer@example.com,565-954-2793,India,East Davidport,West,88363.0,Corporate,Books,Self-Help Book,2,330.01,0.0,2023-10-06,Cash On Delivery,Delivered,660.02,False,True,unique,unique
ORD11413,Cindy Watson,Male,,qespinoza@example.com,7139855002,UNITED KINGDOM,Port April,West,,Corporate,Clothing,Women's Jeans,2,329.83,0.0,,Debit Card,Returned,659.66,False,True,unique,unique
ORD12733,Richard Barker,Male,,adammorales@example.org,001-948-417-0496,UNITED STATES,Derekland,West,,Home Office,Sports,Dumbbell Set,2,387.98,0.15,,Debit Card,Pending,659.57,False,True,unique,unique
ORD12931,Gregory Jackson,Male,,jonesmichael@example.org,393-757-8141x2770,United States,East Susan,East,,Corporate,Books,Cook Book,2,347.14,0.05,2024-01-16,Upi,Delivered,659.57,False,True,unique,unique
ORD10242,Jessica Cobb,Female,,gilbertcaldwell@example.net,001-697-819-9758x172,India,New Danielfurt,East,43415.0,Consumer,Home & Kitchen,Storage Box,5,155.16,0.15,,Credit Card,Cancelled,659.43,False,True,unique,unique
ORD10934,Robin Allen,,1996-08-10,ladkins@example.com,,United States,Williamsville,North,83121.0,Corporate,Books,Fiction Novel,3,243.82,0.1,,Cash On Delivery,Delivered,658.31,False,True,unique,unique
ORD10218,Daniel Medina,Female,1970-05-20,ana92@example.net,,CANADA,South Brandyhaven,South,6200.0,Consumer,Sports,Football,3,243.42,0.1,2023-07-06,Debit Card,Returned,657.23,False,True,unique,unique
ORD10503,Kaitlin Carter,Female,,ehoffman@example.com,001-588-236-0765x817,CANADA,Wisemouth,East,48974.0,Consumer,Sports,Cricket Bat,2,328.35,0.0,,Debit Card,Cancelled,656.7,False,True,unique,unique
ORD11856,Lauren Gay,Female,,yhaynes@example.net,587-298-9763,India,East Alan,North,,Consumer,Home & Kitchen,Storage Box,2,410.32,0.2,2024-08-14,Net Banking,Delivered,656.51,False,True,unique,unique
ORD12642,Jamie Mendez,,1974-06-14,howardbrianna@example.org,,India,Kingstad,South,4038.0,Home Office,Electronics,USB-C Hub,2,328.04,0.0,,Upi,Returned,656.08,False,True,unique,unique
ORD11882,Ashley Morrison,Female,1988-04-23,timothycampbell@example.net,001-571-655-3331x7931,CANADA,Riverafurt,North,8833.0,Home Office,Electronics,USB-C Hub,2,327.75,0.0,,Credit Card,Pending,655.5,False,True,unique,unique
ORD12189,Evan Munoz,Male,,perryjonathan@example.com,410.442.5990x0284,United States,Kathyfort,South,,Consumer,Home & Kitchen,Storage Box,2,327.02,0.0,,Cash On Delivery,Delivered,654.04,False,True,unique,unique
ORD10049,Brian Brown,Female,,,(289)217-8390x847,CANADA,Boonechester,East,90429.0,Consumer,Books,Kids Story Book,2,326.37,0.0,,Credit Card,Returned,652.74,False,True,unique,unique
ORD11607,Jennifer Gonzales,Male,,david96@example.net,6177092176,India,South Mollymouth,West,99903.0,Consumer,Sports,Football,5,130.28,0.0,,Credit Card,Cancelled,651.4,False,True,unique,unique
ORD12798,Jessica Lee,Male,,tayala@example.com,5189187850,India,Karenborough,East,50935.0,Home Office,Electronics,Laptop Stand,2,406.8,0.2,,Credit Card,Shipped,650.88,False,True,unique,unique
ORD10246,Tim Larsen,,,dennisjones@example.org,(876)421-2679,CANADA,Hicksside,North,,Corporate,Beauty,Sunscreen SPF50,3,228.19,0.05,,Cash On Delivery,Cancelled,650.34,False,True,unique,unique
ORD11646,Victoria Clark,Male,,,,India,Lake Jenny,North,45267.0,Corporate,Clothing,Winter Jacket,2,405.86,0.2,,Upi,Delivered,649.38,False,True,unique,unique
ORD11673,Michael Holloway,Female,2005-11-14,jasonray@example.com,,India,Thompsonport,East,52282.0,Corporate,Sports,Cricket Bat,2,324.45,0.0,,Credit Card,Pending,648.9,False,True,unique,unique
ORD11042,Erica Morrison,Female,,mike96@example.org,(283)984-8876x3802,United States,Millerbury,East,,Home Office,Clothing,Men's T-Shirt,2,360.39,0.1,2024-03-09,Debit Card,Returned,648.7,False,True,duplicates,duplicates
ORD11868,Chelsea Gutierrez,Male,,brownmichael@example.com,448.908.4371x4926,United Kingdom,Lake Michael,South,,Home Office,Books,Fiction Novel,3,215.55,0.0,2024-04-17,Upi,Returned,646.65,False,True,unique,unique
ORD12359,Kimberly Farley,Male,,lramos@example.net,,United Kingdom,Michelleville,West,30088.0,Consumer,Sports,Yoga Mat,2,403.35,0.2,,Debit Card,Cancelled,645.36,False,True,unique,unique
ORD10051,Stephen Gutierrez,Female,2000-04-25,gperry@example.com,(254)752-7111x16152,UNITED STATES,South Michaelchester,North,95011.0,Consumer,Beauty,Face Wash,2,322.64,0.0,2023-02-07,Credit Card,Cancelled,645.28,False,True,unique,unique
ORD11084,Gabriel Moore,Male,,anthony41@example.org,001-784-579-1351x1350,India,Tammymouth,North,,Consumer,Home & Kitchen,Blender,2,338.35,0.05,,Credit  Card,Pending,642.86,False,True,unique,unique
ORD12263,Rebecca Sharp,Female,,,942.841.4718,India,Port Charles,South,63458.0,Home Office,Home & Kitchen,Cushion Cover,2,357.07,0.1,,Cash On Delivery,Returned,642.73,False,True,unique,unique
ORD10045,Shannon Ramsey,Female,2007-08-21,christopher60@example.com,+1-517-954-9651,UNITED KINGDOM,New Nicoleside,East,43493.0,Consumer,Home & Kitchen,Cushion Cover,2,321.27,0.0,,Debit Card,Cancelled,642.54,False,True,unique,unique
ORD12495,Jessica Robinson,Female,,,001-795-904-8881x987,United States,East Heather,North,84668.0,Home Office,Books,Kids Story Book,3,214.12,0.0,,Cash On Delivery,Cancelled,642.36,False,True,unique,unique
ORD12315,Mitchell Carson,Male,,christopherwalter@example.com,719.473.2381x545,India,Rasmussenside,South,96128.0,Home Office,Books,Self-Help Book,5,128.26,0.0,,Cash On Delivery,Delivered,641.3,False,True,unique,unique
ORD12950,Richard Kent,Female,,rebecca48@example.org,374-893-6016,CANADA,Shahfurt,East,,Consumer,Books,Kids Story Book,2,377.13,0.15,,Upi,Cancelled,641.12,False,True,unique,unique
ORD12666,Brian Young,Female,1973-04-30,william65@example.net,,United States,Lake Juliaville,South,,Corporate,Sports,Yoga Mat,2,376.99,0.15,,Credit Card,Pending,640.88,False,True,unique,unique
ORD10517,Karl Gutierrez,,,nicole24@example.com,001-274-817-5955x872,CANADA,New Ashley,West,92538.0,Home Office,Clothing,Winter Jacket,2,400.51,0.2,,Debit Card,Delivered,640.82,False,True,unique,unique
ORD11557,Thomas Roberts,,,parkertammy@example.org,+1-684-550-4621x7643,India,Danielfurt,South,59369.0,Home Office,Home & Kitchen,Cushion Cover,2,355.86,0.1,,Cash On Delivery,Pending,640.55,False,True,unique,unique
ORD12801,Shannon Wood,Female,,tanyarogers@example.com,001-603-776-4941x3309,India,Ericberg,North,49584.0,Corporate,Clothing,Running Shoes,2,319.66,0.0,2023-08-25,Cash On Delivery,Cancelled,639.32,False,True,unique,unique
ORD12661,Sharon Hamilton,Female,,kmclean@example.com,633.522.6373x19682,UNITED STATES,Perkinsland,East,99378.0,Home Office,Electronics,Earbuds,3,236.56,0.1,,Debit Card,Cancelled,638.71,False,True,unique,unique
ORD12815,Shaun Thompson,Female,,juliawilliams@example.net,+1-314-497-7418,UNITED KINGDOM,Millerstad,South,,Home Office,Electronics,Earbuds,2,318.97,0.0,2024-11-27,Credit Card,Pending,637.94,False,True,unique,unique
ORD10132,Michael Pace,Male,,samantha10@example.org,472.815.1070,CANADA,Crawfordfurt,East,90051.0,Home Office,Clothing,Formal Shirt,2,375.18,0.15,2023-11-08,Upi,Pending,637.81,False,True,unique,unique
ORD12656,Joshua Johnson,Female,,,,India,Crossberg,South,,Consumer,Beauty,Face Wash,2,398.45,0.2,,Cash On Delivery,Cancelled,637.52,False,True,unique,unique
ORD11622,Jacob Robinson,Male,,stewartkelsey@example.org,001-803-856-0285,CANADA,Moranchester,West,28219.0,Corporate,Books,Self-Help Book,2,318.48,0.0,,Credit Card,Pending,636.96,False,True,unique,unique
ORD10352,Vicki Greene,Female,,christina65@example.org,,United States,South Nancyton,North,65503.0,Corporate,Home & Kitchen,LED Lamp,2,335.13,0.05,,Cash On Delivery,Cancelled,636.75,False,True,unique,unique
ORD11914,April Burch,Female,,hfarmer@example.org,207-514-9236,India,Dixonhaven,North,85717.0,Home Office,Books,Kids Story Book,2,318.2,0.0,,Net Banking,Delivered,636.4,False,True,unique,unique
ORD11725,Eileen Daugherty,Male,,thenderson@example.net,(394)983-0517,India,Lake Martin,West,24099.0,Consumer,Books,Fiction Novel,2,317.79,0.0,,Cash On Delivery,Shipped,635.58,False,True,unique,unique
ORD11135,Stephen Smith,Male,,andrewtaylor@example.com,(966)624-9753,CANADA,Lake Lisafort,South,90990.0,Home Office,Beauty,Hair Serum,5,126.94,0.0,,Upi,Shipped,634.7,False,True,unique,unique
ORD11159,James Snyder,Male,1970-06-06,aaronbean@example.org,676-514-2152,India,New Randyside,East,97117.0,Home Office,Books,Self-Help Book,2,373.25,0.15,,Debit Card,Shipped,634.52,False,True,unique,unique
ORD10210,Jasmine Burns,Male,,brandon39@example.net,803-771-7058,India,Port Christinahaven,West,5829.0,Consumer,Beauty,Hair Serum,3,248.71,0.15,,Cash On Delivery,Shipped,634.21,False,True,unique,unique
ORD10885,Sean Noble,Female,1997-12-30,sandrabowman@example.net,772.764.8839x585,India,East Breanna,South,40513.0,Corporate,Books,Kids Story Book,2,351.16,0.1,,Debit Card,Returned,632.09,False,True,unique,unique
ORD12751,Jamie Williams,Female,1986-10-20,brewerkatie@example.org,(880)332-5383,India,Josephville,East,62071.0,Consumer,Electronics,USB-C Hub,2,332.42,0.05,,Credit Card,Delivered,631.6,False,True,unique,unique
ORD12471,Ms. Rachael Ray,Male,,lauramckenzie@example.net,+1-866-789-8010,CANADA,New Maxwell,South,41348.0,Consumer,Home & Kitchen,Storage Box,3,210.53,0.0,2024-06-20,Credit Card,Delivered,631.59,False,True,unique,unique
ORD10693,Joshua Miller,Female,,greenmartin@example.org,(406)973-2318,India,South Jenniferside,West,11007.0,Corporate,Books,Cook Book,5,126.02,0.0,,Debit Card,Pending,630.1,False,True,unique,unique
ORD12444,Alicia King,,1992-03-16,lindareed@example.com,(357)812-5445x84795,India,West Ashleytown,North,9245.0,Consumer,Sports,Football,2,314.94,0.0,,Credit Card,Cancelled,629.88,False,True,unique,unique
ORD10486,Ryan Atkinson,Male,,burkemichael@example.org,471.281.3359x56164,UNITED STATES,Catherinestad,West,,Consumer,Clothing,Running Shoes,2,331.39,0.05,,Credit Card,Cancelled,629.64,False,True,unique,unique
ORD11740,Melissa Gillespie,Female,,jensencharles@example.org,(737)243-8734,India,Tamaraville,North,,Corporate,Beauty,Sunscreen SPF50,5,251.84,0.5,,Credit Card,Pending,629.6,False,True,unique,unique
ORD10392,Elizabeth Martinez,Male,,richardhaynes@example.com,,India,Brownshire,South,,Consumer,Home & Kitchen,LED Lamp,2,314.21,0.0,,Credit Card,Cancelled,628.42,False,True,unique,unique
ORD12788,Steven Schaefer,,,amyharrison@example.com,(838)805-7121,United Kingdom,New Patrick,South,51104.0,Corporate,Beauty,Sunscreen SPF50,2,313.64,0.0,,Credit  Card,Pending,627.28,False,True,unique,unique
ORD11006,Michael Fletcher,Female,,jennifercooper@example.com,(230)839-7440,UNITED STATES,Williamsside,West,63804.0,Consumer,Home & Kitchen,Blender,3,208.69,0.0,,Net Banking,Pending,626.07,False,True,unique,unique
ORD11957,Cheryl Miller,Male,1978-10-07,ballardfranklin@example.com,001-856-997-9181x433,United States,Stephenstad,West,,Home Office,Books,Kids Story Book,2,368.23,0.15,2023-07-11,Net Banking,Pending,625.99,False,True,unique,unique
ORD11130,Tina Ortiz,Male,,angel62@example.com,,United States,Jacksonburgh,South,24628.0,Consumer,Clothing,Women's Jeans,2,367.8,0.15,,Cash On Delivery,Returned,625.26,False,True,unique,unique
ORD11986,Michael Johnson,Male,,alexandersmith@example.net,(318)832-1529x0074,India,Dawsonview,South,,Corporate,Clothing,Women's Jeans,2,347.29,0.1,2023-06-03,Upi,Delivered,625.12,False,True,unique,unique
ORD11249,Wayne Berger,Female,,lnielsen@example.net,+1-628-779-8728x73142,CANADA,Thompsonville,South,,Corporate,Home & Kitchen,Blender,2,328.58,0.05,,Upi,Pending,624.3,False,True,unique,unique
ORD12450,Kristi Murray,Female,1969-11-17,frankjonathan@example.org,864.692.1529,UNITED STATES,Stephaniemouth,West,99024.0,Consumer,Beauty,Sunscreen SPF50,2,311.52,0.0,,Net Banking,Delivered,623.04,False,True,unique,unique
ORD11068,David Clark,Female,,omartinez@example.net,+1-453-624-3679,India,West Thomasburgh,East,84512.0,Consumer,Home & Kitchen,Blender,5,124.28,0.0,2023-12-01,Cash On Delivery,Pending,621.4,False,True,unique,unique
ORD11960,Dylan Smith,Male,,sharonfox@example.com,212-661-9379x02293,India,Jasonland,South,90482.0,Consumer,Electronics,Wireless Mouse,3,258.02,0.2,,Credit Card,Delivered,619.25,False,True,unique,unique
ORD10400,David Davis,Female,1988-03-19,paulangela@example.com,8682277881,United Kingdom,Port Julie,North,94107.0,Corporate,Clothing,Running Shoes,2,386.78,0.2,,Cash On Delivery,Delivered,618.85,False,True,unique,unique
ORD10278,Samuel Rhodes,Female,2006-07-26,ulee@example.net,+1-780-756-2656x504,India,Tiffanyside,North,11982.0,Home Office,Electronics,USB-C Hub,2,325.66,0.05,2023-06-07,Cash On Delivery,Cancelled,618.75,False,True,unique,unique
ORD11261,Maria Morris,,,ebuck@example.com,653-990-2262,CANADA,South Mark,West,6098.0,Consumer,Home & Kitchen,Cushion Cover,2,343.65,0.1,,Cash On Delivery,Returned,618.57,False,True,unique,unique
ORD10332,Kendra Benson,Male,,francissherry@example.com,,India,New Melissaville,South,16343.0,Home Office,Books,Cook Book,5,145.05,0.15,,Debit Card,Pending,616.46,False,True,unique,unique
ORD12416,Nichole Miller,Male,,slee@example.org,(633)586-4865x0074,United Kingdom,Harrymouth,West,85890.0,Corporate,Home & Kitchen,LED Lamp,3,204.99,0.0,,Credit Card,Returned,614.97,False,True,unique,unique
ORD12531,Kelly Hess,Male,1969-05-17,cisnerosdawn@example.com,817-210-5673x9293,India,Mayofurt,East,33424.0,Consumer,Beauty,Sunscreen SPF50,3,240.75,0.15,,Net Banking,Returned,613.91,False,True,unique,unique
ORD10071,Cameron Young,Female,,patrick90@example.net,,United Kingdom,Lake Shannon,West,,Consumer,Sports,Yoga Mat,2,360.68,0.15,,Net Banking,Returned,613.16,False,True,unique,unique
ORD10358,Andrew Hunt,Female,,amcdonald@example.com,354.660.2734x1514,India,North David,North,47717.0,Home Office,Electronics,Smartwatch,3,203.89,0.0,,Debit Card,Pending,611.67,False,True,unique,unique
ORD11505,Erika Ross,Male,1997-01-12,kimriley@example.com,,CANADA,Laurieton,North,94460.0,Home Office,Books,Fiction Novel,2,305.75,0.0,,Cash On Delivery,Returned,611.5,False,True,unique,unique
ORD12771,Kaitlyn Flynn,Female,1996-01-27,tylervelasquez@example.org,,CANADA,Lake Allen,North,,Consumer,Books,Fiction Novel,2,305.58,0.0,2023-10-15,Credit Card,Pending,611.16,False,True,unique,unique
ORD11994,Oscar Parker,Female,,,959.646.8953,India,West Gerald,East,60711.0,Consumer,Clothing,Running Shoes,2,358.63,0.15,,Upi,Returned,609.67,False,True,unique,unique
ORD11029,Amy Palmer,Male,,reginaanderson@example.com,687.705.8416x80613,United States,Torresshire,East,79073.0,Home Office,Books,Self-Help Book,2,338.28,0.1,,Credit Card,Delivered,608.9,False,True,unique,unique
ORD12398,Robert Johnson,Female,1984-04-07,vanessavazquez@example.org,849-328-9691,United Kingdom,Floresfurt,East,71996.0,Consumer,Beauty,Lipstick Set,2,380.1,0.2,,Cash On Delivery,Pending,608.16,False,True,unique,unique
ORD10826,Deborah Stephens,Female,1969-12-23,shelleyvelasquez@example.com,001-354-930-7963x73100,United Kingdom,Samanthaberg,North,,Consumer,Electronics,USB-C Hub,5,243.19,0.5,,Credit Card,Cancelled,607.98,False,True,unique,unique
ORD10267,Diana Blair,Male,,johnhamilton@example.org,001-229-806-0078,UNITED KINGDOM,Mendozaville,West,59803.0,Consumer,Sports,Cricket Bat,2,357.5,0.15,,Net Banking,Returned,607.75,False,True,unique,unique
ORD10510,Laurie Miranda,,,tammy97@example.org,(903)231-9222,UNITED STATES,Christianton,North,18454.0,Home Office,Home & Kitchen,Cushion Cover,2,379.84,0.2,,Cash On Delivery,Delivered,607.74,False,True,unique,unique
ORD10571,Rebecca Daniel,Male,2001-05-16,michael55@example.org,770-457-4238x856,UNITED KINGDOM,Gatesmouth,South,46612.0,Consumer,Beauty,Sunscreen SPF50,2,379.71,0.2,,Debit Card,Pending,607.54,False,True,unique,unique
ORD10188,Michael Martin,Female,,zhartman@example.net,+1-602-560-1279x611,CANADA,Christopherton,North,95461.0,Consumer,Books,Fiction Novel,2,336.82,0.1,,Credit Card,Shipped,606.28,False,True,unique,unique
ORD11766,James Harris,Male,1962-03-01,dianelewis@example.net,432-867-2733,United States,South Sergio,West,,Home Office,Beauty,Sunscreen SPF50,2,302.51,0.0,,Cash On Delivery,Shipped,605.02,False,True,unique,unique
ORD12910,Zachary Nelson,Male,1994-06-06,asmith@example.com,690.225.5288x97378,India,Hopkinsview,North,15579.0,Home Office,Clothing,Formal Shirt,3,236.71,0.15,2024-02-29,Debit Card,Returned,603.61,False,True,unique,unique
ORD11088,Tina Melendez,Female,,heidi08@example.com,(790)469-6904,CANADA,Smithland,West,95906.0,Home Office,Sports,Yoga Mat,2,301.38,0.0,2023-02-05,Cash On Delivery,Shipped,602.76,False,True,unique,unique
ORD12155,Jessica Phillips,,,,001-840-239-7267x5457,India,Christopherberg,North,,Corporate,Beauty,Lipstick Set,2,353.34,0.15,,Cash On Delivery,Delivered,600.68,False,True,unique,unique
ORD10312,Mary Lewis,Male,,foxashley@example.com,737-315-0416,India,Ericland,West,,Home Office,Beauty,Sunscreen SPF50,2,316.04,0.05,2023-12-02,Cash On Delivery,Delivered,600.48,False,True,unique,unique
ORD12451,Matthew Clark,Male,,,(321)468-8070,CANADA,Port Jaclynmouth,East,44569.0,Consumer,Electronics,USB-C Hub,3,210.44,0.05,,Upi,Shipped,599.75,False,True,unique,unique
ORD10818,Ann Fleming Phd,Female,2007-07-23,,574-369-0298,United Kingdom,West Johnside,North,36664.0,Consumer,Sports,Dumbbell Set,2,299.3,0.0,2023-02-18,Upi,Shipped,598.6,False,True,unique,unique
ORD10799,Danielle Evans,Male,,amyponce@example.com,,United States,South Samantha,North,83157.0,Corporate,Books,Fiction Novel,2,352.09,0.15,2024-12-08,Credit Card,Delivered,598.55,False,True,unique,unique
ORD11463,Becky Henderson,Female,,megan48@example.com,(415)604-8849x1508,United Kingdom,Richardport,East,5884.0,Home Office,Home & Kitchen,Cushion Cover,2,313.41,0.05,,Debit Card,Shipped,595.48,False,True,unique,unique
ORD11288,Joanna Munoz,Male,,ericksonphillip@example.net,712-564-1060x3267,India,Lake Debbieton,West,46072.0,Consumer,Sports,Cricket Bat,5,132.3,0.1,,Upi,Returned,595.35,False,True,unique,unique
ORD10134,Dr. Jonathan Price,Male,,carla04@example.org,885.793.2133x4803,India,East Joel,South,42182.0,Corporate,Clothing,Formal Shirt,3,198.41,0.0,,Cash On Delivery,Cancelled,595.23,False,True,unique,unique
ORD12990,Mark Davis,Female,,donaldknight@example.org,309-367-0249,United Kingdom,Lanebury,West,39629.0,Corporate,Books,Fiction Novel,2,371.93,0.2,,Credit Card,Delivered,595.09,False,True,unique,unique
ORD10736,Sherry Jones,Male,,lloydmiranda@example.org,405.357.0836,India,Kevinhaven,North,69286.0,Consumer,Beauty,Face Wash,3,233.15,0.15,,Credit Card,Delivered,594.53,False,True,unique,unique
ORD11417,Dawn Smith,Male,,vaughnpaula@example.org,(320)330-6951x65712,India,Williamsland,North,71547.0,Corporate,Books,Self-Help Book,2,296.14,0.0,,Upi,Shipped,592.28,False,True,unique,unique
ORD11572,Kelly Stewart,Female,2005-08-06,debrabryant@example.org,+1-835-656-6963x38958,CANADA,South Deniseberg,East,43364.0,Home Office,Beauty,Sunscreen SPF50,2,328.53,0.1,,Credit  Card,Pending,591.35,False,True,unique,unique
ORD10745,Sarah Berry,Male,,reedmonica@example.org,001-991-602-9295x0143,United States,North Cheryl,South,26234.0,Home Office,Clothing,Formal Shirt,2,295.63,0.0,,Cash On Delivery,Cancelled,591.26,False,True,unique,unique
ORD12769,Diane Castro,,1975-12-11,,842-920-5487x29129,United States,East Denise,East,89126.0,Corporate,Beauty,Sunscreen SPF50,2,310.74,0.05,2024-09-23,Debit Card,Delivered,590.41,False,True,unique,unique
ORD12954,Melissa Bradley,,,grahamrobert@example.com,(880)326-8748x51176,CANADA,West Travis,North,,Corporate,Beauty,Lipstick Set,2,327.71,0.1,,Cash On Delivery,Pending,589.88,False,True,unique,unique
ORD12043,Holly Weber,Male,,petersonkathryn@example.net,+1-445-587-5950x8257,United Kingdom,Lake Helen,East,25547.0,Corporate,Books,Kids Story Book,5,138.57,0.15,,Credit  Card,Returned,588.92,False,True,unique,unique
ORD10879,Laura Lee,Female,1992-07-21,riverakevin@example.net,+1-839-597-4185,CANADA,East Saramouth,North,49070.0,Home Office,Electronics,Earbuds,2,327.08,0.1,,Upi,Delivered,588.74,False,True,unique,unique
ORD12198,Savannah Mcintyre,Male,,robin97@example.com,,CANADA,Port Tim,South,88947.0,Corporate,Sports,Cricket Bat,2,367.83,0.2,,Credit  Card,Returned,588.53,False,True,unique,unique
ORD10320,Nancy Wallace,,,heathbrenda@example.org,696-205-0166x7998,India,Rosshaven,East,77969.0,Consumer,Books,Self-Help Book,5,137.13,0.15,,Cash On Delivery,Shipped,582.8,False,True,unique,unique
ORD11652,Robin Yang,Female,1975-12-14,abass@example.com,338-786-5500,India,Jennifermouth,West,,Corporate,Books,Kids Story Book,2,305.92,0.05,2024-01-12,Credit Card,Delivered,581.25,False,True,unique,unique
ORD10549,Jessica Mitchell,Male,,nguyenkimberly@example.com,(529)749-3817,UNITED KINGDOM,Angelaport,East,,Home Office,Sports,Football,3,387.32,0.5,,Net Banking,Pending,580.98,False,True,unique,unique
ORD11257,Lisa Ford,,,hcox@example.com,(643)480-2990x3480,United Kingdom,Thomaschester,East,7128.0,Corporate,Clothing,Formal Shirt,2,288.62,0.0,2024-04-02,Credit Card,Returned,577.24,False,True,unique,unique
ORD10567,Desiree Stafford,Male,,jamiethomas@example.com,001-950-418-4819x73741,UNITED KINGDOM,Port Reneemouth,South,36166.0,Corporate,Beauty,Sunscreen SPF50,2,320.03,0.1,,Net Banking,Shipped,576.05,False,True,unique,unique
ORD11227,Johnathan Collins,Female,,rsullivan@example.org,779-867-1480x30073,India,Annberg,South,51597.0,Consumer,Sports,Yoga Mat,5,115.02,0.0,,Net Banking,Delivered,575.1,False,True,unique,unique
ORD11802,Mrs. Natalie Hall,Female,,lauragriffin@example.net,294-262-4554x077,CANADA,Robinstad,South,42694.0,Corporate,Sports,Football,2,301.71,0.05,,Net Banking,Shipped,573.25,False,True,unique,unique
ORD11710,Chad Fields,Male,1968-04-25,rebecca76@example.com,(481)225-9836,UNITED KINGDOM,Meyersview,West,,Consumer,Sports,Football,5,228.78,0.5,2024-03-29,Net Banking,Cancelled,571.95,False,True,unique,unique
ORD11139,Christopher Adams,Female,1982-11-05,williamsjames@example.org,001-293-590-7737x29545,India,North Robertmouth,North,,Home Office,Books,Kids Story Book,2,285.74,0.0,,Cash On Delivery,Delivered,571.48,False,True,unique,unique
ORD10902,Scott Brennan,Male,,,847-218-9395x309,CANADA,Simpsonview,West,91618.0,Consumer,Clothing,Formal Shirt,2,285.45,0.0,,Credit Card,Cancelled,570.9,False,True,unique,unique
ORD12528,Michelle Bailey,Male,,barbara30@example.org,,India,Diazshire,North,,Consumer,Home & Kitchen,Storage Box,3,189.94,0.0,2024-06-17,Debit Card,Returned,569.82,False,True,unique,unique
ORD11209,Jordan Cooper,Female,1986-04-15,erin67@example.com,+1-778-909-6458x3744,UNITED STATES,Dwaynebury,North,47347.0,Consumer,Home & Kitchen,Cushion Cover,2,334.8,0.15,,Net Banking,Cancelled,569.16,False,True,unique,unique
ORD11635,Tina Hunter,Female,1970-07-01,ktate@example.com,,United Kingdom,New Joseph,South,73814.0,Home Office,Electronics,Earbuds,2,283.66,0.0,,Credit Card,Delivered,567.32,False,True,unique,unique
ORD12620,Cassandra Hernandez,Male,,fwood@example.org,5314430614,CANADA,Shelleyshire,East,82015.0,Corporate,Clothing,Running Shoes,2,283.54,0.0,,Cash On Delivery,Shipped,567.08,False,True,unique,unique
ORD11298,Julia Hoffman,Female,,taylorchristopher@example.org,2088823846,India,Andersonborough,East,10144.0,Home Office,Sports,Football,2,333.29,0.15,,Credit  Card,Returned,566.59,False,True,unique,unique
ORD12090,Shawn Holmes,,,stacygrant@example.net,317-519-0706x77693,India,Port Melanieport,West,41489.0,Home Office,Electronics,USB-C Hub,2,314.2,0.1,2023-06-27,Credit  Card,Shipped,565.56,False,True,unique,unique
ORD11977,Phillip Hampton,,,christine85@example.org,(282)840-5546x512,CANADA,Lake Courtneychester,South,14741.0,Home Office,Beauty,Face Wash,2,352.27,0.2,,Cash On Delivery,Shipped,563.63,False,True,unique,unique
ORD10187,Matthew King,,,ncunningham@example.com,+1-763-868-8725x88744,United States,Port Michelle,South,16109.0,Home Office,Beauty,Face Wash,5,132.01,0.15,2024-06-29,Cash On Delivery,Returned,561.04,False,True,unique,unique
ORD10989,Deborah Adams,Male,,lmccoy@example.net,,India,Matthewhaven,North,,Corporate,Home & Kitchen,LED Lamp,2,329.97,0.15,2024-05-11,Credit Card,Delivered,560.95,False,True,unique,unique
ORD12838,David Sanchez,Female,,sherry44@example.net,+1-549-320-9545x54912,United States,Port Shawnshire,North,,Corporate,Clothing,Running Shoes,5,111.73,0.0,,Debit Card,Shipped,558.65,False,True,unique,unique
ORD11889,Molly Matthews,Male,1983-06-23,christopher05@example.org,(685)990-2330x94621,India,Port Robertville,East,49680.0,Home Office,Books,Kids Story Book,2,293.87,0.05,,Net Banking,Shipped,558.35,False,True,unique,unique
ORD12430,Rebecca Anthony,Male,,masonsalazar@example.net,+1-943-226-0322x40807,United Kingdom,East Timothyside,West,,Consumer,Electronics,USB-C Hub,5,222.98,0.5,,Cash On Delivery,Cancelled,557.45,False,True,unique,unique
ORD12019,Nicholas Reed,Male,1976-07-12,ygrant@example.net,(906)364-8782x648,CANADA,North Brett,West,23537.0,Corporate,Clothing,Winter Jacket,2,278.67,0.0,,Upi,Delivered,557.34,False,True,unique,unique
ORD10212,Mary Ferguson,Male,,rachel85@example.com,(865)293-9836x84577,UNITED STATES,West Caitlinhaven,East,,Corporate,Clothing,Running Shoes,3,185.71,0.0,,Credit  Card,Shipped,557.13,False,True,unique,unique
ORD11659,Barry Robinson,Male,,belldavid@example.net,+1-542-751-1190,UNITED STATES,Michelletown,North,76237.0,Corporate,Electronics,Laptop Stand,2,327.39,0.15,,Cash On Delivery,Returned,556.56,False,True,unique,unique
ORD11664,Susan Allen,Female,2000-09-22,robertgray@example.com,571.892.4972x65571,India,Barbarachester,North,,Corporate,Electronics,Wireless Mouse,3,231.63,0.2,2023-12-14,Credit Card,Cancelled,555.91,False,True,unique,unique
ORD11733,Antonio Ward,Male,1985-05-29,wellsvalerie@example.net,001-496-999-1548,India,North Dianeshire,East,32913.0,Home Office,Sports,Dumbbell Set,3,205.61,0.1,,Cash On Delivery,Returned,555.15,False,True,unique,unique
ORD11061,Cody Brown,Female,,psawyer@example.net,,United States,Reneetown,South,89011.0,Home Office,Home & Kitchen,Storage Box,2,277.23,0.0,,Upi,Delivered,554.46,False,True,unique,unique
ORD10089,Kelly Rice,Male,1977-12-18,brownamy@example.net,598.922.5871,United Kingdom,New Seanton,East,59933.0,Home Office,Sports,Football,2,306.99,0.1,,Net Banking,Returned,552.58,False,True,unique,unique
ORD11669,Michael Cooper,,,ccastro@example.net,(468)619-3192,India,Port Lauraburgh,South,,Corporate,Clothing,Women's Jeans,2,290.24,0.05,2024-11-12,Net Banking,Delivered,551.46,False,True,unique,unique
ORD11112,Angela Lewis,Male,,hilldebbie@example.com,775-858-0309x0168,UNITED KINGDOM,Sethfort,North,59588.0,Home Office,Books,Cook Book,3,216.04,0.15,,Upi,Shipped,550.9,False,True,unique,unique
ORD11570,Desiree Brown,Male,1999-01-07,kevinvalencia@example.com,590.332.1430,India,New Lori,South,31835.0,Corporate,Home & Kitchen,Blender,5,220.31,0.5,,Cash On Delivery,Pending,550.78,False,True,unique,unique
ORD10987,Christopher Berg,,,megan50@example.net,9726889592,India,North Roberttown,West,55942.0,Home Office,Clothing,Winter Jacket,2,289.54,0.05,2024-11-15,Cash On Delivery,Returned,550.13,False,True,unique,unique
ORD11094,Brenda Graham,Male,,ramoscory@example.com,,United Kingdom,New Dominic,West,17674.0,Consumer,Sports,Dumbbell Set,2,343.23,0.2,2023-01-20,Upi,Returned,549.17,False,True,unique,unique
ORD12390,Katherine Davis,Female,,,582.932.2583,India,Deleonburgh,East,84675.0,Home Office,Books,Self-Help Book,3,203.15,0.1,,Cash On Delivery,Cancelled,548.51,False,True,unique,unique
ORD10669,Jennifer Smith,Male,1971-08-08,stephaniecole@example.com,6602148860,India,Zhangborough,West,,Home Office,Electronics,USB-C Hub,2,274.15,0.0,,Upi,Pending,548.3,False,True,unique,unique
ORD12668,Debbie Pierce,,,nealrandy@example.net,001-382-947-4079x43444,India,Nicholasfurt,East,12210.0,Corporate,Clothing,Men's T-Shirt,2,273.71,0.0,2024-08-29,Cash On Delivery,Returned,547.42,False,True,unique,unique
ORD11204,Amy Holland,,,,,United States,Port Brittany,North,12059.0,Consumer,Home & Kitchen,Storage Box,2,287.97,0.05,,Debit Card,Delivered,547.14,False,True,unique,unique
ORD12101,Robert Rollins,Male,1998-07-27,jeffrey56@example.net,(948)288-8049,United States,Robertside,South,92380.0,Home Office,Home & Kitchen,LED Lamp,3,364.54,0.5,,Credit Card,Shipped,546.81,False,True,unique,unique
ORD11351,Carlos Reid,Male,,brianhood@example.net,(771)886-2447,United States,Port Bryan,North,14281.0,Consumer,Home & Kitchen,Storage Box,3,182.18,0.0,,Cash On Delivery,Cancelled,546.54,False,True,unique,unique
ORD12943,Lori Juarez,Female,,millerandrew@example.net,,India,Bonnieborough,East,,Home Office,Sports,Dumbbell Set,2,287.17,0.05,,Net Banking,Cancelled,545.62,False,True,unique,unique
ORD11508,Todd Kerr,Male,,aaronthompson@example.org,654.269.2239,UNITED KINGDOM,Copelandland,West,98903.0,Corporate,Clothing,Running Shoes,2,272.75,0.0,,Credit Card,Cancelled,545.5,False,True,unique,unique
ORD11631,Preston Bryant,Female,,kent90@example.org,881-595-4351x102,UNITED STATES,Nathanbury,South,6964.0,Consumer,Home & Kitchen,LED Lamp,2,302.47,0.1,,Credit Card,Shipped,544.45,False,True,unique,unique
ORD11495,Caitlin Johnson,,,,+1-261-318-6801x0936,India,Megantown,North,73343.0,Corporate,Clothing,Running Shoes,5,114.62,0.05,,Cash On Delivery,Pending,544.45,False,True,unique,unique
ORD11976,Eric Clark,Male,,matthewochoa@example.com,(356)528-6078,UNITED KINGDOM,Tanyamouth,South,44160.0,Home Office,Electronics,Smartwatch,2,319.82,0.15,2024-09-10,Credit Card,Delivered,543.69,False,True,unique,unique
ORD12586,Jacqueline Stephens,Female,,rmckay@example.net,001-827-795-1324,India,New Jacobstad,East,,Consumer,Beauty,Lipstick Set,2,285.44,0.05,,Credit  Card,Returned,542.34,False,True,unique,unique
ORD12982,Andrea Cruz,,1984-06-06,deborahhernandez@example.com,(359)406-3593,United States,Lake Michaelton,South,,Home Office,Sports,Yoga Mat,5,108.35,0.0,,Credit Card,Returned,541.75,False,True,unique,unique
ORD11426,Glenn Newton,Male,,meyerjulie@example.net,+1-249-761-7215x052,UNITED STATES,West James,North,,Consumer,Clothing,Winter Jacket,2,284.85,0.05,,Credit  Card,Delivered,541.22,False,True,unique,unique
ORD10897,Alexandra Mullen,Male,1986-03-02,,001-274-225-5136,UNITED STATES,Margaretville,East,66336.0,Consumer,Sports,Cricket Bat,2,284.7,0.05,,Credit Card,Delivered,540.93,False,True,unique,unique
ORD12104,Amanda Mendoza,Female,,fharris@example.org,5582869485,UNITED KINGDOM,Kingmouth,West,,Corporate,Clothing,Formal Shirt,5,107.78,0.0,,Credit Card,Cancelled,538.9,False,True,unique,unique
ORD12880,Gregory Morales,Male,,kathleensmith@example.org,8477194065,CANADA,Port Brianmouth,West,,Home Office,Beauty,Hair Serum,2,336.81,0.2,,Upi,Pending,538.9,False,True,unique,unique
ORD11829,Ryan Gomez,Male,,jwilliamson@example.com,,United States,Emmahaven,West,32755.0,Corporate,Beauty,Face Wash,2,336.4,0.2,,Debit Card,Returned,538.24,False,True,unique,unique
ORD12120,David Brown,Female,,morrismiguel@example.net,(602)864-2362x4588,United States,South Chad,West,37352.0,Corporate,Electronics,Bluetooth Speaker,2,316.41,0.15,,Cash On Delivery,Pending,537.9,False,True,unique,unique
ORD12468,Matthew Lopez,Female,,brittany12@example.org,655.530.1253,CANADA,Danielfurt,East,56800.0,Corporate,Beauty,Sunscreen SPF50,5,214.59,0.5,2024-02-29,Credit Card,Delivered,536.48,False,True,unique,unique
ORD12391,Christine Young,Male,,petersondavid@example.com,,India,Woodside,North,,Home Office,Electronics,USB-C Hub,2,335.18,0.2,,Credit  Card,Returned,536.29,False,True,unique,unique
ORD12401,Bradley Franklin,Female,,,,India,South Jenny,South,,Home Office,Electronics,USB-C Hub,2,267.93,0.0,,Cash On Delivery,Cancelled,535.86,False,True,unique,unique
ORD11538,Robyn Davis,Female,,stevenwheeler@example.com,7038437432,United States,Phillipsmouth,West,,Consumer,Home & Kitchen,Storage Box,2,267.51,0.0,,Net Banking,Shipped,535.02,False,True,unique,unique
ORD11676,Briana Hill,Female,,charles08@example.net,879-362-2951x10848,CANADA,South Jessicachester,South,98471.0,Consumer,Books,Self-Help Book,3,177.8,0.0,,Upi,Cancelled,533.4,False,True,unique,unique
ORD11501,Rachel Brooks,Female,,gregory20@example.org,+1-848-574-7811x282,CANADA,Julieville,East,,Consumer,Clothing,Men's T-Shirt,3,197.49,0.1,,Credit Card,Shipped,533.22,False,True,unique,unique
ORD12029,Robert Rivera Jr.,Male,,adamsdanielle@example.net,251.672.3685,United Kingdom,Amandaburgh,East,,Home Office,Books,Self-Help Book,2,332.03,0.2,,Upi,Shipped,531.25,False,True,unique,unique
ORD10622,James Carroll,Female,,richardsondebbie@example.com,001-551-346-0401x4247,India,South Gregville,North,11785.0,Consumer,Home & Kitchen,Non-stick Pan,2,331.5,0.2,,Credit Card,Returned,530.4,False,True,unique,unique
ORD11238,Jose Walters,Female,,huynhmatthew@example.net,917.271.7030x568,CANADA,Charlesview,West,92074.0,Consumer,Electronics,Smartwatch,2,265.15,0.0,,Credit  Card,Delivered,530.3,False,True,unique,unique
ORD12255,Michael Gibson,,,johnsonjill@example.net,+1-243-297-1182,CANADA,Lake Sally,East,36593.0,Home Office,Clothing,Formal Shirt,5,131.71,0.2,,Credit Card,Pending,526.84,False,True,unique,unique
ORD10774,Christopher Phillips,Male,,epatterson@example.net,+1-374-362-5916x01124,United States,Reneehaven,West,33426.0,Corporate,Sports,Yoga Mat,3,205.43,0.15,2024-01-25,Credit  Card,Shipped,523.85,False,True,unique,unique
ORD12091,James Phillips,Female,,wyattsusan@example.org,,United Kingdom,Lake Samantha,East,98457.0,Consumer,Home & Kitchen,Cushion Cover,5,110.03,0.05,2024-06-12,Cash On Delivery,Pending,522.64,False,True,unique,unique
ORD12008,Tanya Young,Female,2002-10-09,robert60@example.org,,India,West Bethanytown,West,88204.0,Home Office,Electronics,Bluetooth Speaker,2,260.28,0.0,2024-09-26,Cash On Delivery,Returned,520.56,False,True,unique,unique
ORD12657,Christina Rodriguez,Female,,lweber@example.com,(652)517-4565x8988,United Kingdom,Hartport,North,30167.0,Consumer,Home & Kitchen,Cushion Cover,2,273.26,0.05,,Cash On Delivery,Cancelled,519.19,False,True,unique,unique
ORD12758,Bruce Miller Jr.,,,cathy39@example.org,001-342-772-8288,India,Richardsonfurt,East,2301.0,Home Office,Electronics,Smartwatch,2,323.39,0.2,2023-08-03,Cash On Delivery,Delivered,517.42,False,True,unique,unique
ORD11027,Carlos Moore,Female,,,001-281-315-9485x340,India,Lake Shannon,North,97666.0,Corporate,Clothing,Winter Jacket,2,271.68,0.05,,Debit Card,Pending,516.19,False,True,unique,unique
ORD10627,Kelly Johnston,Male,1972-10-28,jodisutton@example.com,515.958.6863x9561,India,Port Heather,South,99240.0,Consumer,Beauty,Face Wash,2,302.82,0.15,,Net Banking,Returned,514.79,False,True,unique,unique
ORD10957,Christopher Howard,Female,,rebecca55@example.org,693-554-5036,India,Port Kimberly,South,25764.0,Home Office,Clothing,Running Shoes,5,108.22,0.05,2024-09-30,Cash On Delivery,Returned,514.04,False,True,unique,unique
ORD12753,John Thompson Md,Male,,michael35@example.com,+1-499-667-3131x2131,United States,West Jeanette,East,50464.0,Consumer,Home & Kitchen,Blender,2,301.08,0.15,2023-10-05,Net Banking,Returned,511.84,False,True,unique,unique
ORD11052,Steve Thornton,Female,1972-11-05,heathercochran@example.com,2294286433,United Kingdom,Nixonstad,South,98687.0,Corporate,Beauty,Face Wash,5,204.6,0.5,,Net Banking,Delivered,511.5,False,True,unique,unique
ORD12249,Susan Benitez,Female,,,(351)577-3131x97493,CANADA,Devinfort,East,89153.0,Corporate,Books,Self-Help Book,2,255.64,0.0,2024-11-24,Debit Card,Returned,511.28,False,True,unique,unique
ORD12076,Zachary Pacheco,Male,,carriebrewer@example.com,(641)483-3788x147,India,Andrewport,North,29647.0,Home Office,Sports,Dumbbell Set,5,204.2,0.5,2024-01-20,Net Banking,Shipped,510.5,False,True,unique,unique
ORD12685,Michael Simmons,Female,,wilsondenise@example.net,925-524-6719x3064,India,Port Allisonstad,West,25748.0,Corporate,Beauty,Face Wash,2,319.04,0.2,,Credit Card,Cancelled,510.46,False,True,duplicates,duplicates
ORD11840,Joshua Gonzales,Female,1961-02-09,qnichols@example.org,,CANADA,Wardfort,East,20707.0,Corporate,Clothing,Running Shoes,2,255.06,0.0,,Cash On Delivery,Shipped,510.12,False,True,unique,unique
ORD12939,Wayne Gonzalez,Male,,hancocktheresa@example.com,,United States,North Dustin,West,55565.0,Consumer,Home & Kitchen,Cushion Cover,2,300.0,0.15,,Debit Card,Cancelled,510.0,False,True,unique,unique
ORD11329,Ricky Hall,Male,1967-03-04,mhodge@example.net,001-490-846-0082x3696,CANADA,East Staceyburgh,North,20118.0,Consumer,Home & Kitchen,Blender,3,169.85,0.0,,Upi,Shipped,509.55,False,True,unique,unique
ORD10865,Maria Arnold,,,jenniferwalker@example.net,001-300-749-8321x12212,CANADA,Williamville,North,93723.0,Corporate,Clothing,Formal Shirt,3,169.5,0.0,,Cash On Delivery,Pending,508.5,False,True,unique,unique
ORD10195,Holly Jimenez,Female,,michael64@example.com,(892)893-1438,CANADA,East Lauren,South,97303.0,Home Office,Books,Self-Help Book,3,199.29,0.15,,Net Banking,Shipped,508.19,False,True,unique,unique
ORD11827,Thomas Lawrence,Female,,valdezanthony@example.org,690.459.6669,India,New Stacey,North,38522.0,Home Office,Books,Kids Story Book,3,211.54,0.2,,Cash On Delivery,Pending,507.7,False,True,unique,unique
ORD10411,Daniel Horton,Male,2002-10-19,ugordon@example.net,643-244-8123x083,UNITED KINGDOM,West Sara,South,35947.0,Consumer,Sports,Football,2,253.68,0.0,,Upi,Cancelled,507.36,False,True,unique,unique
ORD10648,Crystal Collins,Male,1985-08-01,monicaoliver@example.net,+1-324-687-6230x3911,India,New David,East,61126.0,Consumer,Beauty,Hair Serum,5,126.82,0.2,,Cash On Delivery,Pending,507.28,False,True,unique,unique
ORD11533,Sarah Cole,Female,2005-09-03,sbryant@example.net,,United Kingdom,Lake Jennifer,South,96172.0,Home Office,Books,Fiction Novel,2,281.76,0.1,,Cash On Delivery,Shipped,507.17,False,True,unique,unique
ORD11219,Russell Walker,Male,,gsandoval@example.com,(792)520-9490x76341,India,Brittneymouth,South,16883.0,Corporate,Sports,Yoga Mat,2,253.53,0.0,,Credit Card,Cancelled,507.06,False,True,unique,unique
ORD10419,Heather Gilbert,,,huangcassandra@example.org,,India,Morenoburgh,South,,Corporate,Clothing,Formal Shirt,2,297.93,0.15,,Upi,Delivered,506.48,False,True,unique,unique
ORD11461,Robert Pugh,Female,,danielle53@example.net,451-882-7238,UNITED KINGDOM,Melissashire,North,47036.0,Corporate,Clothing,Men's T-Shirt,5,202.47,0.5,2024-09-25,Debit Card,Shipped,506.18,False,True,unique,unique
ORD12260,Jeffrey Wright,Female,,eroy@example.org,+1-549-829-7045,CANADA,Rossberg,West,91563.0,Home Office,Electronics,Wireless Mouse,2,252.06,0.0,,Credit  Card,Delivered,504.12,False,True,unique,unique
ORD10699,Chelsea Holland,Female,1979-10-14,ericjones@example.net,(494)728-9464x2036,United States,Lewisport,South,33511.0,Home Office,Home & Kitchen,Cushion Cover,2,251.94,0.0,2023-03-01,Debit Card,Returned,503.88,False,True,unique,unique
ORD12872,Melissa Ramirez,Female,,benjamin26@example.net,001-608-235-8897x435,United States,Kimberlyside,West,38535.0,Consumer,Clothing,Men's T-Shirt,2,295.66,0.15,2023-04-27,Credit Card,Cancelled,502.62,False,True,unique,unique
ORD11819,Jessica Hartman,,,qwashington@example.com,777-271-4057x702,UNITED STATES,West Miguelport,South,34061.0,Consumer,Beauty,Face Wash,3,334.47,0.5,2024-03-26,Credit  Card,Shipped,501.71,False,True,unique,unique
ORD12316,Candice James,Male,,,856.340.9309,CANADA,Alexanderside,North,,Consumer,Sports,Yoga Mat,2,312.94,0.2,,Net Banking,Pending,500.7,False,True,unique,unique
ORD10302,Darlene Wilkerson,Male,,mejialawrence@example.net,001-263-963-2123x4764,United States,Hollyville,West,,Corporate,Electronics,Wireless Mouse,2,249.06,0.0,,Upi,Shipped,498.12,False,True,unique,unique
ORD12777,Timothy Love,Male,,wroberts@example.org,683-228-4014,United States,Oliverview,West,,Home Office,Home & Kitchen,LED Lamp,5,99.54,0.0,,Cash On Delivery,Returned,497.7,False,True,unique,unique
ORD10388,Amy Patrick,Male,,melaniemichael@example.org,001-902-776-4208x656,United States,Myershaven,North,95758.0,Corporate,Beauty,Sunscreen SPF50,1,497.68,0.0,2023-07-26,Cash On Delivery,Returned,497.68,False,False,unique,unique
ORD10259,Matthew Ruiz,Male,2004-08-30,sanchezdeborah@example.org,,India,Lake Brendan,West,40784.0,Home Office,Electronics,Wireless Mouse,5,199.0,0.5,,Debit Card,Cancelled,497.5,False,True,unique,unique
ORD12712,Matthew Robertson,Female,,lisa72@example.com,,CANADA,North Lorimouth,South,30932.0,Corporate,Beauty,Lipstick Set,2,497.36,0.5,,Credit Card,Cancelled,497.36,False,True,unique,unique
ORD11048,Jason Kennedy,Male,,hermanveronica@example.com,,India,Mckaytown,South,9203.0,Consumer,Beauty,Face Wash,1,497.16,0.0,,Debit Card,Returned,497.16,False,False,unique,unique
ORD11696,Caitlin Jenkins,Male,,jessicagordon@example.com,001-342-973-4497x9925,United States,Port Robert,South,83216.0,Consumer,Books,Cook Book,2,261.43,0.05,,Net Banking,Returned,496.72,False,True,unique,unique
ORD11272,Tara Galvan,Female,,courtney96@example.com,(488)226-7280x0727,India,Lake Elizabethport,South,59146.0,Consumer,Sports,Yoga Mat,1,496.41,0.0,,Credit Card,Returned,496.41,False,False,unique,unique
ORD12448,George Jones,Female,,,(361)435-4270,CANADA,East Debbie,South,,Home Office,Home & Kitchen,Blender,2,247.93,0.0,,Upi,Cancelled,495.86,False,True,unique,unique
ORD12994,John Howell,Male,,bmcfarland@example.net,781-252-7711x527,CANADA,Waltersborough,North,,Corporate,Beauty,Lipstick Set,5,99.16,0.0,,Upi,Returned,495.8,False,True,unique,unique
ORD11055,Sean Mendez,Male,1976-04-24,joshua61@example.com,609-423-3517x4656,India,Liville,East,72536.0,Corporate,Sports,Yoga Mat,1,495.57,0.0,2023-10-08,Credit Card,Delivered,495.57,False,False,unique,unique
ORD10714,Jessica Johnson,Female,,richardhines@example.net,+1-926-841-8696x56130,India,Lake Mariaberg,East,,Corporate,Beauty,Face Wash,5,110.12,0.1,,Cash On Delivery,Delivered,495.54,False,True,unique,unique
ORD10870,Krista Smith,Female,,sarakirby@example.net,(499)900-7686,CANADA,Mahoneybury,North,23741.0,Consumer,Books,Fiction Novel,1,495.38,0.0,,Upi,Returned,495.38,False,False,unique,unique
ORD10665,Lauren Higgins,Female,,spearselizabeth@example.net,+1-594-737-0526,India,North Anthonyview,South,51561.0,Home Office,Electronics,USB-C Hub,1,495.3,0.0,2023-05-17,Credit Card,Returned,495.3,False,False,unique,unique
ORD11492,Ryan Ryan,Male,,gibsoncassie@example.com,3592173930,India,Jennifershire,West,11506.0,Home Office,Books,Kids Story Book,2,495.28,0.5,,Credit Card,Returned,495.28,False,True,unique,unique
ORD12509,Amanda Mayer,Male,,cynthia93@example.net,401-407-5287x997,India,Thomasmouth,North,6702.0,Home Office,Beauty,Lipstick Set,1,494.98,0.0,,Credit  Card,Delivered,494.98,False,False,unique,unique
ORD10997,Mary Owens,Female,,fryekevin@example.net,+1-730-449-1341x03897,CANADA,Andersonshire,East,80834.0,Corporate,Books,Fiction Novel,2,291.05,0.15,,Credit Card,Cancelled,494.78,False,True,unique,unique
ORD10655,Nicole Hunter,Female,,sarahgray@example.net,,India,Simonview,South,,Corporate,Clothing,Women's Jeans,3,164.86,0.0,2023-04-14,Cash On Delivery,Returned,494.58,False,True,unique,unique
ORD11072,Carly Kirby,Male,,mharris@example.net,672-399-4036,India,East Dawnfurt,North,,Corporate,Sports,Yoga Mat,1,494.28,0.0,,Credit  Card,Returned,494.28,False,False,unique,unique
ORD10156,Travis Hull,,,jeffreymercer@example.org,001-209-382-1506x4890,India,North Hannahchester,South,58738.0,Corporate,Electronics,USB-C Hub,1,494.2,0.0,,Net Banking,Returned,494.2,False,False,unique,unique
ORD10458,Austin Garcia,Female,,gmyers@example.org,001-947-632-3549x4012,CANADA,East Leslie,South,9604.0,Corporate,Home & Kitchen,Cushion Cover,1,493.97,0.0,2023-05-02,Cash On Delivery,Pending,493.97,False,False,unique,unique
ORD11877,Jack Elliott,Male,1987-11-09,katie84@example.org,956-251-2343x440,India,South Melissaborough,East,9822.0,Consumer,Books,Self-Help Book,5,109.53,0.1,,Upi,Cancelled,492.88,False,True,unique,unique
ORD10403,Johnathan Miller,Male,,robertgentry@example.org,(443)676-5456,United Kingdom,South Dianamouth,South,,Corporate,Books,Self-Help Book,2,245.8,0.0,,Credit Card,Cancelled,491.6,False,True,unique,unique
ORD11995,Kevin Hudson,Female,1993-12-12,oshepherd@example.net,001-951-266-0323,United States,West Ericatown,North,81114.0,Corporate,Clothing,Men's T-Shirt,3,326.39,0.5,,Credit  Card,Delivered,489.58,False,True,unique,unique
ORD11555,Timothy Fox,Male,,mshields@example.com,275-902-4130,CANADA,Snyderstad,South,68091.0,Consumer,Home & Kitchen,LED Lamp,1,489.34,0.0,,Cash On Delivery,Shipped,489.34,False,False,unique,unique
ORD10973,Joshua Smith,Male,,kharvey@example.org,(642)602-4837,India,Christianfort,South,,Consumer,Home & Kitchen,LED Lamp,5,97.81,0.0,,Credit  Card,Cancelled,489.05,False,True,unique,unique
ORD12731,Joseph Wallace,Female,,bradleymedina@example.com,001-476-704-0962x6292,India,Jameschester,West,22540.0,Corporate,Beauty,Hair Serum,1,488.73,0.0,,Net Banking,Delivered,488.73,False,False,unique,unique
ORD12696,Brandi Freeman,Male,,nicholsjessica@example.com,946-256-6370,CANADA,Katiebury,North,84418.0,Corporate,Beauty,Hair Serum,1,488.22,0.0,,Cash On Delivery,Pending,488.22,False,False,unique,unique
ORD12258,Elaine Jones,Female,,galvanbrianna@example.org,895.810.8327,India,Weavershire,North,69333.0,Consumer,Sports,Yoga Mat,3,171.23,0.05,,Upi,Delivered,488.01,False,True,unique,unique
ORD12045,Mary Francis,Female,1976-07-31,ericawood@example.net,,United Kingdom,Patriciaville,South,14993.0,Corporate,Electronics,USB-C Hub,1,487.31,0.0,2024-06-28,Cash On Delivery,Cancelled,487.31,False,False,unique,unique
ORD11760,Anthony James,Female,,jcruz@example.com,931.825.3612x769,CANADA,Port Michelle,East,99580.0,Home Office,Clothing,Formal Shirt,2,256.3,0.05,2024-11-20,Debit Card,Delivered,486.97,False,True,unique,unique
ORD10308,Cynthia Hayes,Male,,emiller@example.org,,CANADA,Terrifurt,North,90528.0,Home Office,Clothing,Formal Shirt,1,486.92,0.0,,Cash On Delivery,Pending,486.92,False,False,unique,unique
ORD11850,John Leach,,,weaverhector@example.com,4627828507,CANADA,Jeffreytown,North,,Home Office,Clothing,Running Shoes,2,304.15,0.2,,Cash On Delivery,Cancelled,486.64,False,True,unique,unique
ORD11140,Hector Rhodes,Female,,,+1-404-950-2814x3531,India,Kelseybury,South,29834.0,Consumer,Electronics,USB-C Hub,2,286.0,0.15,2024-07-01,Credit Card,Cancelled,486.2,False,True,unique,unique
ORD11092,Jennifer Rodriguez,Male,,stephen90@example.com,(979)260-2425,India,Port Jason,West,86636.0,Corporate,Clothing,Formal Shirt,2,485.68,0.5,,Upi,Delivered,485.68,False,True,unique,unique
ORD11051,Kimberly Santos,Male,,nadams@example.org,(317)605-0221x81698,United Kingdom,East Kristinport,East,36343.0,Consumer,Home & Kitchen,LED Lamp,1,485.59,0.0,,Net Banking,Cancelled,485.59,False,False,unique,unique
ORD11069,Taylor Tapia,Male,,mariolewis@example.net,468-658-6390x6168,India,Lawrencebury,North,81229.0,Home Office,Books,Cook Book,2,242.72,0.0,,Credit Card,Pending,485.44,False,True,unique,unique
ORD11145,Suzanne Padilla,Male,,ericagarcia@example.org,,CANADA,West Kimberly,West,70102.0,Corporate,Beauty,Face Wash,2,485.03,0.5,,Upi,Returned,485.03,False,True,unique,unique
ORD10524,Chris Collins,Female,,ajohnson@example.org,,India,South Faith,West,14451.0,Consumer,Clothing,Winter Jacket,1,484.38,0.0,,Debit Card,Cancelled,484.38,False,False,unique,unique
ORD11187,Jeremy Gonzalez,Male,1964-11-01,karen33@example.org,+1-490-500-9406x565,India,Jennifermouth,East,,Home Office,Home & Kitchen,Storage Box,1,484.3,0.0,,Credit Card,Shipped,484.3,False,False,unique,unique
ORD10056,Shannon Johnston,Female,1988-02-14,zroberts@example.org,829-675-1613x69681,CANADA,Jeffreyburgh,East,10512.0,Home Office,Books,Fiction Novel,2,302.2,0.2,2024-01-08,Net Banking,Cancelled,483.52,False,True,unique,unique
ORD12057,Kevin Mckee,Female,,joseph34@example.net,,United States,Loriberg,West,53608.0,Home Office,Beauty,Hair Serum,1,482.72,0.0,,Debit Card,Returned,482.72,False,False,unique,unique
ORD10180,Kelly Moody,Female,,ckeith@example.net,,United Kingdom,Dakotahaven,North,83543.0,Consumer,Beauty,Sunscreen SPF50,1,482.11,0.0,2024-08-28,Upi,Shipped,482.11,False,False,unique,unique
ORD10913,Elizabeth Morrow,Female,,yware@example.net,9328655132,India,Lake Stevenport,North,,Consumer,Home & Kitchen,Non-stick Pan,2,301.14,0.2,2024-02-11,Net Banking,Shipped,481.82,False,True,unique,unique
ORD10680,Larry Smith,Female,1966-02-06,julievazquez@example.net,(391)832-0330,United States,East Joshua,West,15261.0,Home Office,Books,Self-Help Book,2,301.07,0.2,,Debit Card,Cancelled,481.71,False,True,unique,unique
ORD11303,Mary Benson,Male,,khale@example.com,479.302.5912x04637,UNITED KINGDOM,Whitefurt,East,52309.0,Home Office,Books,Self-Help Book,3,160.34,0.0,,Credit Card,Returned,481.02,False,True,unique,unique
ORD10012,Sarah Jones,Male,,richarddavid@example.net,799.609.1699,CANADA,Lake Jennifer,North,31786.0,Consumer,Sports,Dumbbell Set,1,480.59,0.0,,Net Banking,Delivered,480.59,False,False,unique,unique
ORD12822,Kevin Yang,,,paulespinoza@example.net,598.590.9789x2079,India,North Danielborough,South,53429.0,Consumer,Sports,Cricket Bat,2,240.29,0.0,,Credit Card,Returned,480.58,False,True,unique,unique
ORD12153,Mr. Michael Young,Female,1983-02-21,tyronegreen@example.org,(995)431-2178x94069,CANADA,Griffinberg,East,,Consumer,Sports,Dumbbell Set,5,96.01,0.0,,Credit Card,Pending,480.05,False,True,unique,unique
ORD12968,Mindy Tapia,Female,,ejones@example.org,(975)896-5000x21979,India,Lauramouth,East,1418.0,Consumer,Sports,Football,1,479.29,0.0,2024-04-20,Debit Card,Returned,479.29,False,False,unique,unique
ORD10787,Leah Kim,Female,,leachbrandon@example.com,+1-266-941-1065x41134,India,Craigshire,North,35741.0,Corporate,Books,Kids Story Book,1,477.89,0.0,,Credit Card,Returned,477.89,False,False,unique,unique
ORD12304,Mark Gray,Female,,lindseybryant@example.org,,UNITED KINGDOM,Port Tyler,North,56432.0,Corporate,Books,Cook Book,3,176.81,0.1,,Cash On Delivery,Delivered,477.39,False,True,unique,unique
ORD12351,Brian Fitzgerald,Male,1968-02-29,carloshanson@example.org,506.768.6372x185,India,Jessicaton,North,40441.0,Corporate,Clothing,Men's T-Shirt,5,100.39,0.05,,Credit Card,Shipped,476.85,False,True,unique,unique
ORD10768,Anne Miller,Female,,cobbmary@example.net,,India,South Courtney,West,35238.0,Corporate,Clothing,Women's Jeans,3,167.31,0.05,2024-02-03,Cash On Delivery,Returned,476.83,False,True,unique,unique
ORD12080,Tammie Calderon,Female,,conniebrandt@example.com,376.554.0234x7145,India,Nelsontown,West,17240.0,Consumer,Sports,Yoga Mat,3,175.95,0.1,,Cash On Delivery,Shipped,475.06,False,True,duplicates,duplicates
ORD10525,Michael Garcia,,,martindavid@example.net,(770)976-6046x4197,India,Meganstad,West,,Home Office,Clothing,Formal Shirt,1,474.85,0.0,,Net Banking,Pending,474.85,False,False,unique,unique
ORD10696,Emily Harrison,Female,1984-12-10,mjohnson@example.org,6434655158,CANADA,Grayville,North,31408.0,Consumer,Sports,Yoga Mat,1,499.33,0.05,,Cash On Delivery,Pending,474.36,False,False,unique,unique
ORD11147,David Anderson,Female,,scott72@example.net,+1-511-654-9044x318,India,South Nicole,South,49326.0,Home Office,Home & Kitchen,LED Lamp,1,499.18,0.05,,Credit Card,Delivered,474.22,False,False,unique,unique
ORD11779,Megan Zhang,Male,,jacob62@example.org,(809)331-6426x6331,CANADA,Brianside,West,,Home Office,Books,Cook Book,5,105.36,0.1,,Net Banking,Cancelled,474.12,False,True,unique,unique
ORD12809,Matthew Price,Male,1985-07-13,sarah08@example.net,+1-457-410-7061x140,CANADA,Port Danielle,East,77742.0,Corporate,Home & Kitchen,Non-stick Pan,1,498.7,0.05,,Cash On Delivery,Shipped,473.76,False,False,unique,unique
ORD10324,Stephanie Castaneda,Male,2002-07-15,mccarthysara@example.com,,CANADA,Estesville,North,14380.0,Consumer,Books,Self-Help Book,2,278.6,0.15,,Net Banking,Cancelled,473.62,False,True,unique,unique
ORD12599,Hector Ramirez,Male,,meyersjulie@example.org,638-682-7374x909,CANADA,Riddleside,East,84564.0,Consumer,Sports,Football,1,473.3,0.0,,Cash On Delivery,Shipped,473.3,False,False,unique,unique
ORD10756,Gary Lawrence,,,williamsbrianna@example.net,614.200.4938x819,United Kingdom,Johnland,North,42007.0,Corporate,Home & Kitchen,Cushion Cover,2,262.4,0.1,,Debit Card,Cancelled,472.32,False,True,unique,unique
ORD11122,Brandy Bailey,Male,1988-01-18,elizabethkirk@example.com,+1-378-433-5488x357,India,West Ashleyfort,North,75229.0,Home Office,Electronics,Bluetooth Speaker,3,174.92,0.1,,Cash On Delivery,Returned,472.28,False,True,unique,unique
ORD11357,Samantha Jackson,Female,1977-02-16,blivingston@example.com,001-524-902-5554x689,United States,Banksport,West,14166.0,Corporate,Beauty,Hair Serum,1,472.19,0.0,,Debit Card,Delivered,472.19,False,False,duplicates,duplicates
ORD10980,Scott Pruitt,Female,,mendezkellie@example.com,586.653.8590x67396,United States,Lake Zachary,East,,Home Office,Electronics,Bluetooth Speaker,1,496.28,0.05,,Net Banking,Delivered,471.47,False,False,unique,unique
ORD12827,Zachary Armstrong,Female,,mark07@example.net,001-632-300-8224,United Kingdom,North Courtney,East,,Corporate,Home & Kitchen,Storage Box,1,471.39,0.0,,Net Banking,Cancelled,471.39,False,False,unique,unique
ORD11548,Brandi Thomas,Female,,martincarol@example.org,(727)761-7640x4046,India,North Frankfurt,West,30831.0,Corporate,Beauty,Sunscreen SPF50,2,261.59,0.1,2024-01-04,Credit Card,Returned,470.86,False,True,unique,unique
ORD10984,Christopher Jensen,Female,1999-12-08,xlee@example.com,,United States,West Jesse,East,67692.0,Corporate,Beauty,Lipstick Set,1,470.4,0.0,,Cash On Delivery,Cancelled,470.4,False,False,unique,unique
ORD11714,Ryan Maxwell,Female,,amy18@example.net,5587393408,United States,Cynthiaview,North,18950.0,Consumer,Home & Kitchen,LED Lamp,1,470.32,0.0,2024-05-07,Credit Card,Returned,470.32,False,False,unique,unique
ORD11657,Rebecca Henderson,Female,2002-12-11,lesliejoyce@example.net,6098580401,United States,Port Lesliemouth,South,,Consumer,Beauty,Face Wash,2,469.78,0.5,,Credit  Card,Returned,469.78,False,True,unique,unique
ORD12020,Martin Peterson,Male,,sean85@example.org,,India,Cynthiahaven,North,38008.0,Consumer,Books,Fiction Novel,1,469.16,0.0,,Credit  Card,Delivered,469.16,False,False,unique,unique
ORD12785,Timothy Harris,Male,,garzatina@example.net,4377773110,CANADA,Port Shawn,West,86917.0,Corporate,Clothing,Men's T-Shirt,1,493.8,0.05,,Cash On Delivery,Shipped,469.11,False,False,unique,unique
ORD10099,Jonathan Brooks,Female,,bhopkins@example.org,+1-286-800-8484,India,North Samantha,West,69233.0,Corporate,Electronics,Wireless Mouse,2,234.19,0.0,,Credit Card,Pending,468.38,False,True,unique,unique
ORD11800,Beth Perez,,,grantkristen@example.net,001-957-509-4391x37085,CANADA,Williamsonville,South,30017.0,Home Office,Electronics,Laptop Stand,2,292.53,0.2,2024-11-24,Credit Card,Cancelled,468.05,False,True,unique,unique
ORD10779,Sally Hurst,,,penabruce@example.org,+1-463-604-5306x935,UNITED KINGDOM,West Melanie,North,40554.0,Home Office,Beauty,Lipstick Set,1,467.91,0.0,,Debit Card,Shipped,467.91,False,False,unique,unique
ORD11913,Matthew Walters,Male,,,+1-556-725-0969x412,United States,New Allison,West,81038.0,Corporate,Electronics,USB-C Hub,2,292.34,0.2,2024-03-01,Credit Card,Returned,467.74,False,True,unique,unique
ORD10492,Steven Villanueva,Female,,mcknightbrandon@example.net,(476)276-4722x981,India,Emilymouth,North,50226.0,Corporate,Sports,Football,2,292.26,0.2,,Net Banking,Shipped,467.62,False,True,unique,unique
ORD12024,Lauren Espinoza,Female,1980-08-28,fwelch@example.net,777.464.5808x43196,UNITED KINGDOM,Lake Sergioshire,North,96977.0,Corporate,Sports,Dumbbell Set,1,467.6,0.0,2023-01-27,Credit Card,Pending,467.6,False,False,unique,unique
ORD10477,Jordan Santos,Male,,kimberly30@example.org,8388960870,United Kingdom,South Jacqueline,South,,Corporate,Books,Cook Book,1,467.38,0.0,,Credit Card,Delivered,467.38,False,False,unique,unique
ORD10543,Lauren Marshall,,1986-05-16,florescynthia@example.org,217.817.3189x3974,UNITED KINGDOM,Lake Oliviaborough,East,77694.0,Corporate,Beauty,Hair Serum,1,466.93,0.0,,Debit Card,Shipped,466.93,False,False,unique,unique
ORD12073,Jamie Smith,Male,,bwilliams@example.com,(558)797-8242x56582,CANADA,Jacquelineton,West,82808.0,Consumer,Books,Kids Story Book,1,466.64,0.0,2024-04-26,Cash On Delivery,Delivered,466.64,False,False,unique,unique
ORD12876,Brittany Mcclure,Female,1982-01-27,wilsonbrandon@example.org,965-821-2256x2443,United Kingdom,Port Chelsea,South,20979.0,Corporate,Home & Kitchen,Blender,1,490.98,0.05,2024-06-11,Debit Card,Delivered,466.43,False,False,unique,unique
ORD10103,Willie Henry,Female,,,(862)496-1943x1142,CANADA,Stewartville,North,12496.0,Corporate,Beauty,Lipstick Set,3,155.08,0.0,,Cash On Delivery,Delivered,465.24,False,True,unique,unique
ORD10681,Michelle Greer,Female,,petersonsergio@example.org,,India,Port Miguelchester,West,50141.0,Consumer,Electronics,Bluetooth Speaker,2,464.26,0.5,,Net Banking,Pending,464.26,False,True,unique,unique
ORD10481,Barbara Hardy,Male,,spenceholly@example.net,001-871-907-0449x64104,UNITED KINGDOM,Port Patrickmouth,South,6322.0,Consumer,Home & Kitchen,LED Lamp,1,463.83,0.0,,Credit Card,Cancelled,463.83,False,False,unique,unique
ORD12176,Craig Hayes,Female,,michaelbutler@example.com,001-285-786-4766x95577,CANADA,New Richardstad,North,7350.0,Consumer,Home & Kitchen,Blender,1,488.08,0.05,,Credit  Card,Cancelled,463.68,False,False,unique,unique
ORD10414,Cody Huffman,Female,,lharding@example.net,,CANADA,Andrewburgh,North,23796.0,Corporate,Beauty,Sunscreen SPF50,1,463.36,0.0,,Credit  Card,Delivered,463.36,False,False,unique,unique
ORD12368,Mark Hill,Male,,cortega@example.com,463.997.1031x887,UNITED KINGDOM,Russochester,North,7679.0,Corporate,Beauty,Lipstick Set,1,487.48,0.05,,Net Banking,Cancelled,463.11,False,False,unique,unique
ORD12248,Brent Warren,,,stephen01@example.net,6863752262,CANADA,Davidhaven,North,81067.0,Consumer,Books,Cook Book,1,462.48,0.0,,Cash On Delivery,Delivered,462.48,False,False,unique,unique
ORD12135,Tim Johnson,Female,1961-02-09,robert23@example.com,(746)345-6048,United States,New Brittanyfurt,South,42473.0,Home Office,Electronics,USB-C Hub,1,462.41,0.0,,Net Banking,Shipped,462.41,False,False,unique,unique
ORD11216,Mrs. Nancy Schaefer,Female,,joann21@example.com,438-830-7755x82126,United States,Jeffstad,East,52623.0,Corporate,Books,Kids Story Book,1,462.28,0.0,,Credit  Card,Shipped,462.28,False,False,unique,unique
ORD10395,Robert Young,Female,,melissa32@example.net,,UNITED STATES,New Michael,West,17342.0,Corporate,Books,Fiction Novel,2,462.09,0.5,,Debit Card,Returned,462.09,False,True,unique,unique
ORD11794,Travis Figueroa,Female,,,+1-924-216-1195x4062,India,South Wayneborough,East,,Corporate,Beauty,Face Wash,1,486.23,0.05,,Upi,Cancelled,461.92,False,False,unique,unique
ORD12640,Timothy Harrison,Female,,thomasunderwood@example.net,(646)478-3146,UNITED STATES,Kelseyhaven,East,68298.0,Consumer,Beauty,Hair Serum,3,162.02,0.05,,Debit Card,Returned,461.76,False,True,unique,unique
ORD11193,Bradley Moon,Male,,fgutierrez@example.com,713-513-5183x0258,UNITED STATES,Rachelchester,West,42218.0,Corporate,Clothing,Winter Jacket,2,256.26,0.1,,Credit Card,Shipped,461.27,False,True,unique,unique
ORD11588,Barbara Harvey,Female,,larrywerner@example.org,+1-622-295-0149x628,India,Trujilloshire,North,43547.0,Corporate,Sports,Dumbbell Set,2,460.61,0.5,2023-05-25,Cash On Delivery,Shipped,460.61,False,True,unique,unique
ORD12502,Susan Miller Md,,,hfernandez@example.net,(263)574-1987,CANADA,East Louis,West,96593.0,Home Office,Electronics,USB-C Hub,2,287.87,0.2,2024-01-12,Debit Card,Cancelled,460.59,False,True,unique,unique
ORD12713,Douglas Gutierrez,Female,,harrismary@example.org,(301)992-6860,United Kingdom,New Michael,East,90893.0,Corporate,Beauty,Sunscreen SPF50,3,153.51,0.0,2023-09-23,Cash On Delivery,Shipped,460.53,False,True,unique,unique
ORD11148,Stacie Jennings,Female,,rwebb@example.net,450-862-9179,CANADA,Lisamouth,East,28501.0,Home Office,Beauty,Sunscreen SPF50,2,255.81,0.1,2024-09-17,Debit Card,Delivered,460.46,False,True,unique,unique
ORD10827,Nicholas Griffin,Male,2004-07-28,lucas35@example.net,426-287-4470x173,United Kingdom,Hoganberg,East,29672.0,Home Office,Electronics,Bluetooth Speaker,1,460.16,0.0,,Debit Card,Cancelled,460.16,False,False,unique,unique
ORD11899,Sara Ramirez,,2007-03-06,eoneal@example.org,+1-605-985-8240,United States,Dawsonshire,South,92543.0,Consumer,Home & Kitchen,LED Lamp,2,229.99,0.0,2023-08-24,Cash On Delivery,Shipped,459.98,False,True,unique,unique
ORD11276,Alicia Gonzalez,Male,1978-10-08,yrodriguez@example.org,,United States,Rodriguezport,North,72263.0,Consumer,Electronics,USB-C Hub,1,459.27,0.0,,Credit Card,Delivered,459.27,False,False,unique,unique
ORD11416,Victor Robinson,Male,1999-08-12,farmerjoshua@example.com,(320)994-0037,United Kingdom,Coxside,North,46213.0,Home Office,Books,Kids Story Book,1,459.26,0.0,,Credit  Card,Delivered,459.26,False,False,unique,unique
ORD12167,Joseph Bennett,Female,,leonarddoris@example.org,+1-902-238-8369,CANADA,Port Mary,North,47146.0,Home Office,Home & Kitchen,Storage Box,1,458.95,0.0,,Debit Card,Cancelled,458.95,False,False,unique,unique
ORD11271,Pamela Butler,Female,1965-03-17,oconnorcarol@example.com,388.881.8930x46163,UNITED KINGDOM,Zimmermanstad,East,12113.0,Consumer,Sports,Football,1,458.75,0.0,,Cash On Delivery,Shipped,458.75,False,False,unique,unique
ORD11447,Victoria Mendoza,Male,2000-06-08,maria36@example.com,870-626-3276x765,United States,Aprilfurt,West,50965.0,Corporate,Books,Self-Help Book,1,482.6,0.05,,Net Banking,Returned,458.47,False,False,unique,unique
ORD12141,Christopher Thomas,Male,1980-03-01,morgan54@example.org,962.493.3698x3240,India,Port Victoriastad,East,80680.0,Corporate,Beauty,Sunscreen SPF50,2,269.67,0.15,2024-01-02,Net Banking,Cancelled,458.44,False,True,unique,unique
ORD10631,Michael Watkins,Male,,wallssean@example.net,(374)996-8049,UNITED STATES,South Kelly,East,21832.0,Corporate,Clothing,Women's Jeans,2,286.35,0.2,,Cash On Delivery,Pending,458.16,False,True,unique,unique
ORD10292,Maria Ross,,,garcher@example.com,(271)314-7732,CANADA,Port Carlostown,North,23975.0,Corporate,Books,Self-Help Book,3,179.59,0.15,,Credit Card,Delivered,457.95,False,True,unique,unique
ORD11772,Tyler Simmons,Male,1991-05-18,matthewmoses@example.org,908-240-1579,United States,Taylorhaven,East,,Corporate,Sports,Cricket Bat,2,269.21,0.15,,Credit Card,Shipped,457.66,False,True,unique,unique
ORD10607,Jessica Craig,Female,,vsmith@example.net,959-759-1945,UNITED STATES,Woodport,East,64606.0,Corporate,Home & Kitchen,LED Lamp,1,457.51,0.0,,Net Banking,Pending,457.51,False,False,unique,unique
ORD10794,Christopher Martin,Male,,,440-801-7882x24731,India,South Shellyside,North,,Corporate,Beauty,Face Wash,1,457.08,0.0,2024-11-05,Cash On Delivery,Delivered,457.08,False,False,unique,unique
ORD12428,Karen Campbell,,,russellbailey@example.net,001-230-456-8208x08207,India,North Betty,East,17458.0,Corporate,Sports,Cricket Bat,1,455.97,0.0,,Cash On Delivery,Cancelled,455.97,False,False,unique,unique
ORD10611,David Wiggins,Male,1975-08-08,jbuchanan@example.com,001-553-525-9399,UNITED STATES,Elliotttown,East,41586.0,Home Office,Sports,Football,1,479.26,0.05,,Cash On Delivery,Shipped,455.3,False,False,unique,unique
ORD12773,Bryce Moore,,,pbrown@example.com,,UNITED KINGDOM,North Kathrynside,North,73508.0,Consumer,Beauty,Lipstick Set,1,455.21,0.0,,Credit Card,Returned,455.21,False,False,unique,unique
ORD11790,Brendan Keith,Male,,velazquezdarlene@example.com,+1-763-910-7890x7869,India,Brownside,North,69561.0,Home Office,Clothing,Formal Shirt,1,454.96,0.0,,Debit Card,Delivered,454.96,False,False,unique,unique
ORD10143,Michael Davis,Male,,larellano@example.org,+1-906-686-8793,India,South Raventon,North,66312.0,Consumer,Electronics,Wireless Mouse,2,451.74,0.5,,Cash On Delivery,Returned,451.74,False,True,unique,unique
ORD12553,Shelby Moore,Female,,arodriguez@example.com,734.628.0911,United States,South Williamport,West,79877.0,Consumer,Electronics,Wireless Mouse,2,237.73,0.05,,Debit Card,Shipped,451.69,False,True,unique,unique
ORD11686,Brian Smith,Female,,waltermoore@example.org,,UNITED KINGDOM,Adamborough,East,76636.0,Home Office,Home & Kitchen,Storage Box,1,474.72,0.05,2023-06-30,Upi,Cancelled,450.98,False,False,unique,unique
ORD10387,Matthew Garza,Male,1965-09-18,medinasteven@example.org,337-672-9420x9548,UNITED STATES,Welchborough,East,65384.0,Corporate,Beauty,Lipstick Set,1,450.48,0.0,,Cash On Delivery,Cancelled,450.48,False,False,unique,unique
ORD12460,Douglas Sanders,Female,2005-10-22,jasonburke@example.com,,United States,Michaelberg,East,,Home Office,Electronics,Laptop Stand,3,166.81,0.1,,Upi,Shipped,450.39,False,True,unique,unique
ORD12677,Thomas Alvarez,,,hernandezjessica@example.org,5264210830,CANADA,Port Kristenshire,West,11859.0,Corporate,Sports,Yoga Mat,1,473.5,0.05,,Debit Card,Shipped,449.82,False,False,unique,unique
ORD10816,Jeffrey Howard,Male,,sanchezjennifer@example.org,,India,New Clayton,South,44471.0,Corporate,Home & Kitchen,Cushion Cover,1,499.3,0.1,,Credit Card,Cancelled,449.37,False,False,unique,unique
ORD11720,Joseph Aguilar,Female,,,001-787-688-4204x75983,United States,Mullinston,East,50743.0,Corporate,Beauty,Lipstick Set,5,89.81,0.0,,Credit Card,Returned,449.05,False,True,unique,unique
ORD10829,Scott Thompson,Male,,jacob73@example.org,(509)343-9136x81720,United States,South Cindy,West,46515.0,Corporate,Electronics,Wireless Mouse,1,472.51,0.05,,Cash On Delivery,Shipped,448.88,False,False,unique,unique
ORD10338,Todd Lam,Male,,karenwillis@example.com,586.214.0578x61706,UNITED KINGDOM,Angelashire,East,,Corporate,Books,Cook Book,2,263.93,0.15,2024-05-07,Credit Card,Delivered,448.68,False,True,unique,unique
ORD12690,Amanda Johnson,Male,,vburton@example.com,(838)361-6018,UNITED KINGDOM,Port Johnchester,West,89264.0,Home Office,Home & Kitchen,Storage Box,2,448.21,0.5,2023-07-17,Credit Card,Shipped,448.21,False,True,unique,unique
ORD10749,Timothy Baldwin,Female,,david97@example.org,001-813-671-2436x58585,UNITED STATES,East Meghan,North,34495.0,Corporate,Clothing,Women's Jeans,1,471.09,0.05,2024-11-18,Upi,Returned,447.54,False,False,unique,unique
ORD12834,Jeffery Kelley,,1983-04-14,kcarey@example.org,4228854040,United Kingdom,South Michellehaven,North,,Home Office,Home & Kitchen,Storage Box,1,447.53,0.0,,Cash On Delivery,Delivered,447.53,False,False,unique,unique
ORD10159,Jessica Wilson,Male,,smithdevon@example.net,(455)379-4155,United States,Rossmouth,West,36130.0,Consumer,Sports,Yoga Mat,2,223.65,0.0,,Debit Card,Delivered,447.3,False,True,unique,unique
ORD11237,Samantha Lee,Male,,smithmichael@example.org,617-245-4693x51021,India,East Rhondabury,North,25325.0,Home Office,Beauty,Lipstick Set,1,496.61,0.1,2023-03-05,Net Banking,Pending,446.95,False,False,unique,unique
ORD10098,Katherine Jackson,Male,,,(328)272-8080,India,South Derrickbury,North,9409.0,Home Office,Electronics,Laptop Stand,5,94.09,0.05,,Upi,Pending,446.93,False,True,unique,unique
ORD11719,Beverly Baker,,,xwoods@example.org,474.357.5021x885,India,West Aliciachester,West,5068.0,Corporate,Clothing,Winter Jacket,1,469.84,0.05,2023-06-15,Upi,Pending,446.35,False,False,unique,unique
ORD11701,Kayla Zavala Md,Female,,myersrebecca@example.com,001-350-426-1340x973,India,Port Kelli,North,7765.0,Corporate,Electronics,Wireless Mouse,5,111.46,0.2,,Credit Card,Cancelled,445.84,False,True,unique,unique
ORD12605,Lisa Liu,Male,1979-05-17,mtrujillo@example.org,(839)956-2154x262,UNITED KINGDOM,New Amandaburgh,East,,Consumer,Books,Fiction Novel,1,445.84,0.0,2024-11-09,Credit Card,Shipped,445.84,False,False,unique,unique
ORD10925,Jennifer Ware,,,jefferybaker@example.com,,UNITED STATES,North Christopherside,North,32260.0,Corporate,Sports,Dumbbell Set,1,467.98,0.05,,Credit  Card,Shipped,444.58,False,False,unique,unique
ORD11307,Thomas Gardner,,1967-10-08,kennedyadam@example.net,808.542.8741x627,United Kingdom,Nguyenburgh,South,82382.0,Home Office,Books,Fiction Novel,1,443.75,0.0,,Credit Card,Delivered,443.75,False,False,unique,unique
ORD11443,Brandon Miller,Male,,kyle04@example.com,(236)347-9214,United States,Port Jessicafurt,South,,Corporate,Beauty,Lipstick Set,2,221.63,0.0,2023-03-12,Credit  Card,Shipped,443.26,False,True,unique,unique
ORD10659,Jennifer Ross,Female,,christopher29@example.com,+1-615-506-6626x70551,UNITED KINGDOM,Kochfort,West,52450.0,Corporate,Electronics,Smartwatch,1,442.78,0.0,2024-03-05,Debit Card,Delivered,442.78,False,False,unique,unique
ORD12236,Jacqueline Knight,Female,,,4575986626,United States,New Matthew,East,32120.0,Corporate,Beauty,Sunscreen SPF50,2,221.29,0.0,,Cash On Delivery,Returned,442.58,False,True,unique,unique
ORD10344,Tracy Johnson,Male,,adrianjoyce@example.net,(314)498-7283x9992,UNITED STATES,East Jordanshire,West,30380.0,Home Office,Sports,Cricket Bat,1,442.17,0.0,,Cash On Delivery,Pending,442.17,False,False,unique,unique
ORD11151,Carlos Lucas,Male,,annpeters@example.org,945.802.9586,India,East Deborahton,West,,Corporate,Electronics,USB-C Hub,5,88.41,0.0,2023-07-18,Cash On Delivery,Cancelled,442.05,False,True,unique,unique
ORD12970,James Rodriguez,Male,1999-03-18,harold28@example.net,674-269-7851x3681,CANADA,Josephfurt,South,,Home Office,Sports,Dumbbell Set,3,147.23,0.0,2023-06-19,Credit Card,Cancelled,441.69,False,True,unique,unique
ORD10061,Ivan Cox,Male,,matthewmiranda@example.org,222.714.1888,CANADA,New Nicholas,West,21767.0,Consumer,Beauty,Face Wash,2,220.66,0.0,2023-05-13,Debit Card,Returned,441.32,False,True,unique,unique
ORD10994,Jamie Ford,Male,,ecampbell@example.org,(894)497-2204x298,United States,South Anne,North,17384.0,Consumer,Electronics,Bluetooth Speaker,2,275.78,0.2,,Net Banking,Delivered,441.25,False,True,unique,unique
ORD10583,Stacy Leon,Female,,,,UNITED STATES,Savannahville,East,46252.0,Home Office,Electronics,USB-C Hub,1,441.02,0.0,,Credit  Card,Cancelled,441.02,False,False,unique,unique
ORD11379,Brian Curry,Male,,woodgregory@example.org,001-843-261-1686x114,CANADA,South Charles,North,68186.0,Home Office,Beauty,Lipstick Set,1,441.01,0.0,,Debit Card,Delivered,441.01,False,False,unique,unique
ORD10708,Angel Bentley,Female,1970-10-25,katrinaking@example.com,,CANADA,Brettchester,South,67226.0,Home Office,Sports,Cricket Bat,2,220.29,0.0,,Net Banking,Returned,440.58,False,True,unique,unique
ORD11017,Melissa Archer,Male,,floressteve@example.net,001-818-398-6646x9365,CANADA,East Nicole,South,,Home Office,Home & Kitchen,Non-stick Pan,1,440.45,0.0,,Cash On Delivery,Shipped,440.45,False,False,unique,unique
ORD12823,Jonathon Lee,Male,,jennifermann@example.com,001-867-944-5632x25054,India,Vincentside,West,,Consumer,Home & Kitchen,Blender,1,439.94,0.0,,Debit Card,Pending,439.94,False,False,unique,unique
ORD10413,Teresa Aguilar,Male,1995-04-14,qbautista@example.net,+1-598-837-3543x9627,CANADA,Eddiefort,West,,Home Office,Sports,Yoga Mat,2,231.48,0.05,,Cash On Delivery,Pending,439.81,False,True,unique,unique
ORD10285,Thomas Martin,Female,,,233.989.8881x67112,United States,Larrystad,West,18721.0,Home Office,Electronics,Wireless Mouse,1,462.81,0.05,,Upi,Shipped,439.67,False,False,unique,unique
ORD10776,Nicholas Calhoun,Male,1963-03-02,,743.475.3659x68078,UNITED KINGDOM,Tonyahaven,East,23416.0,Corporate,Home & Kitchen,Cushion Cover,1,439.49,0.0,2023-08-15,Net Banking,Pending,439.49,False,False,unique,unique
ORD10658,Erin Ortega,Female,1985-11-18,linda33@example.org,(574)558-4760x94412,CANADA,South Rebecca,East,13424.0,Corporate,Sports,Football,2,257.99,0.15,2024-05-24,Credit  Card,Returned,438.58,False,True,unique,unique
ORD12886,Brandon Harris,,,watsonluis@example.com,3545755324,United States,Downston,East,,Home Office,Books,Self-Help Book,5,175.27,0.5,2023-01-25,Upi,Pending,438.18,False,True,unique,unique
ORD12159,Keith Gilbert,Male,1984-09-20,,+1-729-648-6309x97285,United Kingdom,South Bettyport,East,29250.0,Corporate,Books,Kids Story Book,2,438.02,0.5,2023-03-04,Credit Card,Delivered,438.02,False,True,unique,unique
ORD10977,Joshua Hayes,Female,,natalie46@example.com,,India,Lake Natalie,East,99462.0,Corporate,Sports,Football,1,486.53,0.1,,Credit Card,Returned,437.88,False,False,unique,unique
ORD12793,Tyrone Hoffman,Female,1993-11-02,ythomas@example.net,(767)734-9586x01500,UNITED STATES,Barbaraport,East,90911.0,Home Office,Electronics,Earbuds,3,153.48,0.05,2023-10-11,Credit  Card,Pending,437.42,False,True,unique,unique
ORD10676,Jonathan Rodgers,Female,,zavalamark@example.net,628-799-1511,United Kingdom,Pamelaburgh,East,76052.0,Home Office,Electronics,USB-C Hub,1,435.98,0.0,2023-06-04,Cash On Delivery,Returned,435.98,False,False,unique,unique
ORD12755,Deanna Hayes,Female,,ronaldbrown@example.com,981-733-5333x6941,United States,New Anthonytown,South,59268.0,Corporate,Clothing,Men's T-Shirt,1,458.91,0.05,,Debit Card,Returned,435.96,False,False,unique,unique
ORD11708,Amanda Larsen,Female,,john48@example.net,001-212-768-1793x00805,United Kingdom,New Davidtown,South,,Home Office,Electronics,Laptop Stand,2,256.06,0.15,,Upi,Cancelled,435.3,False,True,unique,unique
ORD10129,Brendan Anderson,Male,1999-12-16,,799-806-2344,India,Louisview,East,31120.0,Consumer,Beauty,Hair Serum,2,217.47,0.0,2023-02-24,Credit Card,Pending,434.94,False,True,unique,unique
ORD11895,Mark Beck,Female,,brooksashley@example.net,,India,South Tonya,North,,Home Office,Books,Cook Book,1,434.29,0.0,,Debit Card,Delivered,434.29,False,False,unique,unique
ORD10092,Kim Morrow,Male,,eric31@example.org,+1-269-803-3119x07903,United States,Youngborough,East,99379.0,Consumer,Books,Self-Help Book,1,457.05,0.05,,Credit Card,Pending,434.2,False,False,unique,unique
ORD10641,James Wilson,Female,,,(500)214-1884x216,United States,North Danielview,South,,Consumer,Beauty,Hair Serum,2,240.64,0.1,,Cash On Delivery,Cancelled,433.15,False,True,unique,unique
ORD12171,Laura Jackson,Female,,amy52@example.org,901-454-4484,India,South Josephstad,East,14243.0,Corporate,Electronics,USB-C Hub,1,480.79,0.1,2024-08-05,Debit Card,Returned,432.71,False,False,unique,unique
ORD11609,Jonathan Thompson,Male,1982-08-11,christinewalter@example.org,857.802.4093,CANADA,Lake Catherine,North,69773.0,Home Office,Clothing,Formal Shirt,2,254.37,0.15,2023-08-14,Credit Card,Delivered,432.43,False,True,unique,unique
ORD12284,Mr. Robert Wong,Female,,tinamcdaniel@example.net,+1-838-421-4528x789,United States,North Kimberly,West,25023.0,Consumer,Clothing,Running Shoes,2,227.54,0.05,,Credit Card,Shipped,432.33,False,True,unique,unique
ORD10981,Karen Ross,Female,,lauren50@example.net,+1-849-922-1704x8618,United Kingdom,South Peterburgh,North,8521.0,Corporate,Clothing,Men's T-Shirt,2,216.1,0.0,2024-07-10,Credit  Card,Shipped,432.2,False,True,unique,unique
ORD11356,Mark Li,,1996-10-23,timothy56@example.org,727.770.0453,UNITED KINGDOM,Robinsonberg,South,61093.0,Consumer,Sports,Dumbbell Set,1,479.92,0.1,2023-06-11,Net Banking,Pending,431.93,False,False,unique,unique
ORD11488,Valerie Miller,Male,,schavez@example.net,723.653.9330,United States,Jessicamouth,South,,Corporate,Books,Fiction Novel,2,269.02,0.2,,Credit  Card,Returned,430.43,False,True,unique,unique
ORD12018,Sean Woods,,,jasonwaters@example.com,,UNITED STATES,New Melinda,South,50065.0,Corporate,Sports,Cricket Bat,1,430.33,0.0,,Upi,Shipped,430.33,False,False,unique,unique
ORD12355,Michael Brown,Female,,alecsmith@example.org,3376658490,United States,West Ryantown,South,19906.0,Home Office,Books,Self-Help Book,2,429.52,0.5,2024-08-31,Debit Card,Returned,429.52,False,True,unique,unique
ORD12122,Jeffrey Williams,Female,,vfloyd@example.com,918-981-6182,United Kingdom,West Madison,East,,Consumer,Sports,Dumbbell Set,1,477.08,0.1,2023-12-05,Credit Card,Pending,429.37,False,False,unique,unique
ORD10144,Laura Mcgrath,Male,,kthompson@example.org,620.761.6329,India,North Paulfurt,West,72859.0,Corporate,Clothing,Winter Jacket,2,225.78,0.05,2023-08-27,Net Banking,Shipped,428.98,False,True,unique,unique
ORD10453,Brandon Ramsey,,,,+1-600-740-1041,UNITED KINGDOM,Nelsonburgh,North,18557.0,Home Office,Electronics,Earbuds,1,476.65,0.1,,Cash On Delivery,Cancelled,428.98,False,False,unique,unique
ORD11781,Jason Perez,,,ruizryan@example.com,(941)330-2286,CANADA,South Robertchester,West,3345.0,Home Office,Beauty,Sunscreen SPF50,1,476.57,0.1,,Credit Card,Shipped,428.91,False,False,unique,unique
ORD12163,Heather Brown,Male,,scott72@example.net,001-505-255-2378,CANADA,Christiefort,South,45711.0,Corporate,Books,Kids Story Book,2,237.81,0.1,,Upi,Shipped,428.06,False,True,unique,unique
ORD10499,Rachel Brown,Female,,emily66@example.com,(464)504-7350x47639,India,New Cherylberg,North,79794.0,Home Office,Clothing,Women's Jeans,1,450.4,0.05,,Credit Card,Delivered,427.88,False,False,unique,unique
ORD10712,Jonathan Collins,Male,,stephaniezamora@example.org,(834)226-6980,India,Mooreville,East,60424.0,Consumer,Electronics,Bluetooth Speaker,1,427.25,0.0,,Cash On Delivery,Returned,427.25,False,False,unique,unique
ORD11983,Steven Barr,,1982-01-29,ckelly@example.com,2986020752,CANADA,Mcguireshire,South,,Corporate,Books,Cook Book,1,426.13,0.0,,Debit Card,Pending,426.13,False,False,unique,unique
ORD10139,Amber Kim,Female,,nicolesnyder@example.com,,India,Amyville,West,63348.0,Consumer,Clothing,Formal Shirt,2,212.81,0.0,,Credit Card,Delivered,425.62,False,True,unique,unique
ORD12063,Ricky Peterson,Female,,wongmatthew@example.org,,CANADA,New Jefferychester,South,82517.0,Consumer,Home & Kitchen,Storage Box,2,223.77,0.05,,Credit Card,Pending,425.16,False,True,unique,unique
ORD10835,James Whitaker,Female,,plin@example.org,+1-518-604-6741x3075,India,Lake Annaberg,North,2277.0,Home Office,Electronics,USB-C Hub,1,472.13,0.1,,Net Banking,Delivered,424.92,False,False,unique,unique
ORD12325,Chad Singleton,Female,2003-07-29,victorwells@example.net,(304)937-7587x2537,United States,North Gail,South,42880.0,Consumer,Sports,Football,1,424.8,0.0,,Upi,Delivered,424.8,False,False,unique,unique
ORD12402,Todd Odonnell,,,keithcrawford@example.net,+1-332-281-8167x1771,CANADA,West Bradley,West,7483.0,Consumer,Home & Kitchen,Non-stick Pan,1,424.59,0.0,,Upi,Pending,424.59,False,False,unique,unique
ORD12346,Kimberly Nash,Female,,kylecaldwell@example.com,001-405-310-4730x8028,CANADA,North Janet,South,91890.0,Corporate,Books,Kids Story Book,1,499.33,0.15,,Debit Card,Delivered,424.43,False,False,unique,unique
ORD10617,Marvin Terry,Female,,robinsonjesse@example.org,(985)256-6084,CANADA,Pierceton,South,26731.0,Corporate,Sports,Football,1,446.26,0.05,,Credit Card,Shipped,423.95,False,False,unique,unique
ORD11484,Marc Davis,Male,,jason83@example.org,,United Kingdom,Sheritown,South,82750.0,Corporate,Electronics,Bluetooth Speaker,1,423.35,0.0,,Credit  Card,Returned,423.35,False,False,unique,unique
ORD12482,Mercedes Cortez,Male,,gbray@example.com,001-433-244-5397x508,United States,New Jennifer,South,42729.0,Corporate,Beauty,Hair Serum,1,445.06,0.05,,Upi,Cancelled,422.81,False,False,unique,unique
ORD12027,Wendy Shepherd,Male,,masonlozano@example.com,+1-628-263-2702x317,CANADA,New Julia,West,6329.0,Corporate,Beauty,Hair Serum,1,469.71,0.1,2024-12-03,Net Banking,Pending,422.74,False,False,unique,unique
ORD10847,Kevin Mason,Male,,ncummings@example.net,+1-488-394-1321x09720,India,Gillfort,North,,Home Office,Electronics,Smartwatch,1,422.7,0.0,2023-08-27,Credit  Card,Pending,422.7,False,False,unique,unique
ORD11705,James Lopez,Female,,diaztimothy@example.net,001-975-519-3784x95312,UNITED KINGDOM,Kathyview,North,,Corporate,Sports,Dumbbell Set,1,422.66,0.0,2024-08-12,Credit Card,Shipped,422.66,False,False,unique,unique
ORD10948,Scott Patterson,Female,,edwardserin@example.net,367-207-8977x55426,UNITED STATES,Port Kimberly,West,34536.0,Home Office,Sports,Dumbbell Set,1,422.08,0.0,,Credit Card,Pending,422.08,False,False,unique,unique
ORD12560,Marie Johnson,Male,1966-02-17,michaelvega@example.org,689-810-0492,UNITED STATES,Port Katherineberg,North,71551.0,Corporate,Books,Self-Help Book,2,248.15,0.15,,Upi,Shipped,421.86,False,True,unique,unique
ORD11654,Andrew Boyle Jr.,Male,,barrerarebecca@example.net,001-938-881-1209x966,CANADA,South Frank,West,2788.0,Home Office,Electronics,USB-C Hub,2,421.44,0.5,,Credit Card,Cancelled,421.44,False,True,unique,unique
ORD11807,Edwin Hansen,Female,,dylankoch@example.com,8659299053,India,East Andrewmouth,West,21329.0,Corporate,Sports,Yoga Mat,1,421.3,0.0,,Cash On Delivery,Shipped,421.3,False,False,unique,unique
ORD10155,Michael Sims,Female,,larry16@example.net,001-742-810-4478,India,West Wendy,North,64749.0,Consumer,Sports,Dumbbell Set,1,421.19,0.0,,Credit Card,Pending,421.19,False,False,unique,unique
ORD11837,Eric Hancock,Male,,qgarza@example.net,001-386-617-5418x2771,United States,South Brianside,West,3261.0,Home Office,Clothing,Men's T-Shirt,2,233.75,0.1,,Cash On Delivery,Shipped,420.75,False,True,unique,unique
ORD11782,Tracy Diaz,,,qroberts@example.com,,United States,West Thomasfort,North,44689.0,Home Office,Electronics,Earbuds,1,466.91,0.1,,Cash On Delivery,Delivered,420.22,False,False,unique,unique
ORD10058,Donald Brown,Female,,,977-200-5411x9986,United Kingdom,Stoutshire,West,85938.0,Home Office,Books,Cook Book,1,442.25,0.05,,Credit Card,Delivered,420.14,False,False,unique,unique
ORD10220,David Moreno,Male,,bgarner@example.com,+1-455-743-8404x60843,India,Sandovalland,West,96169.0,Home Office,Home & Kitchen,Cushion Cover,2,209.39,0.0,,Debit Card,Delivered,418.78,False,True,unique,unique
ORD10174,Anthony Bauer,Female,,rhondarussell@example.com,+1-366-750-6180x9190,India,West Kristinport,East,80004.0,Corporate,Beauty,Sunscreen SPF50,2,418.68,0.5,,Credit Card,Cancelled,418.68,False,True,unique,unique
ORD11897,Courtney Scott,Male,,,+1-291-219-2689,India,Bernardton,West,,Consumer,Beauty,Face Wash,1,492.55,0.15,,Net Banking,Returned,418.67,False,False,unique,unique
ORD11034,Kimberly Johnson,Female,1989-10-25,julie34@example.net,001-909-461-9797,United States,Matthewberg,South,,Home Office,Clothing,Winter Jacket,1,418.44,0.0,,Net Banking,Delivered,418.44,False,False,unique,unique
ORD10282,Matthew Stafford,Female,,pknox@example.org,8146719597,UNITED STATES,Mccannville,North,,Corporate,Beauty,Lipstick Set,3,278.94,0.5,,Credit Card,Cancelled,418.41,False,True,unique,unique
ORD11025,Jessica Moore,Female,2001-01-19,jasminelee@example.net,+1-556-346-1497x45979,India,New Holly,West,,Home Office,Beauty,Lipstick Set,5,98.41,0.15,,Credit Card,Cancelled,418.24,False,True,unique,unique
ORD12473,Nicholas Hunt,Male,,william91@example.com,001-690-954-2487x84041,United States,West Adamhaven,West,,Consumer,Home & Kitchen,LED Lamp,1,418.2,0.0,,Upi,Pending,418.2,False,False,unique,unique
ORD11425,Joshua Lowery,Female,,cwebb@example.org,(556)327-7402x1572,CANADA,West Earl,East,24003.0,Home Office,Books,Self-Help Book,2,209.08,0.0,,Credit Card,Delivered,418.16,False,True,unique,unique
ORD12603,Travis Simpson,Male,,phillip07@example.org,+1-509-358-3042x8632,India,East Richardmouth,East,65665.0,Corporate,Beauty,Lipstick Set,1,491.8,0.15,,Upi,Delivered,418.03,False,False,unique,unique
ORD11919,Courtney Villa,,,stevensdonna@example.org,001-451-236-2238x01370,India,Port Candicetown,North,,Consumer,Beauty,Hair Serum,1,439.71,0.05,,Credit Card,Delivered,417.72,False,False,unique,unique
ORD11428,Kimberly Tyler,Male,,,837-479-8240x211,UNITED STATES,North Jay,South,,Home Office,Electronics,Bluetooth Speaker,2,232.0,0.1,,Cash On Delivery,Pending,417.6,False,True,unique,unique
ORD12197,Dr. Casey Waters,Male,,lutzjohn@example.org,(641)325-0383,United States,West Thomas,West,,Consumer,Sports,Dumbbell Set,1,417.41,0.0,,Credit Card,Shipped,417.41,False,False,unique,unique
ORD10518,Melanie Roberts,Female,,christopher34@example.org,,UNITED STATES,Greenville,West,68269.0,Corporate,Clothing,Formal Shirt,1,463.23,0.1,,Cash On Delivery,Cancelled,416.91,False,False,unique,unique
ORD11481,Mark Davis,Female,,emily05@example.com,(413)435-8508x143,India,Nolanchester,North,,Consumer,Clothing,Running Shoes,1,416.82,0.0,,Cash On Delivery,Cancelled,416.82,False,False,unique,unique
ORD10480,Emma Weaver,Male,,rachel97@example.com,,India,East Rhondahaven,South,30717.0,Consumer,Sports,Dumbbell Set,5,98.04,0.15,,Cash On Delivery,Returned,416.67,False,True,unique,unique
ORD10087,Norman Gibbs,Male,1987-11-08,gregorychase@example.com,(585)916-1227x53046,CANADA,Stephanieport,West,76845.0,Consumer,Home & Kitchen,LED Lamp,1,490.05,0.15,2024-06-11,Upi,Returned,416.54,False,False,unique,unique
ORD10069,Robert Adams,Female,,mmiller@example.org,+1-845-411-5447,India,Bellton,East,,Corporate,Home & Kitchen,Storage Box,1,416.37,0.0,,Debit Card,Delivered,416.37,False,False,unique,unique
ORD10295,Diane Brown,Male,1988-12-10,marybailey@example.net,001-705-261-6556,CANADA,East Jimmy,West,41408.0,Home Office,Clothing,Winter Jacket,2,244.7,0.15,2024-03-08,Debit Card,Returned,415.99,False,True,unique,unique
ORD10754,Wayne Hess,Male,,travis36@example.org,730-909-6258,UNITED KINGDOM,Warnerview,East,65535.0,Consumer,Sports,Cricket Bat,2,415.99,0.5,2023-01-22,Debit Card,Cancelled,415.99,False,True,unique,unique
ORD12609,Robin Weber,Male,,,468-550-0947x9479,India,Roweville,North,51352.0,Consumer,Electronics,Laptop Stand,1,415.68,0.0,,Credit Card,Pending,415.68,False,False,unique,unique
ORD11285,Kelli Rodriguez,,,collinsstacy@example.com,632-951-7904,United Kingdom,New Michaeltown,East,75542.0,Corporate,Home & Kitchen,Cushion Cover,1,436.96,0.05,,Credit Card,Delivered,415.11,False,False,unique,unique
ORD12938,Randy Wheeler,Female,,donald97@example.org,726.783.2334x8337,India,Littlebury,South,65064.0,Corporate,Beauty,Sunscreen SPF50,1,414.94,0.0,,Credit  Card,Delivered,414.94,False,False,unique,unique
ORD12699,Tabitha Lucas,Female,,nathanielgarcia@example.org,,India,Colinstad,West,82050.0,Home Office,Books,Kids Story Book,1,459.82,0.1,,Cash On Delivery,Cancelled,413.84,False,False,unique,unique
ORD11867,Ashley Black,,1981-08-21,angelalambert@example.net,439.423.8986,India,Deborahview,East,55971.0,Consumer,Beauty,Lipstick Set,5,82.75,0.0,2024-04-18,Upi,Shipped,413.75,False,True,unique,unique
ORD12618,Lance Garcia,Male,2008-03-25,diamond62@example.net,,United States,East Joycetown,South,22698.0,Corporate,Home & Kitchen,LED Lamp,1,413.41,0.0,2023-09-21,Credit  Card,Cancelled,413.41,False,False,unique,unique
ORD11838,Megan Roy,Male,,kwilliams@example.com,686.450.4441x4429,UNITED STATES,Snydertown,South,,Consumer,Clothing,Winter Jacket,2,206.61,0.0,,Debit Card,Pending,413.22,False,True,unique,unique
ORD11269,Patrick Anderson,Male,2001-07-01,patricia63@example.com,(400)276-1504,India,Catherinefurt,South,66164.0,Consumer,Electronics,Earbuds,1,458.58,0.1,,Debit Card,Delivered,412.72,False,False,unique,unique
ORD11455,Traci Choi,Male,1965-07-08,reginawright@example.com,870.658.0791x06510,United States,South Barrymouth,North,,Corporate,Clothing,Winter Jacket,2,206.28,0.0,2024-01-21,Credit Card,Returned,412.56,False,True,unique,unique
ORD10450,Anthony Snyder,Female,,robert17@example.org,,United Kingdom,Brittanybury,South,76052.0,Consumer,Clothing,Running Shoes,1,412.14,0.0,,Debit Card,Pending,412.14,False,False,unique,unique
ORD10020,Dustin Jordan,Male,,steven73@example.net,221.248.9513x4332,CANADA,South Cheryl,South,,Home Office,Books,Self-Help Book,2,206.01,0.0,,Credit Card,Pending,412.02,False,True,unique,unique
ORD10602,Jerry Hamilton,Female,1962-07-17,vhopkins@example.net,,India,East Monicatown,East,96791.0,Corporate,Clothing,Running Shoes,2,412.01,0.5,,Cash On Delivery,Returned,412.01,False,True,unique,unique
ORD11203,Jonathan Chandler,Female,,smyers@example.com,901.965.5623,India,Baileybury,South,10209.0,Corporate,Beauty,Lipstick Set,5,164.74,0.5,,Credit Card,Shipped,411.85,False,True,unique,unique
ORD10378,Mary Martin,Female,,newmansabrina@example.com,001-891-683-6264x488,UNITED KINGDOM,Goodwinland,West,14823.0,Consumer,Clothing,Women's Jeans,2,228.78,0.1,,Debit Card,Pending,411.8,False,True,unique,unique
ORD11160,Jennifer Mendoza,Female,,iedwards@example.net,(598)970-3688x3004,UNITED STATES,South Jessica,South,90953.0,Consumer,Home & Kitchen,Cushion Cover,3,161.09,0.15,2024-09-07,Credit  Card,Pending,410.78,False,True,unique,unique
ORD11163,Timothy Taylor,Female,,ramirezmelissa@example.com,(858)518-9810x61735,United Kingdom,South Jamesville,South,22542.0,Consumer,Beauty,Lipstick Set,1,410.61,0.0,,Credit Card,Shipped,410.61,False,False,unique,unique
ORD10722,Melissa Kim,Male,,nancyryan@example.org,828.856.0539x70798,India,South Timothyton,South,53278.0,Consumer,Books,Kids Story Book,1,482.78,0.15,2024-09-20,Credit Card,Cancelled,410.36,False,False,unique,unique
ORD11890,Samuel Merritt,Male,,morriskimberly@example.com,(589)207-8162,United Kingdom,Rodriguezton,West,63284.0,Consumer,Books,Cook Book,2,205.15,0.0,,Credit Card,Cancelled,410.3,False,True,unique,unique
ORD10954,James Bailey,Female,,bbrown@example.net,,India,Chavezmouth,East,22998.0,Home Office,Electronics,Laptop Stand,2,227.93,0.1,2023-11-28,Upi,Pending,410.27,False,True,unique,unique
ORD10563,Sean Arellano,Female,,shawnbaker@example.com,948-355-2457,CANADA,Kathrynview,East,8773.0,Consumer,Sports,Cricket Bat,3,273.02,0.5,2024-07-24,Debit Card,Returned,409.53,False,True,unique,unique
ORD12361,Melissa Gonzalez,Female,,lmcintosh@example.org,(827)633-0890x34544,United States,Port Gregory,East,,Consumer,Electronics,Earbuds,3,143.58,0.05,,Credit Card,Returned,409.2,False,True,unique,unique
ORD12454,Betty Faulkner,Female,,tesparza@example.org,335.319.9972,United Kingdom,West Dennisburgh,North,58425.0,Consumer,Clothing,Running Shoes,2,240.04,0.15,,Net Banking,Cancelled,408.07,False,True,unique,unique
ORD12461,Paula Huff,Male,,hollowaylaura@example.com,+1-830-497-8039x9346,CANADA,Lake Timothyborough,East,74316.0,Consumer,Beauty,Hair Serum,1,429.51,0.05,,Net Banking,Shipped,408.03,False,False,unique,unique
ORD12037,Latoya Klein,Female,1971-10-19,katherinemunoz@example.com,976-829-4846,India,Brianside,East,99279.0,Home Office,Home & Kitchen,Blender,1,453.3,0.1,,Credit Card,Shipped,407.97,False,False,unique,unique
ORD12492,Brittney Weaver,Female,,eric42@example.com,761-773-7201x70117,UNITED STATES,Heathermouth,North,,Corporate,Clothing,Running Shoes,1,479.52,0.15,2023-12-02,Credit Card,Delivered,407.59,False,False,unique,unique
ORD12804,Kirsten Bates,Female,,nrichards@example.org,809.213.8919,United States,North Michele,North,,Home Office,Beauty,Hair Serum,1,428.64,0.05,,Debit Card,Delivered,407.21,False,False,unique,unique
ORD11685,James Frazier,Female,,rose86@example.com,+1-873-874-4966x60723,United Kingdom,Port Kellyfort,South,35014.0,Home Office,Sports,Dumbbell Set,2,407.12,0.5,,Cash On Delivery,Shipped,407.12,False,True,unique,unique
ORD11530,Andrew Ward,Female,,matthew86@example.net,873-641-8807,UNITED STATES,East Connieville,West,,Corporate,Beauty,Lipstick Set,1,428.13,0.05,2023-09-11,Cash On Delivery,Shipped,406.72,False,False,unique,unique
ORD10892,Kellie Harvey,Female,,caguilar@example.org,+1-357-259-5828,UNITED STATES,East Charles,West,98174.0,Corporate,Electronics,USB-C Hub,1,406.55,0.0,,Upi,Cancelled,406.55,False,False,unique,unique
ORD10374,John Martin,Female,,pthompson@example.com,897-834-7156x6277,United States,Port Stephanie,South,63677.0,Home Office,Books,Kids Story Book,2,203.15,0.0,,Credit Card,Returned,406.3,False,True,unique,unique
ORD10732,Michele Perkins,Male,,millermichael@example.com,515-847-1553x1325,India,Lunahaven,North,,Corporate,Home & Kitchen,LED Lamp,5,81.2,0.0,,Upi,Delivered,406.0,False,True,unique,unique
ORD11487,Phillip King,Male,,edward72@example.org,+1-936-270-2751x00568,United States,Rileymouth,West,61103.0,Corporate,Electronics,Wireless Mouse,2,405.91,0.5,2024-11-29,Net Banking,Shipped,405.91,False,True,unique,unique
ORD12381,Brittany Cisneros,Female,1978-02-25,jilljackson@example.org,2788141257,India,Leachmouth,North,65803.0,Consumer,Electronics,Bluetooth Speaker,2,405.69,0.5,,Cash On Delivery,Shipped,405.69,False,True,unique,unique
ORD11119,Jacob Bishop,Female,,dpowell@example.com,709-496-8334x4009,India,Port Mary,South,18642.0,Home Office,Sports,Yoga Mat,1,450.32,0.1,,Net Banking,Cancelled,405.29,False,False,unique,unique
ORD12740,Nicholas Moore,Male,1978-10-28,bowerscarlos@example.org,,United Kingdom,West Jonathan,East,,Corporate,Clothing,Winter Jacket,2,405.13,0.5,,Cash On Delivery,Delivered,405.13,False,True,unique,unique
ORD10932,Kimberly Kaiser,Male,,reedcorey@example.org,4215254341,United States,North Jeanetteton,North,41258.0,Consumer,Sports,Football,2,202.34,0.0,,Cash On Delivery,Shipped,404.68,False,True,unique,unique
ORD10461,Mary Thomas,Female,,beckydominguez@example.com,(731)736-1487x824,UNITED KINGDOM,Lawrenceview,South,41044.0,Consumer,Electronics,Bluetooth Speaker,2,212.99,0.05,,Debit Card,Cancelled,404.68,False,True,unique,unique
ORD12275,Victoria Williams Dds,Female,,ymason@example.net,001-833-405-3740,UNITED KINGDOM,Donaldville,West,7753.0,Consumer,Electronics,Wireless Mouse,1,404.24,0.0,,Cash On Delivery,Shipped,404.24,False,False,unique,unique
ORD11791,Brian Nunez,Female,1991-01-12,danielle74@example.com,934.235.9736,United States,Lake Ronaldstad,South,20979.0,Consumer,Clothing,Winter Jacket,1,448.97,0.1,,Cash On Delivery,Returned,404.07,False,False,unique,unique
ORD10105,Eric Snyder,Male,,thill@example.com,354-437-9937,United Kingdom,Adamfurt,East,,Home Office,Clothing,Running Shoes,2,252.15,0.2,,Cash On Delivery,Pending,403.44,False,True,unique,unique
ORD11577,Kaylee Wyatt,Female,,qjohnson@example.com,,United States,West Sarahborough,East,,Consumer,Sports,Football,1,403.21,0.0,,Credit Card,Cancelled,403.21,False,False,unique,unique
ORD12855,Mark Foster,,,seth01@example.com,+1-303-543-1629x23562,CANADA,Lisabury,North,48949.0,Corporate,Home & Kitchen,Blender,2,223.96,0.1,,Credit  Card,Delivered,403.13,False,True,unique,unique
ORD10418,Shawn Cruz,Female,,,,United States,South Gavinville,East,29929.0,Consumer,Clothing,Winter Jacket,1,473.38,0.15,,Net Banking,Pending,402.37,False,False,unique,unique
ORD12884,Kevin Long,Female,1966-11-20,millerandrew@example.org,001-568-785-3591,United States,Lake Ronnie,South,65757.0,Corporate,Sports,Cricket Bat,1,445.5,0.1,2024-10-25,Net Banking,Returned,400.95,False,False,unique,unique
ORD12299,Steven Bates,Male,,sandra86@example.org,684-601-6170x6491,CANADA,Jasonbury,West,65021.0,Consumer,Home & Kitchen,Non-stick Pan,5,89.0,0.1,2024-05-18,Cash On Delivery,Delivered,400.5,False,True,unique,unique
ORD11736,Patricia Payne,Male,,charlenewalker@example.org,(828)678-9715x359,United States,Hardingchester,North,69477.0,Home Office,Electronics,Laptop Stand,1,470.97,0.15,,Net Banking,Returned,400.32,False,False,unique,unique
ORD12975,Kyle Chang,Female,,ghorton@example.com,910.874.9148,India,Gregoryborough,East,,Home Office,Books,Cook Book,2,200.09,0.0,,Net Banking,Shipped,400.18,False,True,unique,unique
ORD11403,Jordan Todd,Male,2000-03-01,zmaynard@example.com,001-510-625-0666x86067,India,Butlerland,North,,Home Office,Sports,Cricket Bat,1,400.01,0.0,,Credit  Card,Delivered,400.01,False,False,unique,unique
ORD10507,Jacqueline Munoz,Female,,sharonho@example.net,,United Kingdom,East Alice,West,62612.0,Consumer,Home & Kitchen,Cushion Cover,2,249.99,0.2,,Cash On Delivery,Returned,399.98,False,True,unique,unique
ORD11573,Angel Martinez,,,hamptonsabrina@example.com,(546)894-7629,United Kingdom,Derrickhaven,West,47934.0,Consumer,Electronics,Earbuds,1,420.69,0.05,,Debit Card,Pending,399.66,False,False,unique,unique
ORD11786,Taylor Powell,Female,,gjohnson@example.org,+1-401-212-7383x1817,UNITED KINGDOM,West Theodore,South,50397.0,Home Office,Beauty,Sunscreen SPF50,2,199.5,0.0,,Credit Card,Delivered,399.0,False,True,unique,unique
ORD12512,Kathryn Hill,Female,,ojones@example.net,,India,Kevintown,West,89476.0,Consumer,Home & Kitchen,Cushion Cover,1,398.98,0.0,,Net Banking,Returned,398.98,False,False,unique,unique
ORD12591,Michael Sharp Phd,Female,,christopher80@example.net,,India,Port Ryan,East,,Corporate,Clothing,Running Shoes,2,199.41,0.0,,Debit Card,Delivered,398.82,False,True,unique,unique
ORD12871,Derrick Meadows,Female,,yflowers@example.org,959-838-0962,India,North Aprilshire,North,,Home Office,Electronics,Smartwatch,1,442.71,0.1,,Credit Card,Pending,398.44,False,False,unique,unique
ORD10355,Mary Pugh,Male,,ejohns@example.org,(823)538-6559,United States,Port Christinaborough,East,70685.0,Corporate,Sports,Cricket Bat,1,468.73,0.15,,Credit  Card,Pending,398.42,False,False,unique,unique
ORD10166,Jonathan Moreno,Female,1962-12-06,eroberson@example.net,,India,Lake Beth,North,96248.0,Consumer,Books,Kids Story Book,2,209.49,0.05,,Debit Card,Pending,398.03,False,True,unique,unique
ORD10790,Stanley Gallagher,Female,1977-10-22,omarturner@example.org,+1-709-352-1755,CANADA,Tuckerport,South,,Consumer,Books,Fiction Novel,1,397.65,0.0,2024-05-30,Credit Card,Cancelled,397.65,False,False,unique,unique
ORD11366,Mitchell Carson,Male,2003-11-09,jennifer25@example.com,,CANADA,Brandyton,West,,Consumer,Clothing,Running Shoes,2,233.7,0.15,,Credit Card,Delivered,397.29,False,True,unique,unique
ORD10005,Shannon Hernandez,,,ycarlson@example.com,+1-878-448-0184x514,United States,Smithview,South,66113.0,Consumer,Electronics,Bluetooth Speaker,1,397.08,0.0,2024-07-10,Upi,Shipped,397.08,False,False,unique,unique
ORD11683,Kristina Kelly,,1985-10-11,jeffreyjohnson@example.com,+1-741-248-6329x0850,India,Sharonhaven,West,65457.0,Corporate,Beauty,Hair Serum,3,132.34,0.0,2024-04-27,Credit  Card,Pending,397.02,False,True,unique,unique
ORD12746,Rachel Moses,Female,,gabrielmaxwell@example.org,364-653-2442,United States,Davistown,East,37732.0,Corporate,Books,Kids Story Book,2,198.42,0.0,,Credit  Card,Cancelled,396.84,False,True,unique,unique
ORD12810,Gregory Cook,Female,1977-06-28,pamelamatthews@example.com,6948436048,CANADA,New Danielport,West,42853.0,Home Office,Home & Kitchen,Non-stick Pan,3,164.93,0.2,2023-11-17,Net Banking,Delivered,395.83,False,True,unique,unique
ORD11445,Jennifer Williams,Male,,stephenreynolds@example.org,+1-320-758-6997x24597,India,Robynmouth,South,81511.0,Home Office,Electronics,Laptop Stand,1,395.39,0.0,,Debit Card,Returned,395.39,False,False,unique,unique
ORD10916,Bianca Kim,Male,,uduncan@example.net,,UNITED STATES,South Cathy,West,96231.0,Consumer,Sports,Football,2,395.07,0.5,,Net Banking,Cancelled,395.07,False,True,unique,unique
ORD12013,Mark Matthews,Female,,hoopernancy@example.net,316-679-5202x7989,UNITED KINGDOM,Melissaside,West,11101.0,Corporate,Sports,Cricket Bat,2,197.46,0.0,,Debit Card,Returned,394.92,False,True,unique,unique
ORD11024,Mark Miller,,,tmoody@example.net,4278406758,India,Fisherstad,East,75103.0,Home Office,Books,Cook Book,1,393.94,0.0,,Credit  Card,Cancelled,393.94,False,False,unique,unique
ORD11962,Vanessa Ramos,Female,,,+1-751-504-1367x77679,India,Lake Stephanie,North,36062.0,Corporate,Beauty,Lipstick Set,1,414.41,0.05,,Credit Card,Delivered,393.69,False,False,unique,unique
ORD12117,Richard Miller,Female,1970-10-05,dickersonhannah@example.com,,India,Hayesmouth,East,,Home Office,Beauty,Sunscreen SPF50,1,393.68,0.0,,Credit  Card,Shipped,393.68,False,False,unique,unique
ORD10506,Jeffrey Stanton,Female,1962-06-22,osimpson@example.net,728.466.0416x4485,India,West Alexandra,South,27300.0,Corporate,Beauty,Face Wash,1,437.26,0.1,2024-08-09,Credit Card,Cancelled,393.53,False,False,unique,unique
ORD10773,Patricia Oconnell,Male,1969-10-30,colemanjohn@example.com,766-522-6540x165,India,North Heatherchester,North,,Corporate,Books,Cook Book,3,137.82,0.05,,Net Banking,Pending,392.79,False,True,unique,unique
ORD12536,George Steele,,,larry29@example.org,675.401.9325x2674,United Kingdom,Port Melanie,West,12320.0,Home Office,Beauty,Sunscreen SPF50,1,392.75,0.0,,Cash On Delivery,Returned,392.75,False,False,unique,unique
ORD11589,Joshua Ryan,Female,,karen67@example.net,+1-600-578-2446x666,India,Nobletown,West,89630.0,Corporate,Electronics,Earbuds,1,490.61,0.2,,Credit Card,Pending,392.49,False,False,unique,unique
ORD11375,Rebecca Sullivan,Female,,scarter@example.net,,India,New Nancy,West,22927.0,Home Office,Sports,Yoga Mat,1,461.35,0.15,,Credit Card,Returned,392.15,False,False,unique,unique
ORD12663,Alexis Moore,,,stephaniesaunders@example.net,001-845-841-6460x71500,India,Robinside,South,43968.0,Consumer,Home & Kitchen,Storage Box,1,435.69,0.1,,Credit Card,Delivered,392.12,False,False,unique,unique
ORD10361,Gina Barnes,Male,,sfarmer@example.net,859-809-0225x9999,India,South Bryce,East,51151.0,Corporate,Clothing,Winter Jacket,1,392.1,0.0,,Credit Card,Pending,392.1,False,False,unique,unique
ORD10976,Cynthia Deleon,Male,,perkinsjeffrey@example.net,546-904-7614,CANADA,Joshuamouth,West,7215.0,Corporate,Electronics,Wireless Mouse,1,461.07,0.15,,Upi,Delivered,391.91,False,False,unique,unique
ORD12160,Michele Baker,Male,2004-04-23,johnny09@example.com,762.442.8574x040,United States,Fieldsmouth,West,3087.0,Home Office,Books,Cook Book,2,230.29,0.15,2023-05-27,Debit Card,Delivered,391.49,False,True,unique,unique
ORD10941,Nancy Burke,,,stewartjeremy@example.org,851-567-5864,India,Lake Mindy,East,,Home Office,Electronics,USB-C Hub,1,488.86,0.2,,Net Banking,Delivered,391.09,False,False,unique,unique
ORD11604,Brandon Moore,Female,,,206-436-8019x905,UNITED KINGDOM,Blakemouth,East,8917.0,Consumer,Home & Kitchen,Blender,5,97.75,0.2,,Upi,Cancelled,391.0,False,True,unique,unique
ORD10415,Chelsea Thomas,Male,,zstout@example.org,,United Kingdom,Lake Karen,West,2046.0,Corporate,Books,Kids Story Book,1,389.98,0.0,,Debit Card,Delivered,389.98,False,False,unique,unique
ORD10688,Daniel Peterson,Male,1971-12-17,,414-298-3074,India,Montoyaborough,North,54477.0,Home Office,Electronics,Smartwatch,2,229.28,0.15,,Debit Card,Cancelled,389.78,False,True,unique,unique
ORD11763,Sabrina Grant,Female,1972-10-21,ipoole@example.org,+1-938-837-3965x242,CANADA,Lake Laurieport,South,,Corporate,Sports,Football,2,194.89,0.0,2024-04-26,Cash On Delivery,Returned,389.78,False,True,unique,unique
ORD11989,Megan Singh,Female,,shawn57@example.net,3332675947,CANADA,Lake Makayla,West,,Consumer,Sports,Cricket Bat,2,204.86,0.05,2023-12-19,Net Banking,Shipped,389.23,False,True,unique,unique
ORD11677,Amy Cline,,2003-05-15,,869-401-7495x3891,India,Joshuatown,East,55081.0,Consumer,Books,Fiction Novel,1,388.58,0.0,,Upi,Shipped,388.58,False,False,unique,unique
ORD12112,Jonathan Lopez,Male,,ashleymarissa@example.com,001-715-379-8155,CANADA,Brittanystad,East,22451.0,Home Office,Electronics,Bluetooth Speaker,2,388.44,0.5,,Credit Card,Shipped,388.44,False,True,unique,unique
ORD10276,Vanessa Hernandez,Female,,amandamartinez@example.org,(472)975-2088x5474,United Kingdom,Hannahfort,South,5754.0,Corporate,Clothing,Formal Shirt,1,456.74,0.15,2023-04-12,Credit Card,Delivered,388.23,False,False,unique,unique
ORD10297,Mary Jackson,Female,,oharris@example.org,,India,West Joseph,West,39471.0,Consumer,Home & Kitchen,Blender,1,485.22,0.2,,Debit Card,Shipped,388.18,False,False,unique,unique
ORD12349,Andrew Johnson,Female,,ajones@example.com,001-916-468-4648x209,UNITED STATES,Kaylaland,North,67595.0,Home Office,Sports,Yoga Mat,1,456.4,0.15,,Credit Card,Pending,387.94,False,False,unique,unique
ORD10475,Shane Moore,Male,,melissafrederick@example.net,669-508-1974x0056,CANADA,Pamelaton,East,18757.0,Consumer,Home & Kitchen,Non-stick Pan,1,456.26,0.15,,Credit Card,Shipped,387.82,False,False,unique,unique
ORD10961,Mary Suarez,Male,,nancy40@example.org,(311)653-5505,CANADA,Lake Kelsey,West,13656.0,Corporate,Beauty,Lipstick Set,3,135.93,0.05,2024-02-29,Credit Card,Cancelled,387.4,False,True,unique,unique
ORD12780,Leah Rivera,Female,1965-07-30,brookeking@example.com,,India,Christinatown,North,61173.0,Corporate,Electronics,Laptop Stand,1,386.88,0.0,,Credit Card,Delivered,386.88,False,False,unique,unique
ORD12698,Joseph Fletcher,Male,,dhughes@example.net,,CANADA,Parkershire,South,,Corporate,Clothing,Women's Jeans,1,429.11,0.1,,Upi,Pending,386.2,False,False,unique,unique
ORD10511,Maurice Murphy,Male,,allenphillip@example.com,001-475-848-5819x324,CANADA,Henryview,East,,Corporate,Beauty,Lipstick Set,1,454.32,0.15,,Credit Card,Shipped,386.17,False,False,unique,unique
ORD11195,Cassandra Medina,Female,,matthewslarry@example.net,580-603-8146,United States,Lake Catherine,South,23182.0,Corporate,Home & Kitchen,Non-stick Pan,1,406.37,0.05,2023-08-16,Upi,Delivered,386.05,False,False,unique,unique
ORD12165,Bruce Norton,Male,,doris49@example.org,,United Kingdom,West Danielle,North,74683.0,Consumer,Home & Kitchen,Non-stick Pan,1,453.81,0.15,,Debit Card,Shipped,385.74,False,False,unique,unique
ORD11344,Shannon Hayden,Female,,nprince@example.net,+1-959-532-1359x61830,United States,Heatherside,East,1590.0,Corporate,Beauty,Face Wash,3,128.35,0.0,,Upi,Cancelled,385.05,False,True,unique,unique
ORD10300,Elizabeth Graham,Male,1975-11-23,waltersmeghan@example.com,924-993-6312x3034,United Kingdom,Hendersonton,West,,Consumer,Clothing,Women's Jeans,2,239.93,0.2,2023-05-28,Cash On Delivery,Pending,383.89,False,True,unique,unique
ORD11990,Mike Morales,Male,,medinakeith@example.org,943.204.9820,CANADA,North Ericmouth,North,46312.0,Home Office,Clothing,Formal Shirt,2,191.83,0.0,,Cash On Delivery,Delivered,383.66,False,True,unique,unique
ORD10825,Erica Case,Male,,cturner@example.org,330-674-2359,UNITED KINGDOM,South David,West,37976.0,Consumer,Home & Kitchen,Storage Box,1,383.09,0.0,,Credit Card,Delivered,383.09,False,False,unique,unique
ORD12932,Brandy Ryan,Female,,brookeodonnell@example.org,611.587.4007x43262,CANADA,East Donna,North,50891.0,Corporate,Beauty,Hair Serum,1,382.98,0.0,2023-01-31,Net Banking,Delivered,382.98,False,False,unique,unique
ORD10455,Daniel Cardenas,Female,,petersonlisa@example.net,554.872.8123x56798,United States,North Joshua,East,22022.0,Consumer,Home & Kitchen,Storage Box,2,382.76,0.5,,Net Banking,Pending,382.76,False,True,unique,unique
ORD11633,Julie Thomas,Male,,ytaylor@example.com,9678415144,CANADA,North Sarah,West,55559.0,Corporate,Books,Self-Help Book,1,382.33,0.0,2024-12-01,Cash On Delivery,Cancelled,382.33,False,False,unique,unique
ORD10796,Jessica Hoover,Female,,johnsonchad@example.com,001-650-707-4189,India,Jeremyberg,South,74882.0,Home Office,Clothing,Women's Jeans,2,190.91,0.0,,Debit Card,Pending,381.82,False,True,unique,unique
ORD10697,Kayla Ewing,Male,,,9542296080,United Kingdom,Clarkchester,South,,Home Office,Electronics,Bluetooth Speaker,2,212.1,0.1,,Upi,Shipped,381.78,False,True,unique,unique
ORD11549,Traci Bell,Female,,amandamorrison@example.org,445.595.2827x6774,UNITED STATES,West Holly,North,28946.0,Corporate,Beauty,Face Wash,1,381.46,0.0,,Upi,Returned,381.46,False,False,unique,unique
ORD12300,Christopher Davis,Female,,hillshelley@example.org,(341)557-3376x8409,United States,Charlesfort,North,66932.0,Corporate,Books,Cook Book,3,127.15,0.0,,Debit Card,Delivered,381.45,False,True,unique,unique
ORD10062,Lori Orr,,,jenkinserica@example.org,994.973.8347x359,India,Kimberlyhaven,South,69636.0,Corporate,Clothing,Formal Shirt,1,381.31,0.0,,Upi,Shipped,381.31,False,False,unique,unique
ORD11291,Rhonda Cabrera,Female,,hrose@example.org,619.660.0490x214,United States,Port Michaelshire,East,55927.0,Home Office,Clothing,Running Shoes,2,190.49,0.0,,Credit Card,Returned,380.98,False,True,unique,unique
ORD11180,Miranda White,Male,1974-03-27,tararichardson@example.net,(798)650-4505x66937,India,East Malloryview,North,23824.0,Home Office,Electronics,Smartwatch,2,190.23,0.0,2024-08-03,Debit Card,Returned,380.46,False,True,unique,unique
ORD10803,Alexander Love,Female,1978-05-28,lesliegillespie@example.com,001-212-401-2275x950,United Kingdom,Maloneton,South,,Corporate,Electronics,Wireless Mouse,5,94.95,0.2,,Cash On Delivery,Pending,379.8,False,True,unique,unique
ORD11634,Dana Zhang,Male,1992-04-27,lterry@example.com,902.494.0695,India,Garyton,South,21168.0,Consumer,Home & Kitchen,Storage Box,1,446.79,0.15,2023-06-17,Cash On Delivery,Returned,379.77,False,False,unique,unique
ORD10863,Alicia Miller,Female,,,+1-412-692-0592,CANADA,North Marcuschester,West,29122.0,Corporate,Clothing,Running Shoes,1,399.68,0.05,,Debit Card,Shipped,379.7,False,False,unique,unique
ORD11993,Kellie Smith,Male,,oconnellmelissa@example.com,(263)952-1526x73711,India,South Amandahaven,West,85013.0,Consumer,Sports,Cricket Bat,1,421.72,0.1,,Credit  Card,Returned,379.55,False,False,unique,unique
ORD11520,John Bond,Male,,amendoza@example.net,+1-584-794-9996,United States,Graychester,West,92821.0,Corporate,Books,Cook Book,1,379.38,0.0,2024-11-30,Net Banking,Cancelled,379.38,False,False,unique,unique
ORD10734,Kristin Wang,Female,,savannahgrant@example.com,(705)798-6787x44227,India,Ambermouth,South,96562.0,Home Office,Electronics,Smartwatch,1,399.32,0.05,2024-03-05,Cash On Delivery,Shipped,379.35,False,False,unique,unique
ORD11155,Tracy Gentry,Male,,jallen@example.com,7893512370,India,Port Breannaland,South,82056.0,Corporate,Electronics,USB-C Hub,2,379.22,0.5,2023-07-13,Upi,Shipped,379.22,False,True,unique,unique
ORD10165,Amber Martin,,,nrodriguez@example.org,216.337.3516,India,Ellisshire,East,,Corporate,Books,Cook Book,1,473.73,0.2,2024-11-29,Debit Card,Cancelled,378.98,False,False,unique,unique
ORD10644,Chris Beasley,Female,2001-06-05,wjohnson@example.com,876.985.5078,India,West Drew,East,10640.0,Home Office,Books,Kids Story Book,3,252.35,0.5,,Cash On Delivery,Cancelled,378.52,False,True,unique,unique
ORD11002,Jerry Pierce,,,trevor07@example.net,+1-762-335-1076,United States,Port Thomaston,North,90686.0,Corporate,Sports,Yoga Mat,1,444.89,0.15,2024-02-11,Net Banking,Returned,378.16,False,False,unique,unique
ORD12060,Shannon Robinson,,1996-03-26,holdershawn@example.org,2823366162,India,Mckenzieberg,West,77785.0,Corporate,Clothing,Men's T-Shirt,1,444.69,0.15,,Credit Card,Cancelled,377.99,False,False,unique,unique
ORD12116,Eric Owens,Male,,vsalazar@example.net,,UNITED STATES,Dominguezstad,East,53302.0,Home Office,Books,Kids Story Book,1,444.62,0.15,,Upi,Returned,377.93,False,False,unique,unique
ORD12277,Damon Pierce,Male,1983-06-09,lindseyguerrero@example.net,800-872-8438x58009,UNITED KINGDOM,Port Heidi,South,,Home Office,Electronics,Bluetooth Speaker,1,444.53,0.15,,Cash On Delivery,Pending,377.85,False,False,unique,unique
ORD12285,Charles Shaw,,1962-11-14,jlin@example.org,001-719-612-6048x5896,United Kingdom,New Teresaview,South,2526.0,Corporate,Beauty,Lipstick Set,1,377.24,0.0,,Cash On Delivery,Shipped,377.24,False,False,unique,unique
ORD11564,Stephanie Allen,Male,,fkim@example.com,,India,Zimmermanport,South,1315.0,Consumer,Home & Kitchen,Blender,1,471.25,0.2,2024-06-23,Debit Card,Delivered,377.0,False,False,unique,unique
ORD11046,John Munoz,Male,,zacharypage@example.com,904-258-8311x414,CANADA,Port Elijahbury,North,85458.0,Consumer,Beauty,Lipstick Set,5,79.36,0.05,,Credit  Card,Returned,376.96,False,True,unique,unique
ORD10596,Julie Morgan,Male,1992-07-15,jenniferharris@example.org,001-839-439-5786x543,India,Rodriguezmouth,West,39864.0,Corporate,Electronics,Bluetooth Speaker,1,418.51,0.1,,Debit Card,Delivered,376.66,False,False,unique,unique
ORD12906,Marcus Benjamin,Male,,griffithsarah@example.net,+1-561-669-0085,India,Murphyton,East,98341.0,Consumer,Home & Kitchen,LED Lamp,1,396.39,0.05,,Credit  Card,Delivered,376.57,False,False,unique,unique
ORD10817,James Smith,Female,,,3595377756,CANADA,Port Chad,North,3504.0,Consumer,Clothing,Winter Jacket,2,376.49,0.5,,Credit Card,Shipped,376.49,False,True,unique,unique
ORD12384,Ryan Henry,Male,,paullopez@example.net,9235872880,United States,Daughertyport,North,,Corporate,Beauty,Lipstick Set,1,376.26,0.0,,Net Banking,Returned,376.26,False,False,unique,unique
ORD12002,Ashley Watkins,Female,,charles13@example.com,001-928-645-4705x005,India,Jennaton,West,64031.0,Consumer,Sports,Yoga Mat,1,375.99,0.0,,Credit Card,Pending,375.99,False,False,unique,unique
ORD12245,Gary Navarro,Female,1982-11-03,,866.707.0250x76660,India,New Sharonberg,West,56408.0,Home Office,Electronics,Wireless Mouse,2,187.95,0.0,2023-03-01,Net Banking,Shipped,375.9,False,True,unique,unique
ORD10253,Brian Griffin,Male,1971-02-17,johnathan00@example.net,,United States,North Sheenaborough,East,79063.0,Home Office,Home & Kitchen,Storage Box,1,416.86,0.1,,Cash On Delivery,Pending,375.17,False,False,unique,unique
ORD11886,Mary Stewart,Female,,qthompson@example.net,784.909.2771,UNITED STATES,Lake Daisy,West,,Corporate,Clothing,Running Shoes,1,416.41,0.1,,Cash On Delivery,Returned,374.77,False,False,unique,unique
ORD11009,Brenda Davidson,,1970-01-15,schristensen@example.com,,United Kingdom,Port Christinamouth,North,96078.0,Corporate,Clothing,Men's T-Shirt,1,374.7,0.0,2023-06-28,Credit  Card,Pending,374.7,False,False,unique,unique
ORD11192,David Arnold,Female,,shawn85@example.org,274-442-0359x441,India,Port William,East,85060.0,Consumer,Electronics,Laptop Stand,1,373.88,0.0,2023-06-14,Upi,Cancelled,373.88,False,False,unique,unique
ORD12673,Dawn Vincent,Male,,freynolds@example.com,001-822-320-9764,CANADA,Lake Sharon,North,22523.0,Corporate,Beauty,Face Wash,3,124.51,0.0,2023-09-12,Cash On Delivery,Delivered,373.53,False,True,unique,unique
ORD11981,Colleen Joyce,Male,,carriemejia@example.org,909-951-8885,UNITED KINGDOM,Port Nicole,East,,Home Office,Electronics,Bluetooth Speaker,1,439.23,0.15,2024-11-17,Credit Card,Returned,373.35,False,False,unique,unique
ORD12643,Jennifer Howard,Female,,bmiller@example.net,001-213-443-8125,India,Michelleburgh,West,11428.0,Corporate,Beauty,Face Wash,1,465.87,0.2,2024-03-13,Cash On Delivery,Shipped,372.7,False,False,unique,unique
ORD12030,Nicole Short,Female,,justin72@example.org,205-653-0611x390,CANADA,Dianaberg,North,,Consumer,Sports,Yoga Mat,2,218.94,0.15,,Debit Card,Delivered,372.2,False,True,unique,unique
ORD11780,Adam Alvarez,Male,1993-10-09,guzmanbrandi@example.com,240.251.9950x819,UNITED STATES,Robertmouth,East,31008.0,Corporate,Beauty,Lipstick Set,1,412.82,0.1,,Cash On Delivery,Cancelled,371.54,False,False,unique,unique
ORD11578,Alexandria Washington,Male,1992-09-21,joemurphy@example.net,627.973.7655,India,Brownberg,West,58672.0,Corporate,Clothing,Running Shoes,1,390.81,0.05,,Net Banking,Delivered,371.27,False,False,unique,unique
ORD12363,Bailey Goodwin,Female,,richard25@example.com,001-762-710-9028x057,United States,North Lindaview,South,39536.0,Consumer,Books,Cook Book,2,195.37,0.05,,Upi,Shipped,371.2,False,True,unique,unique
ORD11129,Donna Taylor,Male,,burgessdonald@example.com,+1-937-965-0167x671,CANADA,Kaneberg,South,,Corporate,Electronics,Laptop Stand,5,74.22,0.0,2024-04-25,Cash On Delivery,Delivered,371.1,False,True,unique,unique
ORD11012,Scott Willis,Female,,brianyang@example.net,5259209452,UNITED KINGDOM,Ashleystad,South,30813.0,Consumer,Clothing,Formal Shirt,1,412.01,0.1,,Debit Card,Shipped,370.81,False,False,unique,unique
ORD12861,Nathan Cooper,,1985-11-27,hillkelly@example.net,911-768-8392x11436,UNITED KINGDOM,Hallview,East,51188.0,Home Office,Books,Fiction Novel,3,130.11,0.05,,Debit Card,Returned,370.81,False,True,unique,unique
ORD10522,Sarah Brooks,Male,,cory86@example.net,476.873.1625,CANADA,Rachaelchester,West,78742.0,Corporate,Clothing,Men's T-Shirt,2,218.12,0.15,,Debit Card,Returned,370.8,False,True,unique,unique
ORD12627,Susan Patrick,Female,,veronicawhite@example.org,001-201-450-8922x983,United States,North Kathy,West,27616.0,Home Office,Books,Self-Help Book,1,370.22,0.0,,Cash On Delivery,Cancelled,370.22,False,False,unique,unique
ORD10861,Maria Horn,,,jodysmith@example.net,934.744.7048,CANADA,West Stevenburgh,South,1854.0,Home Office,Electronics,Wireless Mouse,1,369.93,0.0,2024-09-19,Cash On Delivery,Delivered,369.93,False,False,unique,unique
ORD11591,Michelle Macias,Male,,thomasbrown@example.net,,United States,Taylorborough,West,,Consumer,Beauty,Hair Serum,5,77.87,0.05,,Net Banking,Cancelled,369.88,False,True,unique,unique
ORD11333,Sandra Burgess,Female,,pollardgary@example.net,+1-704-446-6589,United States,Travistown,North,74932.0,Corporate,Books,Fiction Novel,1,434.88,0.15,,Credit  Card,Pending,369.65,False,False,unique,unique
ORD11595,James Davis,Male,,anthonyburton@example.org,,UNITED STATES,West Edwinland,North,26040.0,Home Office,Books,Kids Story Book,2,184.74,0.0,,Upi,Pending,369.48,False,True,unique,unique
ORD10013,Matthew Bryant,Female,,smithchristine@example.net,,India,North Amandahaven,West,35261.0,Home Office,Home & Kitchen,Blender,3,123.15,0.0,,Upi,Returned,369.45,False,True,unique,unique
ORD12983,Lindsey Thompson,Male,,tonyabriggs@example.net,(313)411-0358x07710,United States,Lake Jonmouth,South,,Consumer,Sports,Cricket Bat,5,86.82,0.15,2024-09-06,Upi,Pending,368.98,False,True,unique,unique
ORD12343,Amy Winters,Male,1997-11-06,,,CANADA,Port Cassandra,North,13739.0,Home Office,Home & Kitchen,LED Lamp,2,368.97,0.5,,Debit Card,Pending,368.97,False,True,unique,unique
ORD12660,Angela Michael,Female,,josephcarpenter@example.org,+1-299-875-1175x6344,UNITED STATES,East Davidshire,North,13778.0,Consumer,Home & Kitchen,Blender,1,368.44,0.0,,Cash On Delivery,Shipped,368.44,False,False,unique,unique
ORD10750,Paula Johnson,Female,,hendersonmichael@example.org,838.274.0299x0716,United States,Perezberg,South,37384.0,Consumer,Home & Kitchen,Non-stick Pan,3,122.64,0.0,,Cash On Delivery,Delivered,367.92,False,True,unique,unique
ORD11863,Lisa Lane,,,jeffrey08@example.com,001-980-237-8253x7126,India,Victorialand,South,,Corporate,Sports,Yoga Mat,1,459.48,0.2,2023-09-01,Debit Card,Returned,367.58,False,False,unique,unique
ORD11170,Allen Schwartz,Male,,,+1-234-802-4222x41983,India,East Jessica,East,,Consumer,Electronics,Earbuds,2,229.51,0.2,,Cash On Delivery,Shipped,367.22,False,True,unique,unique
ORD12314,Jonathan Johnson Phd,Female,,fowlerkathleen@example.org,526.784.2326,India,Laurachester,South,80563.0,Corporate,Beauty,Sunscreen SPF50,1,386.33,0.05,,Net Banking,Returned,367.01,False,False,unique,unique
ORD10002,Robert Wolfe,Male,,jasongallagher@example.org,361-855-9407,India,New Kellystad,North,76175.0,Home Office,Sports,Football,1,366.22,0.0,,Net Banking,Returned,366.22,False,False,unique,unique
ORD11854,Anthony Gutierrez,Male,1980-05-07,gonzaleseduardo@example.org,,CANADA,South Jamie,East,39439.0,Corporate,Clothing,Men's T-Shirt,1,385.05,0.05,,Debit Card,Cancelled,365.8,False,False,unique,unique
ORD12207,Angela Moore,Male,1980-02-20,,825.411.2980x3102,CANADA,South Angel,West,,Corporate,Sports,Yoga Mat,2,215.13,0.15,,Debit Card,Pending,365.72,False,True,unique,unique
ORD11912,William Black,,,torresjacob@example.net,,United Kingdom,Jacquelineville,East,,Consumer,Electronics,USB-C Hub,2,203.16,0.1,,Cash On Delivery,Returned,365.69,False,True,unique,unique
ORD11141,Sandra Rivera,Female,,rodriguezjohn@example.com,001-404-826-5274,United States,Escobarstad,East,15051.0,Consumer,Sports,Football,1,365.54,0.0,,Net Banking,Cancelled,365.54,False,False,unique,unique
ORD12551,Erik Luna,,,richardperry@example.com,+1-736-358-6949x1997,United Kingdom,Lake Dawn,East,41078.0,Home Office,Books,Cook Book,1,365.43,0.0,,Credit Card,Cancelled,365.43,False,False,unique,unique
ORD11157,Pamela James,Male,,shelbywatson@example.com,,United States,South Corey,East,71865.0,Home Office,Electronics,USB-C Hub,1,365.3,0.0,,Upi,Cancelled,365.3,False,False,unique,unique
ORD11954,Phillip Chapman,,,torrestravis@example.org,+1-826-398-0865x5108,CANADA,Hardintown,East,,Consumer,Books,Self-Help Book,1,405.81,0.1,2024-09-24,Net Banking,Pending,365.23,False,False,unique,unique
ORD10821,Edward Thomas,Female,,,(325)885-4218x80879,India,Lake John,South,41282.0,Corporate,Clothing,Running Shoes,3,128.03,0.05,2024-10-24,Net Banking,Returned,364.89,False,True,unique,unique
ORD11431,Cody Fowler,Male,,jonessteven@example.net,+1-482-980-5034x55388,CANADA,North Valerie,North,,Consumer,Electronics,Earbuds,1,455.97,0.2,2023-11-19,Debit Card,Pending,364.78,False,False,unique,unique
ORD11741,Terry Smith,Male,1983-04-25,ejohnson@example.net,001-962-591-4597,United States,Grayshire,East,70314.0,Home Office,Books,Cook Book,2,182.32,0.0,2024-07-02,Credit  Card,Pending,364.64,False,True,unique,unique
ORD12261,John Hernandez,Male,,matthewwelch@example.com,001-514-331-5383x48995,CANADA,Port Traci,South,7123.0,Corporate,Clothing,Formal Shirt,1,405.06,0.1,,Upi,Delivered,364.55,False,False,unique,unique
ORD12901,Michael Hood,Male,,andrew41@example.org,(250)411-2875,India,Mcdonaldton,West,,Corporate,Books,Cook Book,1,455.66,0.2,,Credit Card,Returned,364.53,False,False,unique,unique
ORD10689,Jonathan Perez,,,simmonsmichael@example.com,001-478-520-1904x32230,CANADA,East David,South,60906.0,Corporate,Clothing,Women's Jeans,1,404.83,0.1,2023-02-14,Cash On Delivery,Delivered,364.35,False,False,unique,unique
ORD11015,Charles Weaver,Male,,phillipsmichelle@example.org,001-566-202-3515x85015,India,South Jerryland,East,55965.0,Corporate,Electronics,Bluetooth Speaker,2,181.97,0.0,,Cash On Delivery,Returned,363.94,False,True,unique,unique
ORD11928,Jessica Lowery,Male,1967-02-02,lwatts@example.com,661.709.0982,UNITED KINGDOM,Lake Adrienneview,North,,Corporate,Home & Kitchen,LED Lamp,1,427.76,0.15,2024-06-02,Cash On Delivery,Shipped,363.6,False,False,unique,unique
ORD12842,Michelle Bradley,Male,,sarah73@example.com,+1-828-339-6257x741,UNITED KINGDOM,Knappstad,South,55049.0,Home Office,Beauty,Face Wash,2,363.56,0.5,2024-05-16,Credit  Card,Shipped,363.56,False,True,unique,unique
ORD11433,Amanda Skinner,Male,,scottstephanie@example.org,8106614452,India,Jeanport,West,36050.0,Consumer,Books,Self-Help Book,1,427.66,0.15,,Net Banking,Shipped,363.51,False,False,unique,unique
ORD12459,Manuel Wiggins,Male,1975-07-01,christopher42@example.org,+1-557-529-9142x6071,UNITED KINGDOM,West Jimmyside,South,,Consumer,Sports,Football,1,363.3,0.0,,Credit Card,Pending,363.3,False,False,unique,unique
ORD11512,Kevin Wilson,,1993-07-04,ernest99@example.com,314.614.0138x56993,United Kingdom,South Marc,North,1250.0,Home Office,Electronics,Laptop Stand,1,403.2,0.1,,Net Banking,Returned,362.88,False,False,unique,unique
ORD12240,Mathew Jensen,,,qguerrero@example.net,001-978-442-7751x536,India,Lake Brittanystad,North,5236.0,Home Office,Beauty,Face Wash,1,402.91,0.1,2024-08-26,Credit Card,Cancelled,362.62,False,False,unique,unique
ORD11904,Julie Smith,Male,,,+1-573-617-5252x324,UNITED STATES,North Joanne,West,75072.0,Corporate,Books,Cook Book,1,402.27,0.1,,Debit Card,Delivered,362.04,False,False,unique,unique
ORD11961,Denise Horn,Male,,mlawson@example.org,5722566872,United States,Davidsonchester,South,,Consumer,Home & Kitchen,Storage Box,1,401.95,0.1,2023-09-12,Credit Card,Pending,361.76,False,False,unique,unique
ORD12742,Daniel Campbell,Female,,thomas99@example.org,+1-367-534-2142x11407,CANADA,Alvaradoport,West,,Home Office,Beauty,Face Wash,5,85.04,0.15,,Debit Card,Shipped,361.42,False,True,unique,unique
ORD11281,Jacob Elliott,Male,,curtis82@example.net,,CANADA,West Chadfurt,East,57039.0,Home Office,Clothing,Men's T-Shirt,1,450.79,0.2,,Cash On Delivery,Cancelled,360.63,False,False,unique,unique
ORD11350,Larry Henderson,Male,1998-06-09,richard15@example.com,+1-762-623-0706,India,Port Lesliebury,North,13888.0,Home Office,Electronics,Bluetooth Speaker,3,120.12,0.0,,Credit Card,Shipped,360.36,False,True,unique,unique
ORD10766,Mrs. Stephanie Gamble Md,Male,,yolandamarks@example.net,(313)837-6052x30458,CANADA,Kimberlytown,South,,Corporate,Home & Kitchen,Cushion Cover,5,89.95,0.2,,Upi,Cancelled,359.8,False,True,unique,unique
ORD12555,Debbie Diaz,Male,1968-06-25,,001-733-449-5651,United States,Lake Stephanie,South,28505.0,Consumer,Books,Cook Book,1,422.94,0.15,2024-09-09,Net Banking,Returned,359.5,False,False,unique,unique
ORD10830,Jeanette Knox,Female,,barbarawelch@example.com,452.459.5332,United States,Perezborough,South,,Home Office,Books,Self-Help Book,1,449.38,0.2,2024-03-16,Credit Card,Delivered,359.5,False,False,unique,unique
ORD10116,Laura Patel,Male,,mariopadilla@example.com,001-448-512-6042,United Kingdom,Lake Marc,West,,Home Office,Clothing,Winter Jacket,1,359.04,0.0,2023-06-30,Net Banking,Pending,359.04,False,False,unique,unique
ORD10221,Lisa Garrett,Male,,ashleysimmons@example.com,,India,Shaneberg,North,,Consumer,Home & Kitchen,LED Lamp,1,359.02,0.0,,Credit  Card,Delivered,359.02,False,False,unique,unique
ORD12921,Ashley Duffy,Female,,dennis71@example.net,7686466656,CANADA,West Isaiahshire,West,11494.0,Home Office,Electronics,Laptop Stand,5,142.94,0.5,2024-04-15,Debit Card,Cancelled,357.35,False,True,unique,unique
ORD11849,Julian Sanchez,Female,,martinezdiana@example.net,2277645130,United Kingdom,Port Davidside,South,43462.0,Corporate,Clothing,Running Shoes,1,356.95,0.0,2024-10-30,Cash On Delivery,Delivered,356.95,False,False,unique,unique
ORD11451,Brian Pham,Male,,oward@example.net,896.233.4674x646,CANADA,East Melissa,East,,Home Office,Home & Kitchen,Blender,5,71.33,0.0,,Debit Card,Shipped,356.65,False,True,unique,unique
ORD10949,Daniel Powell,Male,,lchandler@example.org,001-322-927-1117x576,UNITED KINGDOM,South Frankport,North,21159.0,Home Office,Home & Kitchen,LED Lamp,1,396.0,0.1,,Cash On Delivery,Cancelled,356.4,False,False,unique,unique
ORD11575,Donald Bell,Female,1998-10-31,margaretochoa@example.net,562-720-1656x633,United Kingdom,New Ericborough,East,96418.0,Consumer,Sports,Yoga Mat,1,443.91,0.2,2023-04-06,Upi,Pending,355.13,False,False,unique,unique
ORD10444,Margaret Riley,Female,,hho@example.org,(844)321-1753,India,Popechester,West,10144.0,Corporate,Clothing,Winter Jacket,2,177.45,0.0,,Cash On Delivery,Returned,354.9,False,True,unique,unique
ORD10744,Julian Obrien,Female,2005-09-15,gstone@example.net,553.258.5238x600,United States,Tiffanybury,North,51337.0,Home Office,Clothing,Formal Shirt,1,416.06,0.15,,Upi,Shipped,353.65,False,False,unique,unique
ORD11761,Tanya Conner,Female,,tracy50@example.net,3987971733,United Kingdom,Davischester,East,5327.0,Corporate,Sports,Dumbbell Set,1,353.05,0.0,2024-10-14,Cash On Delivery,Returned,353.05,False,False,unique,unique
ORD12130,Christopher Johnson,Female,,jay07@example.com,(522)887-4995,UNITED KINGDOM,Randolphburgh,West,,Consumer,Clothing,Running Shoes,1,352.67,0.0,2024-01-30,Net Banking,Delivered,352.67,False,False,unique,unique
ORD12166,Tammy Wilson Dds,Female,,jameshiggins@example.net,307.818.2182,India,South Elizabethshire,South,,Corporate,Beauty,Lipstick Set,1,391.74,0.1,,Debit Card,Delivered,352.57,False,False,unique,unique
ORD12888,Robert Stevens,Male,,vpotter@example.org,001-960-704-5457x942,CANADA,South Jason,South,27716.0,Consumer,Electronics,Wireless Mouse,2,176.18,0.0,,Credit Card,Pending,352.36,False,True,unique,unique
ORD10929,Desiree Jones,Male,,ahenson@example.net,784.294.7712x903,CANADA,South Theresaville,South,67381.0,Corporate,Clothing,Men's T-Shirt,1,352.24,0.0,,Net Banking,Pending,352.24,False,False,unique,unique
ORD12652,Samantha Brown,Male,,ydaniels@example.com,,India,East Lisaburgh,West,69269.0,Corporate,Clothing,Women's Jeans,2,351.89,0.5,2024-10-03,Upi,Cancelled,351.89,False,True,unique,unique
ORD10924,Wesley Jenkins,,,maxwellgibson@example.org,312-491-8285x1816,CANADA,Michaeltown,North,,Corporate,Beauty,Sunscreen SPF50,1,370.06,0.05,2023-07-29,Credit Card,Returned,351.56,False,False,unique,unique
ORD12882,Richard Stevens,Female,,,678.937.6231,United States,North Teresafurt,South,,Corporate,Home & Kitchen,Non-stick Pan,3,234.3,0.5,,Credit Card,Cancelled,351.45,False,True,unique,unique
ORD12856,Robert Smith,Female,,icollins@example.org,986.406.8289,UNITED STATES,Johnsonview,South,,Corporate,Beauty,Lipstick Set,1,351.36,0.0,2023-10-21,Cash On Delivery,Pending,351.36,False,False,unique,unique
ORD11560,Jasmine Jones,Male,1985-01-11,ybrooks@example.net,(769)920-3273,India,East Michaelfort,East,24695.0,Corporate,Books,Cook Book,2,206.57,0.15,2024-12-22,Debit Card,Delivered,351.17,False,True,unique,unique
ORD11922,Laurie Giles,Female,,,207-541-3596x6533,United States,Perezhaven,South,47936.0,Home Office,Sports,Dumbbell Set,3,116.98,0.0,,Cash On Delivery,Shipped,350.94,False,True,unique,unique
ORD10214,Kelly Carroll,Female,,cummingslaura@example.org,891.394.0961x0556,India,Lake Denise,North,79445.0,Home Office,Home & Kitchen,Cushion Cover,2,175.35,0.0,2024-11-08,Cash On Delivery,Shipped,350.7,False,True,unique,unique
ORD12706,Jeffrey Armstrong,Male,,joseph05@example.net,+1-729-865-3704x76809,United States,West Brian,South,13315.0,Corporate,Sports,Dumbbell Set,1,349.89,0.0,,Debit Card,Delivered,349.89,False,False,unique,unique
ORD11074,Amanda Webster,Female,1969-12-11,josephnelson@example.com,+1-367-834-8140x98410,India,Burketon,North,10188.0,Home Office,Books,Cook Book,3,116.44,0.0,2024-12-26,Credit Card,Shipped,349.32,False,True,unique,unique
ORD12940,Melissa Gilbert,Male,,mary05@example.com,571-559-1833,United States,Randallstad,East,44641.0,Corporate,Beauty,Hair Serum,1,436.16,0.2,2023-01-13,Credit Card,Delivered,348.93,False,False,unique,unique
ORD10391,Michael Blevins Dds,,,stricklandmichelle@example.net,(947)650-1111x7830,India,Port Brittanyfurt,North,63964.0,Consumer,Sports,Yoga Mat,1,387.34,0.1,,Credit Card,Cancelled,348.61,False,False,unique,unique
ORD11851,Joshua Jones,,,wilsonmark@example.com,,UNITED STATES,Millermouth,East,72965.0,Consumer,Beauty,Face Wash,1,348.23,0.0,2024-01-08,Debit Card,Shipped,348.23,False,False,unique,unique
ORD11731,Fernando Soto,Male,,zoneal@example.org,3068362105,CANADA,Brianhaven,North,61098.0,Corporate,Sports,Yoga Mat,2,173.8,0.0,2024-09-27,Net Banking,Returned,347.6,False,True,unique,unique
ORD12919,Nicholas Spencer,Male,,pamela37@example.org,912-469-9289,UNITED STATES,West Ashley,East,,Consumer,Sports,Dumbbell Set,1,347.45,0.0,2023-11-21,Cash On Delivery,Returned,347.45,False,False,unique,unique
ORD11903,Marcus Farmer,Female,,,,CANADA,Lindabury,South,,Consumer,Electronics,USB-C Hub,1,347.09,0.0,,Upi,Returned,347.09,False,False,unique,unique
ORD12094,Sherri Johnson,Male,,karenbowers@example.com,001-439-320-6042x94299,India,New Mariaview,West,,Corporate,Clothing,Formal Shirt,1,407.37,0.15,,Upi,Pending,346.26,False,False,unique,unique
ORD11388,Mark Sampson,Female,,petersonann@example.net,001-318-870-8941x0791,India,North Kevinfurt,West,34290.0,Consumer,Clothing,Winter Jacket,1,345.61,0.0,,Credit Card,Pending,345.61,False,False,unique,unique
ORD11230,Daniel Brooks,Female,,justin11@example.net,285-713-6738,India,North Jamie,South,85444.0,Corporate,Beauty,Sunscreen SPF50,1,345.61,0.0,,Credit Card,Shipped,345.61,False,False,unique,unique
ORD11879,Emma Baker,Male,,katrinareid@example.com,2708507095,CANADA,South Elizabeth,West,24815.0,Home Office,Electronics,Laptop Stand,1,345.28,0.0,2023-11-20,Credit Card,Shipped,345.28,False,False,unique,unique
ORD10311,David Mccarthy,,,wwilliams@example.net,+1-577-671-2151,CANADA,Port Gary,North,67182.0,Corporate,Electronics,Laptop Stand,2,172.62,0.0,2024-08-23,Upi,Pending,345.24,False,True,unique,unique
ORD12046,Paul Richardson,Female,,denisegood@example.org,(267)568-0940x59647,India,South Lorraine,East,22852.0,Corporate,Clothing,Winter Jacket,1,344.86,0.0,,Credit  Card,Cancelled,344.86,False,False,unique,unique
ORD11197,Anthony Brown,Female,,brianparker@example.org,778.711.0965x984,CANADA,Russellchester,South,,Consumer,Sports,Yoga Mat,1,405.72,0.15,2023-06-23,Net Banking,Cancelled,344.86,False,False,unique,unique
ORD11436,Dylan Dillon Dvm,Female,,martinjacob@example.net,948-607-0473x14836,United Kingdom,Ruizfort,South,34034.0,Consumer,Books,Self-Help Book,2,191.55,0.1,2023-01-05,Credit  Card,Returned,344.79,False,True,unique,unique
ORD11817,Mark Trujillo,Female,,melissa73@example.com,405.934.2519x18716,India,Scottmouth,West,57193.0,Home Office,Home & Kitchen,Non-stick Pan,3,120.98,0.05,,Cash On Delivery,Delivered,344.79,False,True,unique,unique
ORD12776,Marc Reid,Male,,gomezdavid@example.org,850-989-6071x376,United States,Lake Morganton,North,50838.0,Home Office,Beauty,Face Wash,1,362.38,0.05,,Upi,Cancelled,344.26,False,False,unique,unique
ORD12194,Ruben Frey,Male,,acopeland@example.org,,United Kingdom,Brendaview,North,50868.0,Corporate,Beauty,Sunscreen SPF50,1,344.22,0.0,,Net Banking,Pending,344.22,False,False,unique,unique
ORD10751,Ashley Flores,Male,,mariacohen@example.net,7348030109,India,Elliottmouth,South,48809.0,Consumer,Electronics,USB-C Hub,1,344.03,0.0,,Credit Card,Cancelled,344.03,False,False,unique,unique
ORD11894,Monica Miller,,,ugriffin@example.net,640-382-8246,UNITED STATES,South Christopher,North,43237.0,Corporate,Beauty,Face Wash,2,171.99,0.0,,Credit Card,Shipped,343.98,False,True,unique,unique
ORD11247,Greg Olson,Female,2000-08-29,floydmichelle@example.com,288-654-8753x119,India,West Michael,South,41266.0,Corporate,Home & Kitchen,LED Lamp,1,343.77,0.0,,Credit Card,Delivered,343.77,False,False,unique,unique
ORD11437,James Jenkins,Male,,richard07@example.com,001-822-482-1282x193,UNITED STATES,Petersview,West,,Consumer,Home & Kitchen,Storage Box,5,72.37,0.05,,Cash On Delivery,Pending,343.76,False,True,unique,unique
ORD10406,Christina Mccarthy,Female,,jacobbond@example.net,+1-523-312-6043x2609,India,South Richardport,North,92272.0,Home Office,Books,Self-Help Book,3,228.7,0.5,,Credit Card,Returned,343.05,False,True,unique,unique
ORD12986,Heather Diaz,Male,,,910.602.6689,India,South Luis,South,9781.0,Corporate,Clothing,Men's T-Shirt,1,343.02,0.0,,Cash On Delivery,Shipped,343.02,False,False,unique,unique
ORD12890,Wendy Higgins,Male,,,740.529.7089,United States,Johnsonchester,North,87467.0,Consumer,Sports,Yoga Mat,1,342.57,0.0,,Upi,Pending,342.57,False,False,unique,unique
ORD12683,Valerie Rivera,Female,,garnerlaura@example.net,253.324.7811,United States,Hernandezhaven,East,75100.0,Home Office,Home & Kitchen,Non-stick Pan,2,342.07,0.5,,Credit  Card,Returned,342.07,False,True,unique,unique
ORD11164,Mrs. Heather Meyers,,1996-05-08,,001-561-269-4963x78811,United Kingdom,Morenoburgh,North,,Corporate,Books,Self-Help Book,2,189.97,0.1,,Upi,Delivered,341.95,False,True,unique,unique
ORD12619,Miss Allison King Md,Male,,,(554)852-5517x6569,United Kingdom,Melaniemouth,West,,Home Office,Electronics,Smartwatch,3,113.94,0.0,2024-08-27,Upi,Returned,341.82,False,True,unique,unique
ORD10473,Patrick Hamilton,Male,1985-12-20,christopherjohnson@example.net,330-720-5698,India,Lake Jessica,East,95958.0,Home Office,Beauty,Lipstick Set,3,126.43,0.1,,Credit  Card,Returned,341.36,False,True,unique,unique
ORD12761,Crystal Rodriguez,Male,,thomas87@example.com,(445)960-3186x865,United Kingdom,Saraville,North,83237.0,Home Office,Clothing,Winter Jacket,1,359.01,0.05,,Cash On Delivery,Returned,341.06,False,False,unique,unique
ORD11429,Stephanie Holmes,Male,,choilinda@example.net,,CANADA,Hernandezport,East,21816.0,Consumer,Home & Kitchen,Cushion Cover,1,400.97,0.15,,Net Banking,Delivered,340.82,False,False,unique,unique
ORD11861,Timothy Henderson,Female,1997-11-10,kcarlson@example.net,519-697-9703x1080,CANADA,New Amystad,East,95584.0,Home Office,Electronics,Bluetooth Speaker,1,400.9,0.15,,Cash On Delivery,Shipped,340.76,False,False,unique,unique
ORD10763,Richard Tyler,Female,,ronald78@example.net,727.348.8356,United Kingdom,Carpenterfurt,North,24320.0,Home Office,Electronics,Bluetooth Speaker,1,340.63,0.0,,Upi,Delivered,340.63,False,False,unique,unique
ORD11767,Stephen Rogers,Male,,carpentermegan@example.com,+1-577-349-2944,India,South Tracy,North,84020.0,Consumer,Sports,Yoga Mat,1,425.67,0.2,,Credit  Card,Shipped,340.54,False,False,unique,unique
ORD11401,Janice Smith,Female,,tphillips@example.com,242-715-7837x9264,CANADA,Lake Dustin,North,59523.0,Consumer,Sports,Cricket Bat,1,400.64,0.15,,Net Banking,Cancelled,340.54,False,False,unique,unique
ORD10633,Jessica Richardson,Male,,ericksonrachael@example.com,+1-681-767-0468x6111,United States,Moralesbury,South,18526.0,Corporate,Beauty,Hair Serum,1,339.71,0.0,2023-03-30,Credit Card,Delivered,339.71,False,False,unique,unique
ORD12532,Brenda Allen,Male,1997-01-07,,001-238-695-1752x04770,India,Lake Adrian,East,,Corporate,Home & Kitchen,Storage Box,1,424.49,0.2,2024-11-23,Debit Card,Cancelled,339.59,False,False,unique,unique
ORD12826,Timothy Smith,Female,1967-03-08,laura80@example.com,(902)222-4703x2133,CANADA,South Amandatown,North,81251.0,Consumer,Beauty,Face Wash,1,424.21,0.2,,Cash On Delivery,Delivered,339.37,False,False,unique,unique
ORD11212,Corey Johnson,Male,1997-01-04,barbara22@example.com,(928)848-3492,CANADA,Transhire,South,82870.0,Corporate,Clothing,Running Shoes,1,423.05,0.2,,Cash On Delivery,Delivered,338.44,False,False,unique,unique
ORD10868,Christopher King,Male,,campbelltodd@example.net,001-611-379-7269,India,New Holly,North,15036.0,Home Office,Sports,Dumbbell Set,1,338.2,0.0,,Cash On Delivery,Cancelled,338.2,False,False,unique,unique
ORD10273,Michael Crawford,Male,,cartertara@example.net,(275)567-0431,United States,Robertmouth,South,86452.0,Corporate,Home & Kitchen,Cushion Cover,1,338.04,0.0,2024-04-16,Credit Card,Shipped,338.04,False,False,unique,unique
ORD11093,Megan Carter,Male,,melindamorris@example.net,,United Kingdom,New Paul,East,6542.0,Home Office,Books,Kids Story Book,2,168.62,0.0,,Cash On Delivery,Returned,337.24,False,True,unique,unique
ORD11593,Albert Sanchez,Male,,christopher69@example.net,261-334-4088x33183,India,Rileyborough,West,35609.0,Home Office,Electronics,Wireless Mouse,2,337.16,0.5,,Net Banking,Cancelled,337.16,False,True,unique,unique
ORD10307,Travis Wilson,Female,1995-02-03,,(577)613-3344x76263,India,South Henry,North,19630.0,Corporate,Sports,Dumbbell Set,1,336.95,0.0,2023-01-22,Cash On Delivery,Returned,336.95,False,False,unique,unique
ORD11246,Crystal Ramirez,Male,,bolsen@example.com,001-743-906-9523,UNITED STATES,Morrisberg,North,78985.0,Consumer,Home & Kitchen,Non-stick Pan,1,335.81,0.0,2023-08-12,Upi,Returned,335.81,False,False,unique,unique
ORD10184,Susan Cohen,,2000-04-09,thompsonrachel@example.net,,United Kingdom,Port Amandaville,West,12715.0,Home Office,Sports,Yoga Mat,1,373.12,0.1,,Cash On Delivery,Returned,335.81,False,False,unique,unique
ORD11567,Deborah Gross,,,,001-366-804-5689x391,UNITED KINGDOM,Mitchellfurt,South,64929.0,Consumer,Sports,Dumbbell Set,1,335.77,0.0,2024-11-03,Net Banking,Shipped,335.77,False,False,unique,unique
ORD11503,Nathan Anthony,Female,,stewarttammy@example.net,+1-577-791-7431x24345,CANADA,New Sara,West,10526.0,Consumer,Books,Fiction Novel,1,394.98,0.15,2023-02-20,Net Banking,Shipped,335.73,False,False,unique,unique
ORD12010,Christine Zimmerman,Female,,xjackson@example.com,951-498-0702,CANADA,Port Lori,East,78403.0,Home Office,Home & Kitchen,Cushion Cover,1,372.5,0.1,2023-08-14,Net Banking,Cancelled,335.25,False,False,unique,unique
ORD10456,Laura Garcia,Male,,mcgeejohn@example.com,(340)778-7541,CANADA,Lewisfurt,East,66324.0,Consumer,Home & Kitchen,Non-stick Pan,1,371.82,0.1,2023-11-11,Credit Card,Returned,334.64,False,False,unique,unique
ORD12445,Deborah Schwartz,Female,,cooksarah@example.com,596-225-2165x3897,United Kingdom,Lesterfurt,West,97892.0,Home Office,Electronics,Laptop Stand,1,418.04,0.2,,Upi,Returned,334.43,False,False,unique,unique
ORD12424,John Lewis,Male,,dawn73@example.org,,India,East Rebecca,South,18611.0,Consumer,Sports,Football,2,167.2,0.0,,Credit Card,Shipped,334.4,False,True,unique,unique
ORD12630,Tara Mueller,Male,1968-03-06,garciaheather@example.net,001-353-516-1566x78597,India,Charlesberg,West,80137.0,Home Office,Home & Kitchen,LED Lamp,1,351.33,0.05,2023-04-18,Upi,Cancelled,333.76,False,False,unique,unique
ORD12267,Katherine Smith,Female,1966-09-10,bray@example.org,001-944-252-7843x0039,UNITED KINGDOM,Huertaport,North,56027.0,Consumer,Beauty,Sunscreen SPF50,1,417.05,0.2,,Credit Card,Delivered,333.64,False,False,unique,unique
ORD11070,Kimberly Sandoval,Female,1980-07-13,michelle81@example.org,(283)971-0307x3726,United Kingdom,Port Maria,West,1034.0,Corporate,Beauty,Lipstick Set,2,166.72,0.0,2024-11-19,Credit Card,Delivered,333.44,False,True,unique,unique
ORD11475,Pamela Greene,Male,,scottglover@example.com,318.677.4499x24687,India,Patrickborough,South,75085.0,Home Office,Beauty,Sunscreen SPF50,1,370.15,0.1,2024-03-26,Cash On Delivery,Shipped,333.14,False,False,unique,unique
ORD12151,Tara Reed,,,rberry@example.org,,CANADA,South Juliastad,North,38949.0,Consumer,Home & Kitchen,Blender,1,350.61,0.05,,Debit Card,Shipped,333.08,False,False,unique,unique
ORD10496,Megan Jones,Female,1993-08-14,hamiltonsarah@example.net,938-400-3296x33472,UNITED KINGDOM,Campbellborough,East,83701.0,Consumer,Beauty,Sunscreen SPF50,5,78.34,0.15,,Net Banking,Pending,332.95,False,True,unique,unique
ORD12149,Alexis Moss,Female,,tgarcia@example.com,351.935.6343,India,New Emilyland,South,50402.0,Corporate,Books,Cook Book,1,332.79,0.0,,Net Banking,Cancelled,332.79,False,False,unique,unique
ORD10313,Karen Fuller,Male,1973-07-11,riverabradley@example.net,859.323.0450x189,India,Scottbury,North,52787.0,Corporate,Beauty,Lipstick Set,2,332.74,0.5,,Debit Card,Shipped,332.74,False,True,unique,unique
ORD11611,Teresa Mccoy,Male,,jenkinsjames@example.com,001-801-442-1563x45263,CANADA,Whiteborough,North,26054.0,Corporate,Sports,Yoga Mat,2,332.73,0.5,,Credit Card,Pending,332.73,False,True,unique,unique
ORD10632,Jessica Mcdaniel,Male,,gonzaleztodd@example.org,(326)404-2359x7371,CANADA,East Joy,West,,Corporate,Home & Kitchen,Cushion Cover,1,331.53,0.0,,Credit Card,Cancelled,331.53,False,False,unique,unique
ORD12594,Timothy Thomas,Female,,williamsdaniel@example.net,7397111407,India,Medinachester,North,22549.0,Corporate,Electronics,Laptop Stand,2,331.39,0.5,,Debit Card,Shipped,331.39,False,True,unique,unique
ORD12853,Ronald Ryan,Male,,stephenbarker@example.com,+1-744-445-8905x73019,United States,Jonesview,North,92269.0,Consumer,Home & Kitchen,Cushion Cover,1,348.25,0.05,2023-09-15,Upi,Pending,330.84,False,False,unique,unique
ORD10894,Timothy Christensen,Female,,sara14@example.org,(772)886-8112x30388,India,Port Christopherbury,North,80422.0,Home Office,Books,Kids Story Book,3,122.43,0.1,,Credit Card,Shipped,330.56,False,True,unique,unique
ORD12570,Catherine Brown,Female,,rebeccaturner@example.net,593.970.1233x579,UNITED KINGDOM,Ericksonstad,South,78758.0,Home Office,Books,Kids Story Book,2,164.54,0.0,,Net Banking,Shipped,329.08,False,True,unique,unique
ORD11300,Mark Burton,,,moorerobert@example.org,001-969-836-8359x916,UNITED STATES,Alexisbury,West,19813.0,Consumer,Home & Kitchen,Cushion Cover,1,328.54,0.0,2023-06-14,Cash On Delivery,Shipped,328.54,False,False,unique,unique
ORD10170,Cynthia Mueller,Male,,heather06@example.com,(558)500-4397x35989,India,Shaneland,West,25008.0,Consumer,Sports,Yoga Mat,1,328.52,0.0,2024-12-03,Upi,Pending,328.52,False,False,unique,unique
ORD12893,Anne Webb,Female,1996-05-30,grantangela@example.com,597.553.1154x5164,United States,New Amanda,West,,Home Office,Books,Fiction Novel,1,410.48,0.2,,Net Banking,Returned,328.38,False,False,unique,unique
ORD11418,Nicholas Boyer,Female,,,001-439-293-3025x59879,United Kingdom,Frenchbury,North,15577.0,Corporate,Clothing,Formal Shirt,2,327.92,0.5,,Upi,Delivered,327.92,False,True,unique,unique
ORD12453,Nicole Bennett,Male,1977-02-06,ghayes@example.org,712.403.4574x1756,India,North Brandon,North,17601.0,Home Office,Beauty,Lipstick Set,2,204.93,0.2,2023-05-15,Cash On Delivery,Cancelled,327.89,False,True,unique,unique
ORD11777,Kelly Woods,Male,1977-06-01,deborah45@example.net,287.550.0770,CANADA,South Kristineville,South,83095.0,Home Office,Books,Fiction Novel,1,409.1,0.2,2024-10-03,Credit Card,Returned,327.28,False,False,unique,unique
ORD10341,Kristine Turner,Male,,rivasjessica@example.com,,India,Clarkhaven,North,42221.0,Consumer,Clothing,Running Shoes,1,326.62,0.0,,Debit Card,Pending,326.62,False,False,unique,unique
ORD10463,Becky Freeman,,1960-11-04,donna00@example.com,(554)888-2142,United Kingdom,West Jefferyfort,East,46983.0,Consumer,Electronics,Wireless Mouse,1,326.56,0.0,2023-07-01,Cash On Delivery,Shipped,326.56,False,False,unique,unique
ORD11232,Ashley Ramos,Male,,asmith@example.net,564.977.0906x7618,United States,Thomasstad,North,839.0,Consumer,Beauty,Sunscreen SPF50,1,343.68,0.05,2023-12-19,Credit  Card,Returned,326.5,False,False,unique,unique
ORD10219,Curtis Horton,Male,,apena@example.org,(345)410-4636x8157,UNITED STATES,New Tammy,East,,Corporate,Beauty,Hair Serum,1,384.11,0.15,,Net Banking,Returned,326.49,False,False,unique,unique
ORD11762,Todd Wilcox,Male,1973-04-27,seth65@example.org,841-652-6445x829,India,Jonathanshire,East,15509.0,Corporate,Beauty,Sunscreen SPF50,1,362.31,0.1,,Cash On Delivery,Returned,326.08,False,False,unique,unique
ORD10930,Wendy Beltran,Female,,michelle34@example.org,466-782-1215x6495,CANADA,Baileyburgh,South,2754.0,Home Office,Books,Kids Story Book,1,383.18,0.15,,Net Banking,Delivered,325.7,False,False,unique,unique
ORD11619,Tonya Dixon,Male,,danielthompson@example.net,(914)698-4250x7966,United Kingdom,North Sarah,West,85348.0,Consumer,Clothing,Formal Shirt,1,406.87,0.2,2023-02-19,Cash On Delivery,Returned,325.5,False,False,unique,unique
ORD10117,Jenna Thomas,,,ebrooks@example.net,001-316-884-5775x90175,CANADA,South Mallory,North,,Corporate,Books,Cook Book,1,325.26,0.0,,Cash On Delivery,Pending,325.26,False,False,unique,unique
ORD12178,Nicholas Williams,,,arussell@example.net,+1-763-282-8504x1627,United States,North Danielle,South,21197.0,Consumer,Sports,Yoga Mat,2,171.15,0.05,,Credit Card,Pending,325.18,False,True,unique,unique
ORD11335,Jimmy Dillon,,,thomaschristina@example.net,+1-472-884-2680x928,United States,Lake Dawnfurt,West,34207.0,Home Office,Electronics,Wireless Mouse,2,171.11,0.05,,Upi,Pending,325.11,False,True,unique,unique
ORD11507,Jacqueline Maddox,,1976-01-03,,248.311.1570x34756,India,Mitchellburgh,West,,Corporate,Clothing,Women's Jeans,1,382.39,0.15,,Credit  Card,Delivered,325.03,False,False,unique,unique
ORD10194,Karen Fernandez,Male,,xdalton@example.org,718.675.0036x915,UNITED KINGDOM,New Jose,West,35812.0,Consumer,Sports,Yoga Mat,1,324.55,0.0,,Net Banking,Cancelled,324.55,False,False,unique,unique
ORD10859,William Wilson,,,youngmichael@example.net,+1-269-501-7074,UNITED KINGDOM,West Dale,East,,Corporate,Beauty,Hair Serum,1,359.74,0.1,,Debit Card,Returned,323.77,False,False,unique,unique
ORD10357,Kathleen Adams,Female,1979-11-05,clarkpatricia@example.com,663.346.6925,UNITED KINGDOM,Port Christopher,East,58763.0,Consumer,Sports,Football,1,323.74,0.0,,Net Banking,Shipped,323.74,False,False,unique,unique
ORD12952,William Clark,Female,,alyssa23@example.com,(223)342-2641,UNITED STATES,Cynthiaberg,North,25706.0,Home Office,Books,Self-Help Book,2,190.29,0.15,2024-10-14,Debit Card,Shipped,323.49,False,True,unique,unique
ORD10119,Bradley Beck,Female,,sanderskevin@example.net,001-236-211-0371x29387,India,Lisachester,East,,Consumer,Electronics,Laptop Stand,1,340.18,0.05,,Credit  Card,Shipped,323.17,False,False,unique,unique
ORD10639,Kyle Santiago,,,leahbarker@example.org,+1-758-485-3798x21433,UNITED STATES,Brooksfurt,East,63984.0,Home Office,Electronics,USB-C Hub,1,403.71,0.2,2024-06-07,Cash On Delivery,Cancelled,322.97,False,False,unique,unique
ORD12357,Kevin Rush,Female,,paulwallace@example.com,477-852-9694,India,West Melissaside,East,,Home Office,Books,Cook Book,1,339.86,0.05,,Credit  Card,Returned,322.87,False,False,unique,unique
ORD11352,Joshua Smith,Male,,angelafreeman@example.org,(761)854-5985x8663,United Kingdom,Jeanneport,South,10974.0,Home Office,Books,Kids Story Book,2,161.39,0.0,2024-01-17,Upi,Delivered,322.78,False,True,unique,unique
ORD12015,Heather Pham,Female,1964-06-15,nmitchell@example.net,+1-657-852-9255x56808,United States,North Daltonside,North,15078.0,Corporate,Electronics,Earbuds,2,322.37,0.5,,Credit Card,Shipped,322.37,False,True,unique,unique
ORD12688,Jason Hickman,Female,,,892.884.0347,India,Joyceview,North,40637.0,Home Office,Beauty,Lipstick Set,1,378.97,0.15,,Upi,Delivered,322.12,False,False,unique,unique
ORD10384,Victoria Owens Dvm,Male,,,683.533.2116x0256,UNITED KINGDOM,Elizabethville,North,87726.0,Home Office,Electronics,Bluetooth Speaker,1,339.07,0.05,2023-04-10,Upi,Delivered,322.12,False,False,unique,unique
ORD12266,Timothy Schmidt,Female,,xmartin@example.org,585.377.1712x199,UNITED KINGDOM,Jamesfort,East,637.0,Corporate,Books,Self-Help Book,1,322.09,0.0,,Upi,Returned,322.09,False,False,unique,unique
ORD11821,Taylor Dunn,Female,,jenna76@example.net,(433)954-2050x95307,CANADA,Andersonberg,West,62734.0,Corporate,Beauty,Hair Serum,3,112.85,0.05,,Debit Card,Returned,321.62,False,True,unique,unique
ORD11382,Daniel Mills,Female,1998-12-29,rmeadows@example.org,001-917-236-8385x095,CANADA,West Anthony,North,,Consumer,Clothing,Men's T-Shirt,1,337.93,0.05,,Debit Card,Pending,321.03,False,False,unique,unique
ORD12937,Lisa Johnson,Male,,cherylrussell@example.com,,United States,Mariaview,West,,Consumer,Home & Kitchen,Blender,2,178.3,0.1,,Cash On Delivery,Shipped,320.94,False,True,unique,unique
ORD11295,Stephanie Olson,Female,1989-10-30,,406.305.5817x357,United States,South Derektown,East,,Home Office,Sports,Dumbbell Set,3,106.97,0.0,,Net Banking,Shipped,320.91,False,True,unique,unique
ORD12339,Brenda Thompson,Male,,brownalejandro@example.org,843.539.1419x81179,CANADA,North Connie,East,,Home Office,Electronics,USB-C Hub,1,354.72,0.1,2024-12-27,Upi,Pending,319.25,False,False,unique,unique
ORD11825,Karen Hicks,Female,,bsantiago@example.net,633-549-0237,UNITED STATES,Port Vanessa,West,75764.0,Home Office,Books,Kids Story Book,1,319.21,0.0,,Credit Card,Pending,319.21,False,False,unique,unique
ORD10716,Roy Hines,Male,,millerjames@example.net,200-916-8094x14915,CANADA,Ayalahaven,East,,Consumer,Books,Cook Book,2,159.47,0.0,,Credit Card,Delivered,318.94,False,True,unique,unique
ORD12034,Brian Johnson,Female,,,001-371-636-3591,CANADA,Port Brandon,West,,Corporate,Books,Cook Book,2,318.67,0.5,,Cash On Delivery,Delivered,318.67,False,True,unique,unique
ORD10718,Tammy Leblanc,Female,2007-09-26,hammondjoseph@example.com,584.713.3373x12552,India,Rodriguezside,South,10875.0,Consumer,Clothing,Men's T-Shirt,2,159.19,0.0,,Cash On Delivery,Returned,318.38,False,True,unique,unique
ORD10748,Phillip Campbell,Female,1965-06-03,andrew86@example.net,525.709.5229x46209,United States,Jenniferland,East,97771.0,Home Office,Electronics,Smartwatch,2,198.92,0.2,,Credit Card,Returned,318.27,False,True,unique,unique
ORD11744,Jesse Wood,Female,,floydsamantha@example.org,+1-598-475-5798,United States,Port Brooke,North,84288.0,Corporate,Clothing,Winter Jacket,1,335.01,0.05,,Net Banking,Shipped,318.26,False,False,unique,unique
ORD12991,Patricia Ford,,,ynelson@example.com,+1-930-272-1782x192,United States,South Joyview,South,52080.0,Consumer,Clothing,Formal Shirt,1,316.99,0.0,2023-08-01,Credit Card,Shipped,316.99,False,False,unique,unique
ORD10290,Philip Bush,Male,1987-05-05,millertristan@example.com,779-447-3864x6317,CANADA,Lake Travisville,North,52453.0,Corporate,Books,Kids Story Book,1,395.98,0.2,,Cash On Delivery,Delivered,316.78,False,False,unique,unique
ORD10434,Christy Figueroa,Female,1966-02-01,jjohnson@example.com,(835)990-9605,CANADA,North Jason,East,3508.0,Home Office,Electronics,Wireless Mouse,1,316.63,0.0,2024-11-26,Cash On Delivery,Cancelled,316.63,False,False,unique,unique
ORD11526,Jacqueline Davis,Male,,andersonvincent@example.com,640-881-7028,United States,South Cynthiafort,North,70356.0,Home Office,Electronics,Wireless Mouse,3,117.26,0.1,,Upi,Cancelled,316.6,False,True,unique,unique
ORD11816,Dawn Sullivan,Female,,dawnroberts@example.net,,United States,Castrofort,West,99059.0,Consumer,Home & Kitchen,LED Lamp,1,333.25,0.05,,Credit Card,Returned,316.59,False,False,unique,unique
ORD12914,Rachel Rodriguez,Male,,richardchase@example.org,467.795.7571x8697,India,Port Anthonymouth,West,,Corporate,Clothing,Winter Jacket,3,105.51,0.0,,Credit Card,Shipped,316.53,False,True,unique,unique
ORD10483,Tara Mitchell,Female,,ucoleman@example.net,001-684-726-7320x44138,CANADA,Johnsonview,West,47909.0,Home Office,Beauty,Lipstick Set,1,393.94,0.2,,Debit Card,Delivered,315.15,False,False,unique,unique
ORD12784,Kaitlyn Fisher,Female,,parkerstephen@example.com,(322)685-5693,India,West Justin,East,73710.0,Corporate,Electronics,Laptop Stand,3,116.66,0.1,,Net Banking,Pending,314.98,False,True,unique,unique
ORD12223,Linda Stewart,Male,,janicemclean@example.org,001-718-225-4805x759,United States,West Donald,East,33509.0,Corporate,Clothing,Running Shoes,2,314.81,0.5,,Upi,Returned,314.81,False,True,unique,unique
ORD11623,Susan Long,Female,2004-02-15,megan21@example.org,684-326-2264,UNITED STATES,Port Davidview,South,45751.0,Corporate,Beauty,Hair Serum,5,125.86,0.5,,Credit Card,Returned,314.65,False,True,unique,unique
ORD10369,Christopher Morales,Male,,olewis@example.org,+1-449-650-1364x97189,India,New Markfurt,East,89354.0,Consumer,Sports,Cricket Bat,1,314.55,0.0,2024-11-05,Credit Card,Pending,314.55,False,False,unique,unique
ORD12404,Sandra Townsend,Female,,kellydaisy@example.net,992-877-2443,India,Marcusland,South,68358.0,Home Office,Books,Kids Story Book,1,392.79,0.2,,Credit Card,Pending,314.23,False,False,unique,unique
ORD10593,Erica Johnson,Male,,adamsmith@example.org,,United States,Mackville,East,29929.0,Home Office,Sports,Football,1,392.72,0.2,2024-07-10,Credit Card,Cancelled,314.18,False,False,unique,unique
ORD10764,Larry Fisher,,1991-04-21,preyes@example.net,496-704-7842x170,CANADA,South Douglasstad,East,76522.0,Home Office,Electronics,Earbuds,2,157.01,0.0,,Debit Card,Delivered,314.02,False,True,unique,unique
ORD12154,Justin Jackson,,,newmanpamela@example.net,+1-775-586-4740x1925,India,South Terrimouth,West,659.0,Home Office,Beauty,Hair Serum,1,330.51,0.05,,Cash On Delivery,Returned,313.98,False,False,unique,unique
ORD12360,Kenneth Fox,Male,,mary14@example.org,4133498438,CANADA,Allenfurt,North,23687.0,Consumer,Sports,Cricket Bat,1,348.83,0.1,,Net Banking,Pending,313.95,False,False,unique,unique
ORD10636,Angel Martin Dds,Male,,sharon46@example.org,001-860-456-0356x79327,CANADA,New Adriana,East,65661.0,Home Office,Electronics,Bluetooth Speaker,1,313.9,0.0,,Cash On Delivery,Cancelled,313.9,False,False,unique,unique
ORD11768,Sean Luna,Male,,twagner@example.net,2535667832,India,South Davidborough,North,14565.0,Home Office,Electronics,Wireless Mouse,2,196.12,0.2,,Credit Card,Delivered,313.79,False,True,unique,unique
ORD10229,Stephen Young,Female,,cchavez@example.org,+1-290-738-4983x022,UNITED STATES,East Melissashire,West,79574.0,Consumer,Sports,Football,1,368.48,0.15,2023-08-06,Net Banking,Delivered,313.21,False,False,unique,unique
ORD12717,Thomas Jones,Male,,bbennett@example.com,(625)695-7874x4112,India,North Timothy,North,96801.0,Home Office,Electronics,Smartwatch,1,347.76,0.1,,Cash On Delivery,Delivered,312.98,False,False,unique,unique
ORD10792,Joann Shepherd,Male,2002-12-01,jennifer54@example.org,,India,Port Angelaport,South,49370.0,Consumer,Electronics,Bluetooth Speaker,1,390.71,0.2,2023-12-21,Debit Card,Cancelled,312.57,False,False,unique,unique
ORD12515,Jeffrey Henderson,Female,2002-05-04,weavermadison@example.com,(931)747-9612x6508,UNITED STATES,Williammouth,East,25996.0,Consumer,Home & Kitchen,Storage Box,1,390.61,0.2,,Cash On Delivery,Cancelled,312.49,False,False,unique,unique
ORD12849,Eric Fox,Female,,,001-295-978-1833,United Kingdom,East Crystalville,South,,Corporate,Clothing,Formal Shirt,1,312.17,0.0,2023-09-14,Upi,Pending,312.17,False,False,unique,unique
ORD12109,Kelli Rangel,Female,2001-03-05,smithcaleb@example.net,730.816.7965,United Kingdom,Bullockburgh,North,29520.0,Corporate,Sports,Football,1,367.02,0.15,2024-02-05,Credit Card,Delivered,311.97,False,False,unique,unique
ORD10575,Allison Walker Dds,,,scottcain@example.org,5438097768,CANADA,Port April,North,52879.0,Corporate,Clothing,Winter Jacket,1,346.4,0.1,,Credit  Card,Delivered,311.76,False,False,unique,unique
ORD10908,Charlene Smith,Male,2000-07-21,geraldgarcia@example.net,+1-900-234-6861x630,India,New Reginald,West,91525.0,Consumer,Beauty,Sunscreen SPF50,1,389.07,0.2,,Cash On Delivery,Delivered,311.26,False,False,unique,unique
ORD11814,Christopher Parker,Female,,shicks@example.com,(496)345-8924x4183,United Kingdom,Port Laurenbury,East,,Corporate,Clothing,Formal Shirt,1,345.34,0.1,2024-09-22,Cash On Delivery,Pending,310.81,False,False,unique,unique
ORD11639,Janice Adams,Male,,tonyroberts@example.org,001-883-828-6785x150,United States,West Michaelmouth,South,14894.0,Consumer,Home & Kitchen,Non-stick Pan,3,108.94,0.05,,Cash On Delivery,Cancelled,310.48,False,True,unique,unique
ORD10815,Miss Monique Middleton,Male,,,001-511-265-9930x2020,United States,Sharonberg,East,29208.0,Corporate,Sports,Yoga Mat,5,73.04,0.15,,Credit  Card,Shipped,310.42,False,True,unique,unique
ORD10053,Charles Sandoval,Male,,davisalyssa@example.com,(275)325-4599x10229,India,Scottchester,West,64157.0,Consumer,Beauty,Lipstick Set,1,364.99,0.15,,Credit Card,Pending,310.24,False,False,unique,unique
ORD10266,George Johnson,Female,,derek77@example.com,(553)349-2929,United Kingdom,Vincentfort,South,28870.0,Corporate,Clothing,Men's T-Shirt,1,325.95,0.05,,Credit  Card,Delivered,309.65,False,False,unique,unique
ORD11601,Tiffany Smith,Female,,jacob64@example.org,(273)602-2099x41753,India,West Latoyaland,West,,Home Office,Sports,Yoga Mat,2,193.36,0.2,,Upi,Cancelled,309.38,False,True,unique,unique
ORD10915,Rebekah Dyer,Female,1972-11-07,gmoody@example.net,(523)976-0088x44740,United States,New Danielton,South,,Corporate,Clothing,Winter Jacket,2,154.51,0.0,,Net Banking,Pending,309.02,False,True,unique,unique
ORD12432,Angel Stuart,Male,,slevy@example.net,911-571-5903x648,CANADA,Martinezstad,West,80935.0,Consumer,Sports,Football,1,308.99,0.0,,Credit Card,Cancelled,308.99,False,False,unique,unique
ORD12681,Frances Hale,Female,,johnny23@example.org,440-325-8855x108,India,Davistown,South,,Home Office,Sports,Cricket Bat,3,128.62,0.2,2024-10-13,Debit Card,Delivered,308.69,False,True,unique,unique
ORD10836,Raymond Thompson,Male,,elizabeth39@example.net,,United States,Sandovalfurt,South,,Corporate,Beauty,Sunscreen SPF50,5,61.73,0.0,,Credit Card,Delivered,308.65,False,True,unique,unique
ORD12844,Darin Mcclure,Male,,ohickman@example.com,936-692-8515x6283,United Kingdom,Westport,East,9571.0,Corporate,Books,Fiction Novel,1,385.78,0.2,,Debit Card,Delivered,308.62,False,False,unique,unique
ORD12273,Zachary Bailey,Female,,marvinhenry@example.net,+1-293-878-7352x199,UNITED KINGDOM,Sandrafurt,South,4496.0,Home Office,Sports,Cricket Bat,3,121.01,0.15,,Credit  Card,Cancelled,308.58,False,True,unique,unique
ORD12714,Gregory Garrett,Female,1965-01-05,ycharles@example.org,326-362-4436x7704,United States,New Billyburgh,East,84942.0,Corporate,Beauty,Sunscreen SPF50,5,61.66,0.0,,Credit Card,Returned,308.3,False,True,unique,unique
ORD12807,Kristen Tran,Male,,khughes@example.net,001-336-639-1596x58668,India,Port Johnview,East,71119.0,Corporate,Electronics,USB-C Hub,1,324.46,0.05,,Upi,Cancelled,308.24,False,False,unique,unique
ORD11468,Gabrielle Allen,Male,,cindy55@example.com,,CANADA,North Roger,South,73671.0,Home Office,Home & Kitchen,LED Lamp,2,192.65,0.2,,Cash On Delivery,Pending,308.24,False,True,unique,unique
ORD10555,Craig Wise,Male,1988-12-05,davisgregory@example.net,001-381-723-1795x5633,United Kingdom,Scottville,West,60394.0,Consumer,Clothing,Formal Shirt,1,385.08,0.2,,Net Banking,Delivered,308.06,False,False,unique,unique
ORD11953,Bryan Mendoza,Male,1985-06-01,kristine98@example.net,,India,South Katherinetown,North,31191.0,Home Office,Sports,Yoga Mat,1,324.21,0.05,,Debit Card,Delivered,308.0,False,False,unique,unique
ORD11667,Troy Williams,Male,,julie56@example.org,001-733-989-2349x524,United States,West Chrismouth,East,,Home Office,Electronics,Earbuds,5,122.99,0.5,,Credit Card,Returned,307.47,False,True,unique,unique
ORD11286,Renee Orr,Female,,donna87@example.net,710.931.4564,United Kingdom,Port Elijah,East,43508.0,Corporate,Beauty,Sunscreen SPF50,1,307.35,0.0,,Cash On Delivery,Shipped,307.35,False,False,unique,unique
ORD10176,Kayla Martin,Female,,james29@example.org,001-487-581-4141x39755,UNITED KINGDOM,West Christineborough,East,42153.0,Corporate,Sports,Yoga Mat,1,323.48,0.05,,Credit  Card,Delivered,307.31,False,False,unique,unique
ORD12946,Amber Smith,Male,,gonzalezethan@example.org,001-508-388-4391x3497,India,West Jasonhaven,South,69833.0,Home Office,Beauty,Sunscreen SPF50,2,180.66,0.15,,Cash On Delivery,Delivered,307.12,False,True,unique,unique
ORD12420,Sabrina Owen,Female,1966-09-12,dennistran@example.com,811.492.4912x8300,United States,Port Amanda,West,67653.0,Home Office,Books,Cook Book,1,307.11,0.0,,Credit Card,Returned,307.11,False,False,unique,unique
ORD11347,Karen Kelley,Male,1972-09-12,lhatfield@example.org,461-872-7580x452,India,Linchester,South,81722.0,Corporate,Sports,Cricket Bat,2,170.52,0.1,,Credit Card,Cancelled,306.94,False,True,unique,unique
ORD10950,Ashley Adams,Female,,antoniothompson@example.org,(690)439-2202x69801,CANADA,Adamsland,East,8437.0,Consumer,Electronics,Smartwatch,2,306.83,0.5,2023-11-05,Debit Card,Shipped,306.83,False,True,unique,unique
ORD10034,Bobby Williams Md,Female,,anthony39@example.net,4498027874,United States,Costafort,West,46108.0,Consumer,Home & Kitchen,Cushion Cover,1,306.77,0.0,,Debit Card,Delivered,306.77,False,False,unique,unique
ORD12221,Sydney Graham,Male,1985-06-21,ccameron@example.org,,United Kingdom,Christinaland,South,,Home Office,Beauty,Sunscreen SPF50,1,322.43,0.05,,Upi,Returned,306.31,False,False,unique,unique
ORD11342,Rachel Hogan,Male,,hgray@example.net,+1-660-885-5717x49058,India,West Joshuaton,North,68069.0,Corporate,Electronics,Smartwatch,1,360.33,0.15,2023-02-12,Cash On Delivery,Returned,306.28,False,False,unique,unique
ORD10244,Kayla Abbott,Male,,woodana@example.org,,UNITED KINGDOM,Lake Annstad,West,14879.0,Corporate,Beauty,Sunscreen SPF50,1,305.93,0.0,,Net Banking,Shipped,305.93,False,False,unique,unique
ORD10472,Spencer Chandler,Male,1979-01-13,dnielsen@example.net,810-417-5902x517,UNITED KINGDOM,East Johnny,West,57846.0,Home Office,Home & Kitchen,Cushion Cover,1,305.61,0.0,,Debit Card,Returned,305.61,False,False,unique,unique
ORD11190,Brandon Day,Female,,rcaldwell@example.net,896.766.8290x525,CANADA,Alvinland,West,36706.0,Corporate,Beauty,Hair Serum,1,305.59,0.0,,Debit Card,Returned,305.59,False,False,unique,unique
ORD12503,Crystal Craig,Female,,deborah54@example.net,001-654-947-2787x924,India,Nielsenland,South,60217.0,Home Office,Electronics,USB-C Hub,1,338.72,0.1,,Debit Card,Delivered,304.85,False,False,unique,unique
ORD11387,Oscar Williams,,,anita14@example.org,+1-835-952-8337x2875,India,Lake Jaredberg,East,54837.0,Consumer,Beauty,Hair Serum,1,304.47,0.0,,Upi,Pending,304.47,False,False,unique,unique
ORD11747,John Burns,Female,1990-10-20,jgordon@example.org,,India,Joycemouth,East,56196.0,Corporate,Beauty,Sunscreen SPF50,1,380.59,0.2,2023-06-30,Net Banking,Delivered,304.47,False,False,unique,unique
ORD10831,Dustin Farrell,Male,,,753.223.6618,United States,Sanderston,East,72751.0,Corporate,Home & Kitchen,Cushion Cover,2,168.86,0.1,,Credit Card,Delivered,303.95,False,True,unique,unique
ORD11859,Carolyn Marshall,Female,,hcox@example.net,(321)809-8636x7828,CANADA,Smithfurt,West,52791.0,Consumer,Home & Kitchen,Blender,1,302.14,0.0,,Debit Card,Pending,302.14,False,False,unique,unique
ORD10342,Madison Petty,Female,,john55@example.org,995.802.0970x026,UNITED KINGDOM,Port Nancyland,West,,Consumer,Sports,Dumbbell Set,2,150.94,0.0,2024-01-29,Credit Card,Delivered,301.88,False,True,unique,unique
ORD11200,Mark Jackson,Male,,bblevins@example.net,547.491.0059,UNITED KINGDOM,Travisberg,East,72756.0,Consumer,Books,Cook Book,1,335.3,0.1,,Cash On Delivery,Returned,301.77,False,False,unique,unique
ORD10721,Sandra Ross,Male,,rebeccafigueroa@example.com,+1-682-821-0217x98213,UNITED STATES,New Amy,South,96779.0,Home Office,Home & Kitchen,Blender,1,354.92,0.15,,Credit Card,Pending,301.68,False,False,unique,unique
ORD12070,Samuel Mills,Female,1975-02-09,,(555)592-1895x68864,India,Krausestad,West,,Home Office,Beauty,Hair Serum,2,177.43,0.15,2023-05-19,Net Banking,Delivered,301.63,False,True,unique,unique
ORD10687,Breanna Jenkins,Female,,vgutierrez@example.org,287-623-3351,United Kingdom,New Robertview,North,84782.0,Home Office,Electronics,USB-C Hub,2,177.37,0.15,,Upi,Cancelled,301.53,False,True,unique,unique
ORD12862,Karen Randolph,Female,,christinabrown@example.org,001-773-270-3877x4643,India,West Emily,North,4514.0,Consumer,Home & Kitchen,Cushion Cover,3,125.48,0.2,,Cash On Delivery,Pending,301.15,False,True,unique,unique
ORD11138,Joseph Smith,Male,1984-12-23,john69@example.net,744.236.9580,India,Luiston,South,47841.0,Home Office,Beauty,Lipstick Set,2,300.93,0.5,,Cash On Delivery,Shipped,300.93,False,True,unique,unique
ORD12103,Mrs. Vickie Sloan,Male,1976-07-19,tschmidt@example.org,739-742-9008x892,India,Palmerborough,West,80289.0,Corporate,Sports,Dumbbell Set,3,199.88,0.5,,Cash On Delivery,Pending,299.82,False,True,unique,unique
ORD10371,Crystal Matthews,Female,,andrewblake@example.org,836-539-1025x7432,UNITED STATES,East Sandramouth,North,97396.0,Corporate,Electronics,Wireless Mouse,1,299.61,0.0,,Credit  Card,Shipped,299.61,False,False,unique,unique
ORD11884,Steven Brown,Male,1991-10-13,nlee@example.net,9534769328,India,Mitchellfurt,North,25051.0,Consumer,Sports,Yoga Mat,2,299.49,0.5,,Credit Card,Shipped,299.49,False,True,unique,unique
ORD11028,Carla Browning,Male,,sheila42@example.net,,CANADA,West Raymond,South,60937.0,Home Office,Beauty,Hair Serum,5,59.89,0.0,2024-06-28,Upi,Cancelled,299.45,False,True,unique,unique
ORD12655,Stephanie Mora,Male,,,(440)857-8766x0178,India,Port Melissafort,South,30322.0,Consumer,Electronics,Earbuds,1,299.07,0.0,,Cash On Delivery,Shipped,299.07,False,False,unique,unique
ORD11337,Paige Barajas,,1967-01-04,john54@example.org,(201)399-1984x8087,India,Smithhaven,West,95388.0,Corporate,Beauty,Hair Serum,1,298.73,0.0,,Cash On Delivery,Returned,298.73,False,False,unique,unique
ORD10900,Sara Bartlett,Female,1983-03-26,stephenwyatt@example.net,+1-666-660-5342x816,United States,Port Janetchester,East,10533.0,Corporate,Clothing,Women's Jeans,1,298.69,0.0,,Cash On Delivery,Pending,298.69,False,False,unique,unique
ORD10979,Heidi Mullins,Male,,rachel33@example.com,869-983-3067x730,India,New Sarahburgh,South,96825.0,Home Office,Electronics,Bluetooth Speaker,5,74.67,0.2,2023-05-14,Debit Card,Returned,298.68,False,True,unique,unique
ORD10245,Cynthia Park,,,jennifer66@example.com,,United States,Lake Glenn,West,,Consumer,Sports,Yoga Mat,2,149.13,0.0,,Upi,Cancelled,298.26,False,True,unique,unique
ORD11724,Clarence Miller,,1984-01-17,daniel90@example.net,001-467-610-8004x587,India,Lake Greg,South,,Consumer,Sports,Dumbbell Set,2,165.52,0.1,2024-09-18,Cash On Delivery,Shipped,297.94,False,True,unique,unique
ORD11312,Christopher Sanchez,Female,,nguyenmary@example.org,,United Kingdom,Wongport,West,31304.0,Corporate,Beauty,Sunscreen SPF50,1,371.53,0.2,2023-09-13,Upi,Pending,297.22,False,False,unique,unique
ORD12358,Joshua Daniel,Male,,cole24@example.com,(777)205-0875,India,Russellview,East,39205.0,Consumer,Clothing,Running Shoes,3,116.53,0.15,,Upi,Cancelled,297.15,False,True,unique,unique
ORD11592,Dawn King,Female,,gbutler@example.org,(814)996-1806x862,India,West Teresa,North,79677.0,Corporate,Beauty,Face Wash,1,296.84,0.0,2024-10-14,Credit Card,Delivered,296.84,False,False,unique,unique
ORD12105,Colin Proctor,Male,,heather14@example.org,701-681-3617x00048,United Kingdom,Lake Melissaberg,West,89894.0,Corporate,Beauty,Face Wash,3,116.37,0.15,,Debit Card,Shipped,296.74,False,True,unique,unique
ORD11420,Patty Pugh,Male,2003-04-26,kingjulie@example.com,,CANADA,New Jacquelinefort,West,13897.0,Consumer,Home & Kitchen,Storage Box,1,348.91,0.15,,Debit Card,Pending,296.57,False,False,unique,unique
ORD12038,Sheena Ellis,Female,2005-06-05,nicholasstein@example.org,+1-530-870-9063,India,East Toddborough,South,,Corporate,Home & Kitchen,Blender,1,370.69,0.2,,Upi,Returned,296.55,False,False,unique,unique
ORD11776,Danielle Sutton,Male,2001-03-12,tracy54@example.org,+1-918-486-4594x7800,United States,Karenborough,West,52901.0,Consumer,Home & Kitchen,LED Lamp,1,348.72,0.15,,Upi,Returned,296.41,False,False,unique,unique
ORD10530,Carlos Adams,Female,1989-05-10,colton30@example.net,231-794-9796x95867,India,Luismouth,West,,Home Office,Home & Kitchen,Cushion Cover,1,329.19,0.1,,Credit Card,Cancelled,296.27,False,False,unique,unique
ORD12840,Megan Mckinney,Female,,jgonzalez@example.org,810.459.2512x11894,United States,North Suzanne,East,,Consumer,Clothing,Men's T-Shirt,1,296.22,0.0,,Net Banking,Pending,296.22,False,False,unique,unique
ORD12678,Bryan Ray,Female,,megan53@example.org,+1-918-492-3073x13972,India,Spearsland,East,28075.0,Corporate,Clothing,Winter Jacket,5,69.61,0.15,,Upi,Cancelled,295.84,False,True,unique,unique
ORD12278,Virginia Vaughn,Male,,,,CANADA,Port Josephtown,West,41193.0,Home Office,Home & Kitchen,LED Lamp,1,295.57,0.0,,Upi,Pending,295.57,False,False,unique,unique
ORD10482,Matthew Patel,Male,1992-04-19,,2857095493,United Kingdom,Glennton,South,14815.0,Home Office,Sports,Cricket Bat,5,59.05,0.0,,Credit Card,Delivered,295.25,False,True,unique,unique
ORD12287,Matthew Parker,Female,1990-08-27,wardmichele@example.org,001-235-706-6566x05059,India,Heatherchester,West,,Corporate,Electronics,Laptop Stand,3,122.87,0.2,2023-08-29,Upi,Shipped,294.89,False,True,unique,unique
ORD11923,Larry Chapman,Male,,parkanthony@example.net,316-626-7501x4683,UNITED STATES,Coxtown,West,,Consumer,Beauty,Face Wash,1,293.58,0.0,,Credit Card,Delivered,293.58,False,False,unique,unique
ORD11317,Amy Sexton,,,vreynolds@example.org,(689)889-9307,India,Lake Darrylbury,North,96252.0,Home Office,Electronics,USB-C Hub,2,172.35,0.15,,Credit Card,Returned,293.0,False,True,unique,unique
ORD12150,Olivia Green,Female,,monica33@example.net,+1-882-454-1768x9220,UNITED STATES,Matthewside,East,90645.0,Corporate,Books,Self-Help Book,2,182.93,0.2,,Net Banking,Cancelled,292.69,False,True,unique,unique
ORD12474,Kelly Freeman,Female,,melanie15@example.net,(699)222-9137x9016,United States,Hollyfurt,South,,Corporate,Books,Kids Story Book,2,172.16,0.15,,Cash On Delivery,Delivered,292.67,False,True,unique,unique
ORD12250,Rachel Cooper,Male,1990-03-17,xhenderson@example.org,582-356-6516,India,Jacksonville,South,43717.0,Home Office,Electronics,Wireless Mouse,1,308.02,0.05,2023-07-03,Credit  Card,Shipped,292.62,False,False,unique,unique
ORD10988,Michelle Wilkerson,Female,,jacksonthomas@example.com,(308)908-2039,India,Lake Katherineburgh,South,,Corporate,Clothing,Winter Jacket,2,171.99,0.15,,Net Banking,Shipped,292.38,False,True,unique,unique
ORD10109,Jennifer Goodwin,Male,2006-12-14,grodriguez@example.com,888.989.9375,India,West Whitney,North,63778.0,Consumer,Home & Kitchen,Non-stick Pan,1,343.79,0.15,2023-03-18,Debit Card,Delivered,292.22,False,False,unique,unique
ORD10268,Paul Steele,Female,,davidphillips@example.net,,CANADA,North Timothyport,East,21708.0,Consumer,Clothing,Running Shoes,1,343.62,0.15,2024-05-28,Net Banking,Delivered,292.08,False,False,unique,unique
ORD12626,Dawn Wells,Female,,,(617)340-3530x0568,India,Mooreborough,North,36024.0,Home Office,Electronics,Wireless Mouse,3,97.04,0.0,,Debit Card,Pending,291.12,False,True,unique,unique
ORD12182,Paul Reid,Male,,ryoder@example.org,7596758344,India,North Allen,East,39781.0,Consumer,Books,Fiction Novel,2,153.15,0.05,,Credit  Card,Cancelled,290.98,False,True,unique,unique
ORD12365,Michelle Park,Female,,qlopez@example.org,(748)893-2377,India,Alvarezview,South,49769.0,Home Office,Electronics,Wireless Mouse,1,363.31,0.2,,Debit Card,Delivered,290.65,False,False,unique,unique
ORD11684,Alexis Edwards,Female,,stevenjackson@example.org,+1-907-344-4793x911,India,Ayerstown,West,4375.0,Corporate,Sports,Dumbbell Set,1,305.57,0.05,,Credit  Card,Delivered,290.29,False,False,unique,unique
ORD12218,Karen Maddox,Male,,,(892)975-9274x60100,India,Cartertown,South,78410.0,Home Office,Home & Kitchen,Non-stick Pan,1,305.06,0.05,,Debit Card,Delivered,289.81,False,False,unique,unique
ORD11386,Cynthia Craig,Male,,andreamorrow@example.com,389-471-0017x078,United States,Daisymouth,West,59283.0,Home Office,Clothing,Women's Jeans,3,96.58,0.0,,Debit Card,Shipped,289.74,False,True,unique,unique
ORD12953,Rodney Bowers,Female,1996-11-01,ufisher@example.com,325-217-4342,India,Jimmyside,South,67604.0,Consumer,Clothing,Winter Jacket,2,180.79,0.2,,Credit  Card,Cancelled,289.26,False,True,unique,unique
ORD10474,Ronnie Hudson Md,Female,1977-07-02,lauriegonzales@example.net,(719)212-8411x7309,United Kingdom,Port Shelia,East,33450.0,Consumer,Sports,Football,1,289.1,0.0,,Debit Card,Cancelled,289.1,False,False,unique,unique
ORD11519,Crystal Mckee,Female,,christianmendez@example.com,001-531-716-9921,CANADA,West Jasmine,South,94861.0,Corporate,Clothing,Men's T-Shirt,1,304.24,0.05,,Cash On Delivery,Cancelled,289.03,False,False,unique,unique
ORD12190,Priscilla Calderon,Female,,allentravis@example.com,740.330.5792,UNITED KINGDOM,Walkerbury,West,,Home Office,Books,Kids Story Book,2,144.5,0.0,,Upi,Delivered,289.0,False,True,unique,unique
ORD10896,Ethan Castro,Male,,orichards@example.com,458-880-7053,UNITED KINGDOM,Lake Julieville,West,75955.0,Corporate,Beauty,Sunscreen SPF50,2,288.34,0.5,,Upi,Cancelled,288.34,False,True,unique,unique
ORD11477,William White,Female,,,,CANADA,East Elizabeth,South,85688.0,Consumer,Sports,Cricket Bat,1,339.19,0.15,2024-04-05,Upi,Shipped,288.31,False,False,unique,unique
ORD10467,Daniel Thomas,Male,,rtaylor@example.net,(244)407-9311,India,New Collinborough,North,14080.0,Corporate,Electronics,Smartwatch,1,288.04,0.0,,Cash On Delivery,Returned,288.04,False,False,unique,unique
ORD10993,Shannon Hudson,Female,,aprilhill@example.net,,India,Jenkinsborough,West,17169.0,Corporate,Beauty,Face Wash,5,57.36,0.0,2023-06-18,Upi,Cancelled,286.8,False,True,unique,unique
ORD11842,Jacob Bryant,Female,1965-07-11,emccall@example.org,(567)221-9228x34914,India,North Michael,West,59807.0,Consumer,Books,Fiction Novel,1,358.02,0.2,,Debit Card,Cancelled,286.42,False,False,unique,unique
ORD12264,Scott Hopkins,Female,,jessica92@example.org,7173274821,India,Wangtown,North,,Consumer,Sports,Football,2,143.15,0.0,,Debit Card,Shipped,286.3,False,True,unique,unique
ORD10383,William Rosario,Female,1999-08-09,schultzmorgan@example.net,573-497-6915x67164,India,East Tylerland,West,39999.0,Home Office,Home & Kitchen,Cushion Cover,1,285.95,0.0,,Debit Card,Shipped,285.95,False,False,unique,unique
ORD11758,Nicholas Young,Female,,monica24@example.com,+1-296-663-9000x4539,UNITED STATES,Simpsonburgh,East,41943.0,Consumer,Sports,Yoga Mat,1,335.58,0.15,2023-03-18,Upi,Returned,285.24,False,False,unique,unique
ORD11750,Mr. Jeremy Harris Md,Female,,zmartin@example.net,581-298-7088x40755,United Kingdom,Jamesfurt,West,,Corporate,Beauty,Hair Serum,1,285.01,0.0,,Debit Card,Pending,285.01,False,False,unique,unique
ORD12496,Karen Williams,Male,,nicolegraves@example.net,+1-663-891-0620,India,Hoffmanborough,West,5784.0,Consumer,Home & Kitchen,Non-stick Pan,1,284.98,0.0,,Cash On Delivery,Returned,284.98,False,False,unique,unique
ORD11014,Michelle Larson,Male,,alyssa44@example.com,(862)829-5217x9705,United Kingdom,East Tarachester,North,,Consumer,Books,Fiction Novel,1,299.54,0.05,,Debit Card,Returned,284.56,False,False,unique,unique
ORD12611,Morgan Burns,Female,,cindycruz@example.com,(273)660-0755,India,Lake Angelicaville,South,,Consumer,Sports,Cricket Bat,1,315.95,0.1,2024-06-01,Cash On Delivery,Shipped,284.36,False,False,unique,unique
ORD11988,Terry Rice,Male,,charlesmartinez@example.org,2073290847,UNITED KINGDOM,South Brucestad,South,51711.0,Corporate,Clothing,Women's Jeans,1,284.3,0.0,2023-07-18,Cash On Delivery,Shipped,284.3,False,False,unique,unique
ORD12211,Ryan Moyer,Female,,nealjaime@example.net,+1-773-411-6015x653,India,North Kelseymouth,East,37195.0,Home Office,Sports,Dumbbell Set,1,355.11,0.2,,Net Banking,Pending,284.09,False,False,unique,unique
ORD10168,Brandi Page,Male,,,(888)651-5879,UNITED STATES,Stokeshaven,North,14456.0,Corporate,Electronics,Earbuds,1,315.21,0.1,,Debit Card,Cancelled,283.69,False,False,unique,unique
ORD11774,Michael Chavez,Female,,,001-839-203-9092x00562,United Kingdom,Smithburgh,North,85956.0,Corporate,Beauty,Sunscreen SPF50,1,298.49,0.05,2024-11-14,Credit Card,Cancelled,283.57,False,False,unique,unique
ORD11518,Nathaniel Molina,,1994-11-02,holly38@example.net,982-889-3632,UNITED KINGDOM,South Nicoleton,South,,Consumer,Home & Kitchen,Blender,1,314.84,0.1,,Cash On Delivery,Delivered,283.36,False,False,unique,unique
ORD12452,Samantha Miller,Female,,craig18@example.net,634.601.7919,UNITED KINGDOM,Crystalfort,West,57776.0,Home Office,Sports,Yoga Mat,1,333.04,0.15,,Credit Card,Shipped,283.08,False,False,unique,unique
ORD10867,Dana Edwards,Female,,slittle@example.com,001-441-496-2342x1926,India,East Isaacport,North,,Corporate,Sports,Football,1,314.51,0.1,,Credit Card,Returned,283.06,False,False,unique,unique
ORD11117,Connor Herman,Male,,umartinez@example.org,+1-473-782-7777x1184,CANADA,Lake Jessica,South,86021.0,Home Office,Electronics,Earbuds,1,297.79,0.05,,Cash On Delivery,Cancelled,282.9,False,False,unique,unique
ORD12084,Sarah Smith,Female,,scruz@example.net,,India,Port Sean,East,,Consumer,Home & Kitchen,Non-stick Pan,1,282.87,0.0,,Upi,Delivered,282.87,False,False,unique,unique
ORD10001,Allison Hill,Male,,rhodespatricia@example.org,001-260-501-3389,India,Robinsonshire,North,,Consumer,Clothing,Women's Jeans,1,282.82,0.0,,Net Banking,Returned,282.82,False,False,unique,unique
ORD10315,Jeffery Williams,Female,,prhodes@example.net,001-427-488-1476x174,UNITED KINGDOM,Mckenziehaven,West,56564.0,Home Office,Home & Kitchen,Non-stick Pan,1,297.28,0.05,,Cash On Delivery,Shipped,282.42,False,False,unique,unique
ORD12772,Kelli Contreras,,,,(887)717-5840x5318,United States,Ianhaven,East,67903.0,Home Office,Clothing,Men's T-Shirt,3,110.57,0.15,,Debit Card,Delivered,281.95,False,True,unique,unique
ORD10023,Jason Rivera,Female,,clarkrobert@example.net,001-509-967-0546x688,India,West Ryan,West,4305.0,Home Office,Sports,Cricket Bat,2,140.93,0.0,,Debit Card,Returned,281.86,False,True,unique,unique
ORD12850,Tracy Smith,Female,,deborahconley@example.org,+1-851-898-3860,United Kingdom,West Virginia,West,72264.0,Home Office,Books,Fiction Novel,1,311.9,0.1,2024-11-24,Credit Card,Returned,280.71,False,False,unique,unique
ORD10148,Thomas Bush,,1973-10-01,owagner@example.org,+1-603-357-9727x98552,India,Anthonyton,East,21853.0,Home Office,Electronics,Wireless Mouse,1,295.37,0.05,2024-09-15,Debit Card,Delivered,280.6,False,False,unique,unique
ORD12049,Jane Campbell,,,,+1-630-670-7810x1012,UNITED KINGDOM,West Peterport,West,17388.0,Home Office,Clothing,Men's T-Shirt,1,280.29,0.0,2023-03-18,Cash On Delivery,Pending,280.29,False,False,unique,unique
ORD10284,Heather Roberts,Female,,palmerkatie@example.org,001-419-228-5544x51895,UNITED STATES,New Juan,West,,Corporate,Clothing,Men's T-Shirt,1,311.37,0.1,,Debit Card,Delivered,280.23,False,False,unique,unique
ORD12947,Ashlee Martin,,,morgan42@example.net,(936)416-0109,CANADA,Lake Amanda,East,9488.0,Corporate,Sports,Cricket Bat,2,164.46,0.15,,Upi,Delivered,279.58,False,True,unique,unique
ORD11810,Bruce Long,Male,,carolyn93@example.org,2138414058,India,Smithland,North,33903.0,Consumer,Beauty,Sunscreen SPF50,1,294.23,0.05,,Net Banking,Returned,279.52,False,False,unique,unique
ORD11878,Gary Wong,Female,,yfernandez@example.net,359-407-3128x211,United States,Parkerberg,South,12908.0,Home Office,Books,Self-Help Book,2,139.71,0.0,,Cash On Delivery,Shipped,279.42,False,True,unique,unique
ORD11509,Crystal Cruz,Male,,marissa47@example.net,9067039810,UNITED STATES,South Jamesberg,North,10273.0,Consumer,Clothing,Men's T-Shirt,1,279.41,0.0,2023-07-09,Credit Card,Delivered,279.41,False,False,unique,unique
ORD10424,Charles Rose,Male,,vjenkins@example.com,,United States,West Danielton,North,,Consumer,Electronics,Earbuds,2,279.31,0.5,2024-10-05,Cash On Delivery,Shipped,279.31,False,True,unique,unique
ORD12911,Derrick Martinez,Male,2007-01-23,,001-517-572-3797x30905,India,North Emmaburgh,North,,Consumer,Sports,Cricket Bat,2,139.56,0.0,,Cash On Delivery,Returned,279.12,False,True,unique,unique
ORD10613,Francisco Galloway,Female,,,+1-633-599-1403,United States,Hendersontown,East,39583.0,Corporate,Beauty,Lipstick Set,5,111.53,0.5,,Cash On Delivery,Returned,278.82,False,True,unique,unique
ORD12978,Isaiah Wood,Male,,williamsedward@example.net,,India,Millerland,North,60086.0,Home Office,Electronics,Laptop Stand,1,348.37,0.2,,Credit Card,Cancelled,278.7,False,False,unique,unique
ORD10505,Frank Cunningham,Female,1980-02-11,adamsjason@example.net,387.853.5778x8116,United States,Port Alexander,North,,Corporate,Sports,Cricket Bat,1,278.49,0.0,,Cash On Delivery,Cancelled,278.49,False,False,unique,unique
ORD11473,Mary Preston,Male,,pstone@example.org,+1-389-838-4478,India,Reynoldsbury,North,98507.0,Home Office,Books,Cook Book,5,69.56,0.2,,Credit Card,Delivered,278.24,False,True,unique,unique
ORD10678,Amanda Pacheco,Male,1980-02-01,bakerbrittany@example.net,515.422.9107,UNITED KINGDOM,Lake Susan,West,89950.0,Corporate,Beauty,Hair Serum,1,347.25,0.2,2024-01-08,Cash On Delivery,Returned,277.8,False,False,unique,unique
ORD12805,Kristina Russell,Male,,gardnerjoseph@example.org,001-958-962-8358x80588,India,Masonmouth,North,53959.0,Consumer,Sports,Dumbbell Set,1,308.6,0.1,2024-02-11,Credit  Card,Cancelled,277.74,False,False,unique,unique
ORD11485,Natalie Diaz,Male,,mjones@example.org,(916)389-7453,United States,Yeseniabury,North,20816.0,Consumer,Beauty,Hair Serum,1,325.41,0.15,,Cash On Delivery,Pending,276.6,False,False,unique,unique
ORD10654,Alexandra Garcia,Female,1996-04-29,brian83@example.net,350.976.5975x95450,India,Hamiltonhaven,West,5240.0,Home Office,Books,Kids Story Book,1,276.31,0.0,,Credit  Card,Delivered,276.31,False,False,unique,unique
ORD11089,Joe Hall,Male,,scott01@example.com,727-561-3681x49802,United Kingdom,New Juanfort,East,95251.0,Corporate,Sports,Football,5,55.21,0.0,,Net Banking,Shipped,276.05,False,True,unique,unique
ORD11032,Joseph Lamb,Male,,kellybrown@example.org,(965)645-1224x44189,United States,East Laurieborough,West,26923.0,Consumer,Beauty,Lipstick Set,2,137.99,0.0,,Net Banking,Pending,275.98,False,True,unique,unique
ORD10167,Matthew Obrien,Female,,mbarnes@example.net,001-734-565-4722x69848,India,East Claudia,South,38587.0,Consumer,Home & Kitchen,Blender,1,290.26,0.05,,Credit  Card,Shipped,275.75,False,False,unique,unique
ORD12935,Jeremy Bennett,Female,,allison44@example.net,,UNITED KINGDOM,Port Stephentown,North,82180.0,Corporate,Beauty,Face Wash,1,275.21,0.0,,Credit Card,Cancelled,275.21,False,False,unique,unique
ORD11586,Heather Carpenter,Female,,ysmith@example.net,001-233-475-2296x48421,India,East Mark,North,96491.0,Consumer,Home & Kitchen,Non-stick Pan,1,305.36,0.1,,Cash On Delivery,Returned,274.82,False,False,unique,unique
ORD11267,Amanda Tucker,Female,1985-05-29,,001-613-350-5349,India,Rodriguezfort,East,99650.0,Corporate,Electronics,Earbuds,1,289.25,0.05,,Debit Card,Delivered,274.79,False,False,unique,unique
ORD11471,John Morris,Female,,,+1-897-293-3686x0931,United States,Debbietown,East,,Consumer,Beauty,Hair Serum,1,274.08,0.0,,Cash On Delivery,Returned,274.08,False,False,unique,unique
ORD10317,Michael Hanson,Male,,jasonmiller@example.net,,UNITED STATES,Monicaville,West,57359.0,Consumer,Beauty,Face Wash,2,171.3,0.2,,Debit Card,Returned,274.08,False,True,unique,unique
ORD10854,Caitlin Harris,Male,1985-07-29,cindyhall@example.org,5252691330,United Kingdom,East Jon,North,61901.0,Consumer,Beauty,Hair Serum,2,160.99,0.15,2023-11-18,Credit Card,Delivered,273.68,False,True,unique,unique
ORD11101,Chad Gonzalez,Female,,brenda12@example.com,+1-684-585-6371x1429,CANADA,North Anthonybury,East,59949.0,Home Office,Books,Cook Book,1,287.42,0.05,,Credit  Card,Pending,273.05,False,False,unique,unique
ORD10095,Kristin Anderson,Female,,markmiller@example.com,(518)930-4699x013,United States,Port Rebecca,North,40240.0,Corporate,Beauty,Hair Serum,1,321.16,0.15,,Credit Card,Cancelled,272.99,False,False,unique,unique
ORD12577,Kevin Hammond,Male,,sarahallen@example.com,802-542-5059,United States,North Sallyburgh,East,56048.0,Consumer,Home & Kitchen,Storage Box,1,320.89,0.15,,Credit Card,Delivered,272.76,False,False,unique,unique
ORD12679,Amanda Taylor,Male,,glambert@example.org,001-990-707-7964x2770,India,West John,North,,Corporate,Clothing,Men's T-Shirt,1,272.72,0.0,,Upi,Shipped,272.72,False,False,unique,unique
ORD10958,David Ellison,,,adrianmedina@example.com,001-283-912-4412,India,Karenfurt,West,,Corporate,Beauty,Hair Serum,1,286.99,0.05,,Net Banking,Pending,272.64,False,False,unique,unique
ORD10947,Melissa Salinas,Female,,ogarza@example.org,4559340508,United States,New Robert,North,11485.0,Home Office,Clothing,Men's T-Shirt,1,272.45,0.0,,Credit  Card,Returned,272.45,False,False,unique,unique
ORD12759,Matthew Campbell,Male,,cruzamy@example.org,657.482.9924,CANADA,West Kim,West,53708.0,Corporate,Clothing,Women's Jeans,2,151.3,0.1,,Debit Card,Shipped,272.34,False,True,unique,unique
ORD11011,Abigail Meadows,Male,,riveralisa@example.com,406.363.6050,UNITED KINGDOM,Adamstown,South,82269.0,Corporate,Clothing,Formal Shirt,1,272.27,0.0,,Debit Card,Delivered,272.27,False,False,unique,unique
ORD10986,Jerry Williams,Male,1983-06-12,,+1-326-940-7030x880,India,South Edward,East,22207.0,Home Office,Clothing,Women's Jeans,2,160.04,0.15,,Credit Card,Returned,272.07,False,True,unique,unique
ORD11808,Amanda Reed,Male,,boonelee@example.net,308-919-9684x45657,India,Kellyburgh,East,,Home Office,Books,Cook Book,3,100.68,0.1,2023-01-25,Credit Card,Pending,271.84,False,True,unique,unique
ORD12470,Heather Smith,Male,,lauren05@example.net,,India,Lake Philip,East,61132.0,Corporate,Home & Kitchen,Blender,3,90.58,0.0,,Upi,Cancelled,271.74,False,True,unique,unique
ORD11406,Samuel Smith,Male,,ycase@example.net,(632)556-7322x3487,India,South Elizabethtown,North,13088.0,Home Office,Sports,Football,2,159.75,0.15,,Credit Card,Delivered,271.58,False,True,unique,unique
ORD10679,Abigail Mills Md,Female,1998-09-28,travisyoung@example.com,896.638.4526,UNITED STATES,Johnville,East,,Home Office,Sports,Cricket Bat,2,135.64,0.0,,Cash On Delivery,Cancelled,271.28,False,True,unique,unique
ORD10015,Sarah Wagner,Female,,davisrodney@example.com,2053242786,UNITED STATES,Lake Rebeccaside,South,5223.0,Consumer,Home & Kitchen,Non-stick Pan,1,318.97,0.15,2024-09-01,Debit Card,Cancelled,271.12,False,False,unique,unique
ORD11343,Rebecca Gordon,Female,,craigsean@example.com,909-399-8632x45352,India,North Christopherton,East,92400.0,Consumer,Sports,Yoga Mat,1,318.9,0.15,,Cash On Delivery,Cancelled,271.06,False,False,unique,unique
ORD12129,David Lopez,Female,,hortonmaria@example.com,796-879-2960,India,Jimmyview,South,89465.0,Consumer,Books,Cook Book,1,269.96,0.0,2024-08-04,Credit  Card,Returned,269.96,False,False,unique,unique
ORD11883,Brandon Marshall,Male,,thomasleah@example.org,9272864995,United States,West Davidberg,West,,Consumer,Home & Kitchen,Non-stick Pan,2,134.93,0.0,,Upi,Returned,269.86,False,True,unique,unique
ORD12161,Joel James,Female,,,207.279.9751,UNITED STATES,Padillastad,North,13406.0,Home Office,Books,Fiction Novel,2,269.73,0.5,,Debit Card,Returned,269.73,False,True,unique,unique
ORD12003,Joe Evans,Male,1971-06-10,,,United States,North Harold,South,,Corporate,Beauty,Hair Serum,2,158.51,0.15,,Credit  Card,Pending,269.47,False,True,duplicates,duplicates
ORD10832,Cody Lawson,Female,1998-06-02,duranlindsay@example.org,,United Kingdom,Johnsontown,East,64908.0,Home Office,Books,Cook Book,2,134.63,0.0,,Debit Card,Delivered,269.26,False,True,unique,unique
ORD12106,Timothy Smith,Male,,erika25@example.com,,CANADA,Lake Ashley,North,19651.0,Corporate,Home & Kitchen,Cushion Cover,1,268.65,0.0,,Debit Card,Cancelled,268.65,False,False,unique,unique
ORD10899,Gene Morris,,2002-07-17,odavis@example.com,731.356.6397x925,United States,South Kellyfurt,West,89478.0,Home Office,Home & Kitchen,LED Lamp,2,157.16,0.15,2024-03-23,Net Banking,Delivered,267.17,False,True,unique,unique
ORD12629,James Weber,Female,1972-03-19,cstrong@example.net,(778)863-4876,India,East Alyssaton,North,54008.0,Home Office,Books,Kids Story Book,1,281.22,0.05,,Cash On Delivery,Returned,267.16,False,False,unique,unique
ORD10200,Ellen Wright,Male,1974-03-29,davidroberson@example.org,4554778487,CANADA,Welchshire,West,57514.0,Consumer,Sports,Dumbbell Set,1,313.49,0.15,,Upi,Shipped,266.47,False,False,unique,unique
ORD12139,Jared Newman,Female,,olsonmike@example.com,,India,North Anthony,West,24934.0,Home Office,Electronics,Laptop Stand,1,313.32,0.15,,Upi,Returned,266.32,False,False,unique,unique
ORD10620,Claire Johnson,Male,,,,India,Port Matthew,East,65983.0,Home Office,Beauty,Hair Serum,1,266.14,0.0,,Debit Card,Shipped,266.14,False,False,unique,unique
ORD12374,Robin Cook,Male,,rwright@example.net,328.523.9132,India,Myersview,South,82247.0,Home Office,Clothing,Women's Jeans,1,331.43,0.2,,Upi,Pending,265.14,False,False,unique,unique
ORD12168,Cynthia Howard,,,bergercatherine@example.net,854.472.8639,India,Lindsayburgh,South,,Home Office,Books,Fiction Novel,1,264.71,0.0,2023-06-19,Credit Card,Pending,264.71,False,False,unique,unique
ORD10150,Lauren Smith,Male,2008-07-27,anna99@example.com,517-215-4544x4328,United States,Guerreroberg,North,95041.0,Consumer,Clothing,Winter Jacket,3,88.1,0.0,,Credit Card,Returned,264.3,False,True,unique,unique
ORD10164,Larry Montgomery,Male,,diamondbryant@example.com,(303)575-8997x571,India,West Michaelport,West,72287.0,Corporate,Beauty,Sunscreen SPF50,1,293.6,0.1,,Cash On Delivery,Shipped,264.24,False,False,unique,unique
ORD10027,Tyler Reid,Male,,ryangross@example.net,998-577-6945x314,United States,Hudsonfurt,South,44593.0,Corporate,Beauty,Hair Serum,3,88.06,0.0,,Credit Card,Shipped,264.18,False,True,unique,unique
ORD11389,Angela Garcia,Male,,bruceray@example.com,924-973-8852x3774,CANADA,North Taylorside,East,,Consumer,Clothing,Formal Shirt,3,175.63,0.5,,Cash On Delivery,Pending,263.44,False,True,unique,unique
ORD12318,Erin Hodges,Female,2004-02-02,nclark@example.org,(870)828-9966,India,Lisaview,North,,Consumer,Books,Cook Book,2,154.85,0.15,,Net Banking,Cancelled,263.24,False,True,unique,unique
ORD11823,Tyler Morrison,Female,,reynoldsjeffrey@example.com,,India,Beckerview,North,18794.0,Corporate,Sports,Cricket Bat,1,309.63,0.15,2023-07-23,Net Banking,Returned,263.19,False,False,unique,unique
ORD12936,Sheri Miller,Male,,higginsautumn@example.org,424-512-9635x9752,United States,North Kathleen,East,29385.0,Consumer,Beauty,Lipstick Set,1,328.89,0.2,2024-03-05,Net Banking,Delivered,263.11,False,False,unique,unique
ORD11934,Barbara Thomas,Female,,kathy14@example.org,325.252.0328x65918,UNITED STATES,Jacobborough,North,79764.0,Consumer,Sports,Football,2,164.31,0.2,,Cash On Delivery,Delivered,262.9,False,True,unique,unique
ORD12879,Jennifer Rodriguez,Male,,iwilkinson@example.org,587.958.1589x18623,CANADA,Brianmouth,North,9370.0,Consumer,Books,Self-Help Book,5,58.4,0.1,,Credit Card,Returned,262.8,False,True,unique,unique
ORD12162,John Serrano,,,stephanie61@example.com,001-404-711-7082x9220,India,Port Hollytown,East,,Corporate,Beauty,Face Wash,1,262.3,0.0,,Cash On Delivery,Pending,262.3,False,False,unique,unique
ORD10363,Carolyn Heath,Male,1980-04-27,veronicaanderson@example.com,516.932.3467x2994,India,Jamesberg,East,58923.0,Home Office,Clothing,Winter Jacket,3,109.26,0.2,2023-02-16,Cash On Delivery,Delivered,262.22,False,True,unique,unique
ORD12039,Felicia Harrison,Female,,vjones@example.org,,United States,Lopezberg,East,38705.0,Consumer,Home & Kitchen,Cushion Cover,1,308.48,0.15,2023-08-23,Cash On Delivery,Shipped,262.21,False,False,unique,unique
ORD10784,Sean Glass,Female,,garymartinez@example.org,,India,East Jerrytown,North,2634.0,Consumer,Beauty,Face Wash,1,262.2,0.0,,Credit  Card,Cancelled,262.2,False,False,unique,unique
ORD11235,Wyatt Thomas,Male,,fordgregory@example.com,,UNITED KINGDOM,North Carmen,South,,Corporate,Home & Kitchen,Storage Box,1,261.7,0.0,2024-04-10,Credit Card,Pending,261.7,False,False,unique,unique
ORD11625,Billy Jackson,Male,,,001-484-667-9017x5227,India,Murphyburgh,East,,Consumer,Beauty,Face Wash,1,261.31,0.0,2023-06-02,Cash On Delivery,Shipped,261.31,False,False,unique,unique
ORD12875,Brianna Meyer,Male,,nhall@example.net,692-415-7864,UNITED STATES,Millerburgh,East,,Consumer,Home & Kitchen,LED Lamp,1,307.19,0.15,,Upi,Cancelled,261.11,False,False,unique,unique
ORD12238,Dr. Autumn Wallace Md,Female,,michaelgonzalez@example.org,992-915-1569x4438,United States,South Sarahbury,East,,Consumer,Sports,Dumbbell Set,1,290.05,0.1,,Credit Card,Delivered,261.04,False,False,unique,unique
ORD10189,Miss Kelly Dawson,Female,,,001-427-270-3843x09883,India,Johntown,North,,Corporate,Home & Kitchen,Cushion Cover,1,289.61,0.1,,Upi,Pending,260.65,False,False,unique,unique
ORD12916,Kayla Miller,Male,,njones@example.org,001-336-561-7658,CANADA,Flowerstown,South,,Consumer,Sports,Dumbbell Set,2,260.58,0.5,2023-11-04,Net Banking,Pending,260.58,False,True,unique,unique
ORD11709,Allison Mcknight,Male,1987-02-19,,001-310-556-3586x9902,UNITED STATES,North Robertchester,South,,Consumer,Home & Kitchen,Blender,1,306.13,0.15,2023-08-10,Cash On Delivery,Returned,260.21,False,False,unique,unique
ORD10937,Madeline Cruz,Male,1983-09-11,nicholstodd@example.org,2767810248,India,Stevenhaven,North,4626.0,Home Office,Beauty,Sunscreen SPF50,3,86.59,0.0,,Cash On Delivery,Cancelled,259.77,False,True,unique,unique
ORD12415,Jennifer Edwards,Female,,paul17@example.org,517-541-4655x4512,UNITED STATES,Michaelland,West,54899.0,Home Office,Books,Fiction Novel,1,272.27,0.05,,Debit Card,Returned,258.66,False,False,unique,unique
ORD11169,Suzanne Johnson,,,,+1-392-317-7351x668,UNITED KINGDOM,East Sydney,West,62166.0,Corporate,Clothing,Running Shoes,1,271.88,0.05,2023-05-21,Upi,Shipped,258.29,False,False,unique,unique
ORD11789,Anne Miles,Female,,joshuanorris@example.com,721-274-6453x31649,CANADA,Johnsonmouth,West,,Home Office,Electronics,Wireless Mouse,1,258.17,0.0,2024-04-16,Upi,Pending,258.17,False,False,unique,unique
ORD10886,Brenda Villarreal,Female,,maddenmark@example.com,,UNITED STATES,South Carlmouth,North,7346.0,Consumer,Sports,Cricket Bat,1,258.17,0.0,,Cash On Delivery,Shipped,258.17,False,False,unique,unique
ORD11765,Christine Scott,Female,,melvin09@example.net,(242)652-7505x688,United States,Lake Alexander,West,,Consumer,Clothing,Running Shoes,2,151.14,0.15,,Debit Card,Pending,256.94,False,True,unique,unique
ORD10470,Nathan Hill,Female,2007-09-22,vincent83@example.com,001-686-681-2259x572,CANADA,Jonesfort,North,,Home Office,Electronics,Bluetooth Speaker,1,270.3,0.05,,Credit Card,Cancelled,256.79,False,False,unique,unique
ORD11643,Craig Armstrong,Male,,baileytroy@example.org,536-292-2591x642,UNITED STATES,East Timothyfurt,South,77362.0,Corporate,Books,Cook Book,1,256.45,0.0,,Cash On Delivery,Pending,256.45,False,False,unique,unique
ORD10123,Carrie Ruiz,Male,,smithcarlos@example.com,800.368.4866,UNITED KINGDOM,West Christopher,West,10858.0,Corporate,Beauty,Lipstick Set,1,284.87,0.1,,Debit Card,Cancelled,256.38,False,False,unique,unique
ORD11862,Victoria Pierce,Female,1962-09-26,phyllis83@example.org,365-286-7260x213,UNITED KINGDOM,Warnerchester,West,39513.0,Corporate,Electronics,Bluetooth Speaker,2,256.26,0.5,,Upi,Delivered,256.26,False,True,unique,unique
ORD12035,Ashley Cabrera,,,wshelton@example.org,,CANADA,Aaronberg,North,,Corporate,Beauty,Lipstick Set,2,134.87,0.05,,Cash On Delivery,Pending,256.25,False,True,unique,unique
ORD11161,Laura White,Male,2006-04-20,stanleygary@example.org,(359)934-1040x6291,United States,East William,South,37301.0,Home Office,Books,Cook Book,3,94.74,0.1,2023-12-17,Cash On Delivery,Shipped,255.8,False,True,unique,unique
ORD11627,Michael Peterson,Male,1994-07-18,emmafranklin@example.com,,India,Thorntonmouth,East,,Consumer,Clothing,Winter Jacket,3,170.31,0.5,,Credit Card,Pending,255.46,False,True,unique,unique
ORD11801,Robert Yang,Female,1969-07-08,hbanks@example.org,+1-693-671-5193x178,United Kingdom,New Aaron,East,58731.0,Corporate,Books,Fiction Novel,5,102.17,0.5,2024-04-10,Debit Card,Cancelled,255.42,False,True,unique,unique
ORD11449,Alexander Alexander,Male,,angela07@example.net,,India,West Jeromeborough,South,26547.0,Consumer,Beauty,Lipstick Set,2,127.64,0.0,2024-06-16,Net Banking,Delivered,255.28,False,True,unique,unique
ORD11371,Susan Miller Dvm,Male,,montgomerypamela@example.com,705-801-3320x3449,UNITED KINGDOM,South Chasehaven,East,62727.0,Home Office,Electronics,Smartwatch,2,127.23,0.0,,Cash On Delivery,Shipped,254.46,False,True,unique,unique
ORD11865,Darrell Aguirre,Female,1977-06-27,iortiz@example.org,840.878.4640x15774,UNITED STATES,North Carol,West,91985.0,Consumer,Sports,Cricket Bat,1,254.37,0.0,,Net Banking,Pending,254.37,False,False,unique,unique
ORD12539,Robert Esparza,Male,1975-01-01,ngates@example.net,758-397-3037,UNITED STATES,Elizabethport,East,84065.0,Home Office,Books,Self-Help Book,1,282.4,0.1,2024-09-22,Credit  Card,Delivered,254.16,False,False,unique,unique
ORD11569,Kenneth Medina,Female,,brittneymason@example.org,854.442.2061x850,India,Bowersbury,North,85088.0,Consumer,Sports,Dumbbell Set,1,282.0,0.1,,Upi,Shipped,253.8,False,False,unique,unique
ORD11651,Kenneth Sanchez,Male,,cvincent@example.com,(428)622-6195x490,CANADA,Bettyport,South,,Home Office,Books,Cook Book,3,89.01,0.05,,Upi,Pending,253.68,False,True,unique,unique
ORD10690,Luke Johnson,Female,1995-06-08,michaelsherman@example.com,+1-362-312-7602x50826,India,East Charles,South,54902.0,Corporate,Home & Kitchen,Cushion Cover,1,252.95,0.0,,Credit  Card,Delivered,252.95,False,False,unique,unique
ORD10036,Mr. Anthony Adams Jr.,Female,,omartinez@example.net,324.980.8613,CANADA,Lake Marilynfort,East,94427.0,Home Office,Books,Kids Story Book,2,252.73,0.5,,Net Banking,Delivered,252.73,False,True,unique,unique
ORD10217,Allison Torres,Male,,chanson@example.org,435.621.1039,India,West Heatherville,West,40493.0,Home Office,Beauty,Lipstick Set,1,265.74,0.05,2023-11-25,Cash On Delivery,Returned,252.45,False,False,unique,unique
ORD10279,Natalie Perry,Female,,lindawaller@example.com,,United States,Taylorshire,North,78873.0,Corporate,Beauty,Face Wash,2,252.34,0.5,2023-03-04,Debit Card,Delivered,252.34,False,True,unique,unique
ORD12648,Deborah Jones,Female,,joshuajones@example.com,(369)738-6512x054,India,New Anthony,West,63874.0,Corporate,Home & Kitchen,Storage Box,2,140.08,0.1,,Credit Card,Delivered,252.14,False,True,unique,unique
ORD11226,Heather Rose,Male,,ibrown@example.org,+1-583-241-3351,India,West Jakemouth,West,,Consumer,Home & Kitchen,Non-stick Pan,2,126.06,0.0,2024-10-26,Net Banking,Returned,252.12,False,True,unique,unique
ORD10077,Emily Higgins,Female,,theresa25@example.net,+1-415-337-1473,United Kingdom,West Soniachester,East,33042.0,Consumer,Electronics,Earbuds,1,252.03,0.0,2024-12-03,Cash On Delivery,Returned,252.03,False,False,unique,unique
ORD12513,Susan Carr,,,ortegamark@example.net,284-414-9228x356,United States,Port Brittney,East,47229.0,Home Office,Beauty,Lipstick Set,2,251.74,0.5,,Cash On Delivery,Cancelled,251.74,False,True,unique,unique
ORD12933,Sarah Flores,Male,,brittanyhill@example.org,,UNITED STATES,Loriburgh,West,18642.0,Home Office,Electronics,Wireless Mouse,1,251.48,0.0,,Cash On Delivery,Cancelled,251.48,False,False,unique,unique
ORD10653,Julie Perry,Male,,pennylivingston@example.com,(905)276-6194x588,UNITED STATES,Jonesmouth,North,25860.0,Consumer,Sports,Yoga Mat,1,250.85,0.0,,Credit Card,Shipped,250.85,False,False,duplicates,duplicates
ORD10124,Robert Herrera,Female,,collinssamuel@example.org,6314617990,CANADA,North Jeantown,East,21974.0,Consumer,Sports,Dumbbell Set,5,55.7,0.1,,Upi,Returned,250.65,False,True,unique,unique
ORD11330,Travis Rhodes,Male,,cmejia@example.com,+1-670-215-1200x3934,India,Grahamfort,South,,Consumer,Beauty,Face Wash,1,312.61,0.2,,Credit Card,Shipped,250.09,False,False,unique,unique
ORD11674,Cindy Clark,Male,,allenspencer@example.com,,India,North Taylorfurt,North,20456.0,Consumer,Sports,Dumbbell Set,2,124.7,0.0,2024-01-11,Credit Card,Shipped,249.4,False,True,unique,unique
ORD10136,Christopher Lang,Male,,johnsonbrenda@example.org,,CANADA,Port Aliciastad,North,10007.0,Consumer,Beauty,Lipstick Set,3,82.87,0.0,2023-09-30,Cash On Delivery,Shipped,248.61,False,True,unique,unique
ORD11336,Glenn Glenn,,,,960.756.6880x31664,India,East Stevenhaven,West,25523.0,Home Office,Books,Self-Help Book,1,310.63,0.2,2024-10-17,Credit  Card,Delivered,248.5,False,False,unique,unique
ORD10443,Randy Hernandez,Female,,armstronganthony@example.net,(575)823-3438,India,Donnaview,South,11375.0,Home Office,Clothing,Running Shoes,1,248.45,0.0,,Debit Card,Returned,248.45,False,False,unique,unique
ORD10888,John Ferguson,Male,,morenorobert@example.org,001-433-389-2608x788,India,Laurafort,South,71713.0,Consumer,Books,Fiction Novel,2,130.61,0.05,,Cash On Delivery,Shipped,248.16,False,True,unique,unique
ORD12184,Dr. Sarah Clayton,,,bsandoval@example.net,(516)894-1351x2848,CANADA,Tiffanystad,East,77567.0,Consumer,Home & Kitchen,Blender,1,291.76,0.15,,Upi,Returned,248.0,False,False,unique,unique
ORD10227,Stephanie Khan,Female,,heather21@example.org,875-818-6892,India,Port Georgemouth,North,74621.0,Corporate,Home & Kitchen,Non-stick Pan,5,98.99,0.5,,Debit Card,Returned,247.48,False,True,unique,unique
ORD10280,John Dillon,Male,,fitzpatrickbrittany@example.com,406-546-2879,CANADA,Port Patrick,South,73097.0,Consumer,Electronics,Earbuds,1,247.0,0.0,,Credit Card,Cancelled,247.0,False,False,unique,unique
ORD11915,Kathy Green,Female,,,872.513.2677,CANADA,Port Sherri,South,94231.0,Home Office,Books,Cook Book,2,246.78,0.5,,Debit Card,Cancelled,246.78,False,True,unique,unique
ORD10498,Jenna Howard,Female,,robinsonsydney@example.com,(975)836-1275x15627,United States,North Kelly,West,,Corporate,Beauty,Sunscreen SPF50,1,290.14,0.15,,Net Banking,Shipped,246.62,False,False,unique,unique
ORD10065,Ricardo Young,Male,1966-06-13,robertbauer@example.com,,India,North Maryfort,East,,Consumer,Sports,Cricket Bat,2,129.74,0.05,,Net Banking,Cancelled,246.51,False,True,unique,unique
ORD12833,Jessica Shah,Male,,stevenaguirre@example.net,440-613-0597x2533,United States,Shaffermouth,West,88010.0,Home Office,Home & Kitchen,Cushion Cover,2,144.96,0.15,,Credit Card,Returned,246.43,False,True,unique,unique
ORD11175,Chelsea Ortiz,Male,,emily89@example.org,643.275.1866,CANADA,Parsonsstad,West,38245.0,Home Office,Clothing,Men's T-Shirt,1,289.89,0.15,,Credit Card,Cancelled,246.41,False,False,unique,unique
ORD11082,Angela Trevino,Female,,daniel30@example.com,262.640.8710x06689,UNITED STATES,South Derekberg,South,,Corporate,Books,Self-Help Book,1,289.74,0.15,2023-01-06,Upi,Shipped,246.28,False,False,unique,unique
ORD11453,Karen Schultz,Male,1970-04-21,wendyroy@example.org,(214)743-5754x78935,India,South Anthony,South,61756.0,Home Office,Beauty,Lipstick Set,1,258.88,0.05,,Credit Card,Returned,245.94,False,False,unique,unique
ORD10094,Travis Hobbs,Male,2004-05-09,dpeters@example.com,+1-568-656-6246x2873,India,Port Steven,West,8053.0,Consumer,Beauty,Face Wash,1,490.93,0.5,,Credit Card,Returned,245.46,False,False,unique,unique
ORD10269,Nicole Johnson,Female,1982-06-07,morgansullivan@example.com,,CANADA,Padillatown,East,82723.0,Consumer,Books,Kids Story Book,1,288.57,0.15,2023-02-21,Upi,Delivered,245.28,False,False,unique,unique
ORD12295,Jose Powell,Female,1994-10-16,hopkinskaren@example.org,,UNITED STATES,Lake Michaelborough,East,10624.0,Corporate,Home & Kitchen,LED Lamp,1,244.96,0.0,,Credit Card,Pending,244.96,False,False,unique,unique
ORD11497,Susan Torres,Female,,ocole@example.com,+1-756-891-9220x513,UNITED KINGDOM,Port Sara,South,75072.0,Home Office,Books,Cook Book,1,244.75,0.0,2024-11-12,Cash On Delivery,Delivered,244.75,False,False,unique,unique
ORD10823,Robert Lamb,Female,1972-02-29,mccarthymichael@example.net,876.605.4576x94757,United States,Staceystad,East,31948.0,Consumer,Home & Kitchen,Cushion Cover,1,287.75,0.15,,Credit Card,Shipped,244.59,False,False,unique,unique
ORD11694,Allison Moreno,,,erica85@example.com,373.704.3763,India,Arianafort,South,3358.0,Corporate,Sports,Dumbbell Set,1,305.64,0.2,2023-12-26,Cash On Delivery,Returned,244.51,False,False,unique,unique
ORD11263,Johnathan Thomas,Female,,,6675549393,United States,Matthewsview,South,,Consumer,Electronics,Earbuds,1,287.63,0.15,2023-08-22,Debit Card,Pending,244.49,False,False,unique,unique
ORD12749,Christine Morris,Male,2003-12-09,,(713)764-0294x220,UNITED KINGDOM,East Vickiville,East,19494.0,Consumer,Clothing,Formal Shirt,1,271.59,0.1,,Upi,Returned,244.43,False,False,unique,unique
ORD12584,Lori Cummings,Female,1969-12-31,brianvelasquez@example.org,5587181585,United States,Port Morganberg,West,79448.0,Home Office,Clothing,Winter Jacket,1,287.52,0.15,,Cash On Delivery,Delivered,244.39,False,False,unique,unique
ORD10125,Joseph Carson,Female,,david41@example.org,464-781-4917x78507,UNITED STATES,West Kerri,West,,Corporate,Clothing,Women's Jeans,1,287.19,0.15,,Cash On Delivery,Returned,244.11,False,False,unique,unique
ORD10540,Kelly Gray,Female,,monicaolson@example.com,(701)953-4332x4913,India,Hudsontown,South,,Corporate,Electronics,Earbuds,2,143.59,0.15,2024-09-05,Cash On Delivery,Shipped,244.1,False,True,unique,unique
ORD11506,Scott Chan,Female,,cindy54@example.net,(810)318-1889,CANADA,East Kathryn,West,,Home Office,Books,Kids Story Book,1,244.1,0.0,,Credit  Card,Shipped,244.1,False,False,unique,unique
ORD11234,Kevin Miller,Female,,chelseasmith@example.com,001-309-970-3425,India,North Andreastad,East,73724.0,Corporate,Books,Fiction Novel,1,243.86,0.0,,Net Banking,Cancelled,243.86,False,False,unique,unique
ORD11435,Kyle Crawford,Male,,lisa61@example.net,988.617.8602x15992,India,South Samuel,West,29283.0,Corporate,Beauty,Hair Serum,2,143.0,0.15,,Credit Card,Cancelled,243.1,False,True,unique,unique
ORD11376,Nicholas Pittman,Female,,aliciasmall@example.net,001-825-285-4551x391,United States,West April,West,22140.0,Home Office,Clothing,Women's Jeans,1,242.62,0.0,,Debit Card,Cancelled,242.62,False,False,unique,unique
ORD11290,Lauren Stone,Female,,zachary70@example.net,961.900.7701,India,Lake Timothy,East,75752.0,Corporate,Home & Kitchen,Cushion Cover,1,242.4,0.0,2024-10-24,Cash On Delivery,Shipped,242.4,False,False,unique,unique
ORD12348,Bridget Murphy,Male,,bethany00@example.org,001-276-289-3345,CANADA,Daltonstad,West,12204.0,Home Office,Clothing,Men's T-Shirt,1,267.83,0.1,,Debit Card,Shipped,241.05,False,False,unique,unique
ORD12979,Evan Leonard,Female,,jonathon31@example.net,+1-761-418-6981x4218,UNITED KINGDOM,North Sarah,South,39175.0,Consumer,Home & Kitchen,Blender,1,480.98,0.5,,Credit  Card,Pending,240.49,False,False,unique,unique
ORD10397,Melinda Russell,Male,,,855-542-3401,United States,Lynnville,South,23534.0,Consumer,Home & Kitchen,Blender,2,126.24,0.05,,Debit Card,Shipped,239.86,False,True,unique,unique
ORD10454,Francisco Hernandez,Female,1988-08-20,qwalsh@example.org,783.597.7457x31441,United Kingdom,Lake Christian,North,65329.0,Corporate,Clothing,Women's Jeans,1,479.22,0.5,2023-02-13,Credit  Card,Returned,239.61,False,False,unique,unique
ORD11019,Karen Hartman,Male,,croberts@example.org,,UNITED STATES,West John,South,21979.0,Consumer,Home & Kitchen,Storage Box,3,79.82,0.0,,Credit Card,Cancelled,239.46,False,True,unique,unique
ORD12281,Autumn Graham,Male,,mooresue@example.org,550.400.6991x5585,UNITED STATES,Port Jonathan,South,42289.0,Consumer,Home & Kitchen,Storage Box,5,47.89,0.0,,Credit  Card,Cancelled,239.45,False,True,unique,unique
ORD10488,Zachary Miller,Female,,arianacuevas@example.net,+1-968-718-0978,CANADA,Jamesshire,North,38913.0,Home Office,Home & Kitchen,Non-stick Pan,1,251.97,0.05,,Net Banking,Returned,239.37,False,False,unique,unique
ORD10140,Olivia Perez,Female,,phillipslucas@example.org,952-262-1815,India,Dunlapburgh,West,,Consumer,Beauty,Lipstick Set,2,149.38,0.2,,Debit Card,Pending,239.01,False,True,unique,unique
ORD12873,Levi Cox,Female,,williamprice@example.com,+1-556-475-3866x88145,United Kingdom,Lisaborough,North,97867.0,Corporate,Home & Kitchen,Blender,1,251.42,0.05,2024-10-10,Net Banking,Cancelled,238.85,False,False,unique,unique
ORD10935,Brittney Huerta,Male,,bowenjonathan@example.net,+1-747-485-5011x3753,India,North Thomasburgh,North,73653.0,Home Office,Books,Kids Story Book,1,298.13,0.2,,Debit Card,Pending,238.5,False,False,unique,unique
ORD10236,Dr. Eric Murphy,Female,,shortsharon@example.net,(230)376-8104,CANADA,Steventon,North,,Corporate,Beauty,Hair Serum,3,99.29,0.2,2023-03-17,Credit  Card,Returned,238.3,False,True,unique,unique
ORD10918,Adrian Orr,Male,,kathleensmith@example.org,3882634673,India,New Adrianashire,East,12295.0,Corporate,Clothing,Men's T-Shirt,1,297.75,0.2,,Upi,Cancelled,238.2,False,False,unique,unique
ORD11397,Jennifer Galvan,Male,1969-12-01,,,India,Hamiltonborough,West,34300.0,Consumer,Electronics,Earbuds,2,148.62,0.2,2023-04-05,Debit Card,Delivered,237.79,False,True,unique,unique
ORD11769,Gloria Turner,Male,2004-07-11,jaimegarcia@example.com,+1-218-301-6648x02362,United States,New Allison,East,91350.0,Consumer,Sports,Dumbbell Set,1,279.46,0.15,2024-06-22,Credit Card,Shipped,237.54,False,False,unique,unique
ORD11847,Lonnie Hansen,,,lynnbullock@example.net,618.634.1000x6658,India,Port Jennifer,West,74368.0,Consumer,Books,Kids Story Book,1,263.68,0.1,,Upi,Returned,237.31,False,False,unique,unique
ORD12622,Julie Edwards,Male,2005-02-21,carolthomas@example.com,,CANADA,Williamsonton,South,44586.0,Home Office,Electronics,Earbuds,1,237.24,0.0,,Cash On Delivery,Returned,237.24,False,False,unique,unique
ORD12486,Jenna Brown,Male,1970-11-19,kingamy@example.net,+1-848-322-3322x846,CANADA,Millerhaven,West,,Home Office,Electronics,Laptop Stand,2,236.52,0.5,,Upi,Cancelled,236.52,False,True,unique,unique
ORD12226,Ricky Franklin,Male,1981-06-09,megan91@example.net,7476164954,United States,Reginastad,West,61813.0,Corporate,Sports,Yoga Mat,1,472.71,0.5,,Credit  Card,Pending,236.36,False,False,unique,unique
ORD10747,Luis Johnson,Female,,dorothy87@example.org,793.504.9366,United Kingdom,Lake Haroldport,North,,Corporate,Clothing,Men's T-Shirt,1,295.11,0.2,,Net Banking,Cancelled,236.09,False,False,unique,unique
ORD10841,Jose Hardy,,,hunter12@example.org,(619)615-0576,India,Marshport,West,63407.0,Consumer,Home & Kitchen,Cushion Cover,5,94.4,0.5,2023-01-06,Upi,Pending,236.0,False,True,unique,unique
ORD10598,Lisa Moss,Female,2002-08-23,,+1-611-310-0051x55323,India,Cindymouth,North,76974.0,Corporate,Beauty,Face Wash,1,277.48,0.15,,Debit Card,Pending,235.86,False,False,unique,unique
ORD12217,Patricia Warren,Male,,joneschristopher@example.org,603.870.9718,India,Garzaside,South,61483.0,Corporate,Electronics,USB-C Hub,1,235.82,0.0,2023-12-14,Cash On Delivery,Shipped,235.82,False,False,unique,unique
ORD11411,Shaun Howard,Male,,gregory12@example.org,+1-656-803-8710x88035,United States,Patricktown,East,39777.0,Consumer,Sports,Football,1,294.65,0.2,,Debit Card,Pending,235.72,False,False,unique,unique
ORD10078,Robin Peck,Female,,kathrynjimenez@example.net,774.270.1687x339,UNITED KINGDOM,West Troyfort,North,37954.0,Home Office,Books,Cook Book,1,277.25,0.15,,Cash On Delivery,Cancelled,235.66,False,False,unique,unique
ORD11682,Stephen Phillips,Female,,michaelharmon@example.org,949.862.3838x4403,United States,Jonathanshire,South,78078.0,Home Office,Electronics,Bluetooth Speaker,2,138.57,0.15,,Credit Card,Shipped,235.57,False,True,unique,unique
ORD12579,Melissa Macdonald,Male,1963-08-22,rosestacie@example.com,001-823-406-5117,UNITED KINGDOM,Paulamouth,North,,Consumer,Sports,Cricket Bat,1,235.06,0.0,,Cash On Delivery,Shipped,235.06,False,False,unique,unique
ORD12828,Matthew Tucker,Female,,ricksmith@example.com,415-711-8222x413,India,North Anthonybury,East,23948.0,Consumer,Sports,Cricket Bat,2,234.96,0.5,2023-05-23,Upi,Shipped,234.96,False,True,unique,unique
ORD12654,Mark Ayala,,,justinhaynes@example.org,8348267845,United States,North Katrinastad,East,,Home Office,Beauty,Face Wash,2,146.74,0.2,2023-10-19,Credit Card,Pending,234.78,False,True,unique,unique
ORD12693,Angela Moore,Male,,belldanielle@example.org,679-960-5623x309,United States,Powellhaven,South,69532.0,Corporate,Sports,Dumbbell Set,2,117.23,0.0,,Credit Card,Cancelled,234.46,False,True,unique,unique
ORD12494,Brandy Craig,Male,,castrojeffrey@example.org,+1-271-555-0393,United States,East Karenview,North,27475.0,Corporate,Clothing,Women's Jeans,1,246.65,0.05,2023-03-18,Credit Card,Cancelled,234.32,False,False,unique,unique
ORD11926,Diane Gonzalez,,,ireed@example.net,+1-887-720-2048x7103,India,West Tony,West,99077.0,Corporate,Clothing,Running Shoes,1,260.35,0.1,,Debit Card,Delivered,234.32,False,False,unique,unique
ORD12803,Lori Perez,Female,1964-05-03,,+1-437-423-6790x82135,India,Port Davidville,East,68207.0,Corporate,Electronics,Bluetooth Speaker,2,116.93,0.0,,Credit  Card,Returned,233.86,False,True,unique,unique
ORD12119,Mitchell Taylor,Female,,mortonjesse@example.org,(316)769-7446x97071,UNITED STATES,Port Danielstad,North,65262.0,Consumer,Books,Self-Help Book,1,245.39,0.05,2024-02-02,Upi,Shipped,233.12,False,False,unique,unique
ORD11162,Alicia Herrera,Female,,,001-660-975-7898,CANADA,Bonniemouth,West,82326.0,Consumer,Beauty,Lipstick Set,1,245.26,0.05,,Credit Card,Returned,233.0,False,False,unique,unique
ORD11030,Denise Johnson,Male,,nparks@example.com,001-563-883-0972,India,North Maryton,West,75727.0,Home Office,Electronics,Earbuds,2,232.58,0.5,,Net Banking,Returned,232.58,False,True,unique,unique
ORD12209,Stacy Moore,Male,,qmoore@example.com,,India,Hayesfurt,South,98196.0,Home Office,Electronics,Smartwatch,1,290.52,0.2,,Net Banking,Returned,232.42,False,False,duplicates,duplicates
ORD11715,Joseph Cunningham,Female,,lawrencealexis@example.net,(456)593-2596x2762,India,Ryanland,East,,Home Office,Books,Fiction Novel,1,244.55,0.05,2024-08-11,Upi,Returned,232.32,False,False,unique,unique
ORD11559,Joanna Carr,Male,1975-10-26,ekennedy@example.org,993-216-4598x243,CANADA,Scottport,North,5649.0,Consumer,Clothing,Men's T-Shirt,1,289.72,0.2,,Cash On Delivery,Shipped,231.78,False,False,unique,unique
ORD10730,Chelsea Juarez,Female,,,725.362.9269x3358,CANADA,Port Victoria,South,,Home Office,Sports,Dumbbell Set,1,463.48,0.5,,Debit Card,Delivered,231.74,False,False,unique,unique
ORD10409,Grace Swanson,Female,,,782.702.3684,United States,Sotoville,North,57664.0,Home Office,Books,Kids Story Book,2,115.66,0.0,,Credit Card,Delivered,231.32,False,True,unique,unique
ORD11407,Adam Dunn,Male,1981-04-11,adkinsjared@example.net,(764)747-8937,UNITED KINGDOM,Christopherchester,East,8139.0,Home Office,Electronics,Earbuds,2,128.5,0.1,,Cash On Delivery,Delivered,231.3,False,True,unique,unique
ORD12099,Isabella Berry,Female,,kristijohnson@example.net,,India,North Roberthaven,North,2282.0,Home Office,Books,Fiction Novel,1,271.36,0.15,,Net Banking,Shipped,230.66,False,False,unique,unique
ORD11848,Aaron Jordan,Male,,mary60@example.net,+1-797-206-4937,CANADA,Justinton,South,83791.0,Corporate,Electronics,Smartwatch,5,92.15,0.5,,Cash On Delivery,Returned,230.38,False,True,unique,unique
ORD11310,Kaitlin Lowe,Male,,micheleking@example.com,610-661-6649x700,CANADA,Andreaville,North,43649.0,Consumer,Sports,Football,1,270.84,0.15,,Debit Card,Pending,230.21,False,False,unique,unique
ORD11110,Angelica Clark,Female,,danielle49@example.com,(792)308-5649x01324,CANADA,West Brendan,West,86102.0,Corporate,Sports,Football,2,135.39,0.15,,Net Banking,Cancelled,230.16,False,True,unique,unique
ORD11358,Justin Nash,Female,1963-12-02,swalsh@example.com,,India,Hallfurt,East,45494.0,Home Office,Clothing,Men's T-Shirt,1,458.47,0.5,,Credit  Card,Delivered,229.24,False,False,unique,unique
ORD12056,Lori David,Male,,dorothybruce@example.net,,United Kingdom,New Abigail,South,40596.0,Home Office,Beauty,Hair Serum,2,114.54,0.0,,Credit Card,Delivered,229.08,False,True,unique,unique
ORD12131,Bradley Ayala,Male,,hcontreras@example.com,,UNITED STATES,New Kathryn,South,68125.0,Home Office,Electronics,Wireless Mouse,1,228.74,0.0,,Upi,Shipped,228.74,False,False,unique,unique
ORD10046,Arthur Colon,Female,2004-04-01,debra12@example.org,9477113826,United States,Matthewsberg,North,54880.0,Home Office,Electronics,Smartwatch,1,455.76,0.5,,Net Banking,Returned,227.88,False,False,unique,unique
ORD11610,Joseph Adams,Male,,brendahall@example.net,001-965-523-9188x67622,India,Teresabury,West,,Consumer,Clothing,Men's T-Shirt,1,227.86,0.0,,Net Banking,Shipped,227.86,False,False,unique,unique
ORD11991,Dale Fletcher,Male,,kristy16@example.org,925.411.7230x35821,UNITED KINGDOM,Fryebury,West,,Consumer,Electronics,Smartwatch,1,267.93,0.15,2024-09-23,Net Banking,Returned,227.74,False,False,unique,unique
ORD12907,Ariana Evans,Female,,juan92@example.com,(526)639-5198x1383,India,Stacymouth,South,44695.0,Home Office,Home & Kitchen,Blender,1,284.3,0.2,2024-10-20,Debit Card,Returned,227.44,False,False,unique,unique
ORD11003,Heather Webb,Male,,michellewatkins@example.org,756-734-0918x580,United Kingdom,Lake Jillville,West,42569.0,Corporate,Sports,Football,1,227.1,0.0,,Credit Card,Pending,227.1,False,False,unique,unique
ORD12286,Tony Greer,,,stephen92@example.com,+1-405-548-7487x0566,India,Port Kristiton,North,49197.0,Consumer,Home & Kitchen,Non-stick Pan,2,119.41,0.05,,Debit Card,Returned,226.88,False,True,unique,unique
ORD11739,Rachel Phillips,Female,,,533.547.7496,India,Rayberg,South,,Home Office,Home & Kitchen,LED Lamp,1,266.92,0.15,,Cash On Delivery,Pending,226.88,False,False,unique,unique
ORD11060,Kimberly Davis,Male,,umccoy@example.com,325-770-6802x6933,India,Haroldborough,South,,Home Office,Electronics,Bluetooth Speaker,5,47.65,0.05,2023-01-09,Cash On Delivery,Returned,226.34,False,True,unique,unique
ORD12380,Virginia Taylor,Male,2007-11-07,lisa37@example.net,(873)405-8582x19645,CANADA,West Jamie,South,18351.0,Corporate,Home & Kitchen,LED Lamp,2,113.09,0.0,,Cash On Delivery,Cancelled,226.18,False,True,unique,unique
ORD11332,Sean Hurst,Male,,williampearson@example.com,001-942-470-5498x5788,CANADA,North Ricardo,North,,Consumer,Books,Fiction Novel,1,265.9,0.15,,Credit  Card,Delivered,226.02,False,False,unique,unique
ORD11294,Brittney Hunter,Female,,sarahgonzalez@example.net,+1-858-965-3927,CANADA,West Jacquelinebury,East,36346.0,Home Office,Home & Kitchen,Storage Box,1,225.68,0.0,,Credit Card,Shipped,225.68,False,False,unique,unique
ORD10386,Savannah Stokes,Male,,carterdaniel@example.com,001-593-819-5256x9040,United States,Floresstad,South,89538.0,Home Office,Clothing,Men's T-Shirt,1,225.64,0.0,,Debit Card,Shipped,225.64,False,False,unique,unique
ORD12347,Emily Blackwell,Female,,joann04@example.com,,United States,Patrickmouth,West,,Corporate,Beauty,Lipstick Set,1,225.05,0.0,,Credit Card,Pending,225.05,False,False,unique,unique
ORD12138,Kelly Huffman,Male,,lsmith@example.net,534.808.3378,India,West Marthashire,South,24422.0,Home Office,Books,Self-Help Book,1,280.46,0.2,,Cash On Delivery,Cancelled,224.37,False,False,unique,unique
ORD10624,Robert Johnson,Male,,jimmywest@example.org,+1-909-968-7304x5195,India,West Donna,North,,Home Office,Electronics,Bluetooth Speaker,3,87.85,0.15,,Net Banking,Returned,224.02,False,True,unique,unique
ORD10322,Daniel Stout,Female,,sanderson@example.net,001-466-557-2934x172,UNITED STATES,New Travis,North,55024.0,Corporate,Clothing,Men's T-Shirt,1,263.37,0.15,,Credit Card,Shipped,223.86,False,False,unique,unique
ORD11365,Robert Taylor,Male,1990-11-14,steven08@example.net,001-482-540-3532x12440,CANADA,Halltown,North,75982.0,Corporate,Beauty,Face Wash,3,74.56,0.0,,Cash On Delivery,Returned,223.68,False,True,unique,unique
ORD11171,Adrian Snow,Female,,kelly24@example.net,720-324-3509x476,UNITED STATES,Lake Jillchester,West,86663.0,Consumer,Sports,Football,1,247.99,0.1,,Debit Card,Shipped,223.19,False,False,unique,unique
ORD12664,David Brooks,Female,1993-12-15,zferguson@example.com,+1-622-322-0065x977,United Kingdom,Josephton,West,11376.0,Corporate,Home & Kitchen,Non-stick Pan,1,445.51,0.5,,Debit Card,Shipped,222.76,False,False,unique,unique
ORD10905,Jose Oconnor,Male,,,577-804-1309x0915,UNITED KINGDOM,East Amyfurt,West,17965.0,Consumer,Sports,Yoga Mat,1,278.32,0.2,,Debit Card,Pending,222.66,False,False,unique,unique
ORD12566,Chad Montgomery,Female,,,593.403.6199,UNITED STATES,Dennisbury,North,71509.0,Consumer,Home & Kitchen,Storage Box,2,130.71,0.15,2024-11-06,Net Banking,Shipped,222.21,False,True,unique,unique
ORD10175,Jessica Foster,Female,,omoore@example.org,001-268-842-4508x8210,India,West Jasonstad,West,28253.0,Corporate,Beauty,Sunscreen SPF50,1,444.36,0.5,2023-10-29,Debit Card,Returned,222.18,False,False,unique,unique
ORD12308,Lisa Medina,Female,,michael89@example.org,(651)974-7529,United Kingdom,Kellystad,East,41747.0,Consumer,Sports,Football,1,246.39,0.1,,Credit Card,Returned,221.75,False,False,unique,unique
ORD10553,Christina Underwood,Male,2005-01-06,jacobhernandez@example.com,,India,North Anthony,East,79396.0,Home Office,Beauty,Sunscreen SPF50,1,232.99,0.05,,Debit Card,Returned,221.34,False,False,unique,unique
ORD12447,Lori Moss,Male,1962-12-10,carrollvictoria@example.com,866-223-9352,United States,South Wendymouth,South,,Consumer,Books,Fiction Novel,1,221.24,0.0,,Upi,Pending,221.24,False,False,unique,unique
ORD11787,Debbie Johnson,Male,,kelly26@example.net,5786241164,India,West Susan,North,93216.0,Consumer,Home & Kitchen,Cushion Cover,1,260.21,0.15,,Net Banking,Delivered,221.18,False,False,unique,unique
ORD10162,Victoria Brown,Female,,williamharrison@example.com,(517)853-5408,India,Montoyaland,North,60675.0,Corporate,Sports,Yoga Mat,2,129.93,0.15,,Upi,Returned,220.88,False,True,unique,unique
ORD11265,Amber Odom,Female,,bruceelijah@example.com,209-785-3720x335,India,South Brandonbury,East,17811.0,Consumer,Home & Kitchen,Non-stick Pan,1,276.07,0.2,,Cash On Delivery,Returned,220.86,False,False,unique,unique
ORD12478,Derek Estrada,Female,,brownchristopher@example.org,,CANADA,Port Christophermouth,West,40544.0,Consumer,Sports,Football,2,110.2,0.0,,Credit Card,Delivered,220.4,False,True,unique,unique
ORD10635,Maxwell Richards,Male,,luissanchez@example.com,337.477.3126,United States,Port William,North,9413.0,Home Office,Electronics,Wireless Mouse,1,440.71,0.5,,Credit  Card,Delivered,220.36,False,False,unique,unique
ORD10408,Michael Vega,Male,,markfigueroa@example.com,001-398-295-3439x6112,India,East Janet,West,13429.0,Corporate,Clothing,Men's T-Shirt,1,220.27,0.0,,Upi,Returned,220.27,False,False,unique,unique
ORD11325,Michael Rivera,Female,1966-04-22,mmoore@example.net,6328234771,United States,Oliviashire,West,,Corporate,Beauty,Sunscreen SPF50,1,440.27,0.5,2023-06-27,Credit Card,Pending,220.14,False,False,unique,unique
ORD12743,Alexandra Brown,Male,,melindacarter@example.com,434-424-7064,United States,West Heather,South,13249.0,Home Office,Beauty,Face Wash,1,220.14,0.0,,Cash On Delivery,Pending,220.14,False,False,duplicates,duplicates
ORD12232,Joe Perez,Male,1996-08-07,krogers@example.com,(576)438-0826,India,Pachecochester,North,97047.0,Consumer,Clothing,Running Shoes,2,129.31,0.15,,Upi,Delivered,219.83,False,True,unique,unique
ORD11773,Lisa Day,Female,,aschmidt@example.com,3836681682,UNITED KINGDOM,South Stephaniefort,North,,Corporate,Clothing,Formal Shirt,1,439.34,0.5,2024-12-20,Debit Card,Shipped,219.67,False,False,unique,unique
ORD10955,Matthew Kelly,Female,,vbaker@example.net,001-250-870-8864,United Kingdom,Chaneychester,North,3345.0,Corporate,Beauty,Sunscreen SPF50,1,231.18,0.05,,Upi,Delivered,219.62,False,False,unique,unique
ORD11997,Katherine Henry,Male,,fjones@example.com,+1-495-333-8416x2906,India,Jenniferchester,North,52615.0,Corporate,Beauty,Hair Serum,1,219.56,0.0,2023-02-09,Cash On Delivery,Returned,219.56,False,False,unique,unique
ORD12525,Elizabeth Hansen,Male,,freemanmarcus@example.com,+1-631-923-3153,India,Thompsonfort,South,38081.0,Corporate,Clothing,Running Shoes,1,243.35,0.1,,Net Banking,Shipped,219.02,False,False,unique,unique
ORD10495,Laura Dennis,,,hphillips@example.net,001-517-367-4124x151,UNITED KINGDOM,Ericmouth,South,36691.0,Home Office,Sports,Cricket Bat,1,219.02,0.0,,Cash On Delivery,Cancelled,219.02,False,False,unique,unique
ORD10075,Christopher Donovan,Female,,meghan43@example.net,+1-442-449-8182,India,Meganshire,East,5900.0,Home Office,Home & Kitchen,Storage Box,5,87.49,0.5,,Credit Card,Returned,218.72,False,True,unique,unique
ORD12659,Cristina Martin,Female,1983-09-09,flewis@example.com,001-794-897-3976x876,United States,Tracifort,West,,Home Office,Electronics,Earbuds,1,437.28,0.5,,Credit  Card,Cancelled,218.64,False,False,unique,unique
ORD12843,Stephanie Morales,Male,1961-04-03,,336.355.8617,United States,South Ashleychester,West,,Consumer,Home & Kitchen,Non-stick Pan,1,218.61,0.0,,Net Banking,Returned,218.61,False,False,unique,unique
ORD12517,Wendy Duran,Female,,emitchell@example.net,706.808.5588x348,United Kingdom,Karenbury,South,22341.0,Corporate,Home & Kitchen,Storage Box,5,43.7,0.0,,Debit Card,Shipped,218.5,False,True,unique,unique
ORD11480,Walter Sexton,,,richardsondaniel@example.com,(934)642-0042x186,CANADA,Baldwinstad,North,18495.0,Home Office,Books,Fiction Novel,1,272.87,0.2,,Credit Card,Shipped,218.3,False,False,unique,unique
ORD12085,Erin Sharp,,,wbrown@example.net,634.443.0299x73854,United States,Bruceview,East,70705.0,Consumer,Sports,Cricket Bat,1,242.43,0.1,,Upi,Pending,218.19,False,False,unique,unique
ORD10489,Robert Madden,Male,,kaitlin13@example.com,,India,Coxstad,South,73961.0,Consumer,Beauty,Hair Serum,1,218.01,0.0,2024-01-05,Credit  Card,Returned,218.01,False,False,unique,unique
ORD10686,Laurie Fuller,Female,,cody79@example.org,950.555.7385,United Kingdom,Bernardtown,South,90905.0,Home Office,Home & Kitchen,Storage Box,2,128.14,0.15,,Net Banking,Pending,217.84,False,True,unique,unique
ORD10857,Christopher Robles,Male,,brian64@example.net,+1-471-677-5461,India,South Michaelside,North,30305.0,Consumer,Clothing,Running Shoes,1,255.71,0.15,2024-01-27,Net Banking,Returned,217.35,False,False,unique,unique
ORD10345,Denise Abbott,Male,,erin70@example.com,,United States,Port Sheilachester,South,53831.0,Corporate,Beauty,Hair Serum,2,108.67,0.0,2023-07-20,Debit Card,Returned,217.34,False,True,unique,unique
ORD11875,Michael Phillips,Male,,ihahn@example.com,+1-964-397-2834x1906,United States,North Candacemouth,South,,Home Office,Electronics,Smartwatch,1,216.92,0.0,2024-02-13,Cash On Delivery,Returned,216.92,False,False,unique,unique
ORD12529,Rickey Hanson,Female,,michael99@example.org,952-310-2038x870,India,Port Julie,West,56800.0,Corporate,Electronics,Bluetooth Speaker,1,228.25,0.05,,Cash On Delivery,Delivered,216.84,False,False,unique,unique
ORD12301,Katelyn Berry,Female,,sandovalkerry@example.com,549-951-4955,United States,South Ana,North,61711.0,Corporate,Beauty,Sunscreen SPF50,3,144.26,0.5,,Cash On Delivery,Delivered,216.39,False,True,unique,unique
ORD12825,Amy Martinez,,,lcline@example.net,992-588-4096x965,UNITED KINGDOM,Jesusmouth,West,41767.0,Consumer,Clothing,Formal Shirt,1,216.2,0.0,,Cash On Delivery,Shipped,216.2,False,False,unique,unique
ORD12387,Samuel Lin,Male,,josephowens@example.com,001-891-717-3906,UNITED STATES,Lake Richardhaven,East,83022.0,Home Office,Books,Kids Story Book,2,126.83,0.15,,Credit  Card,Shipped,215.61,False,True,unique,unique
ORD11832,Regina Wright,Female,,lbrown@example.com,(578)714-9635x501,India,North Dorothy,South,4479.0,Corporate,Sports,Yoga Mat,1,431.14,0.5,2024-10-06,Upi,Cancelled,215.57,False,False,unique,unique
ORD11864,Katelyn Sampson,Male,1965-04-28,egonzalez@example.com,(617)656-2479,CANADA,East Mary,North,65615.0,Corporate,Home & Kitchen,Storage Box,1,430.57,0.5,2024-12-13,Credit Card,Shipped,215.28,False,False,unique,unique
ORD11925,Ashley Tucker,Female,,hcosta@example.net,001-326-877-5046,CANADA,Lake Dustin,East,84042.0,Home Office,Electronics,Earbuds,2,107.56,0.0,,Credit Card,Shipped,215.12,False,True,unique,unique
ORD11554,Nicole Ramirez,Female,,ashley02@example.org,915.799.8751,India,Clarketown,West,26414.0,Consumer,Books,Cook Book,1,214.55,0.0,2023-05-03,Credit  Card,Cancelled,214.55,False,False,unique,unique
ORD10177,Matthew Steele,Female,,lindsey62@example.org,333-464-5257x77547,United Kingdom,Port Juanberg,West,71098.0,Consumer,Sports,Cricket Bat,1,429.01,0.5,,Upi,Delivered,214.5,False,False,unique,unique
ORD11951,Joshua Newman,Male,,tsullivan@example.org,+1-937-756-1845x35777,India,Lake Chelsea,North,44960.0,Consumer,Sports,Football,1,427.99,0.5,,Net Banking,Cancelled,214.0,False,False,unique,unique
ORD12980,Charles Stein,Female,1973-05-23,gmorales@example.com,(511)985-7001x09207,United Kingdom,Moralesstad,North,,Home Office,Books,Fiction Novel,1,266.96,0.2,,Credit Card,Returned,213.57,False,False,unique,unique
ORD10761,Elizabeth Taylor,Female,,,458.283.9785x708,India,West Amberchester,East,62669.0,Corporate,Beauty,Hair Serum,5,85.34,0.5,,Cash On Delivery,Pending,213.35,False,True,unique,unique
ORD10287,Mrs. Pamela Rodriguez,Male,,ctodd@example.org,308-690-7140,United States,Port Colinville,South,,Consumer,Home & Kitchen,Blender,1,426.57,0.5,,Cash On Delivery,Returned,213.28,False,False,unique,unique
ORD12864,Mike Richardson,Male,,yvonneperez@example.net,001-598-856-7600x4270,CANADA,Kellyhaven,West,82895.0,Consumer,Sports,Dumbbell Set,1,212.42,0.0,,Upi,Returned,212.42,False,False,unique,unique
ORD12624,Monica Newman,Female,,cynthia10@example.com,001-623-920-0865x86233,India,New Jeremyburgh,South,12724.0,Consumer,Beauty,Sunscreen SPF50,2,117.86,0.1,,Credit Card,Shipped,212.15,False,True,unique,unique
ORD11944,Patrick Smith,Female,1976-11-20,aaronvillanueva@example.net,001-934-591-1647x6492,UNITED STATES,Petersville,North,27169.0,Home Office,Electronics,USB-C Hub,1,424.11,0.5,,Upi,Pending,212.06,False,False,unique,unique
ORD12042,Robert Hughes,Female,,barbaraperez@example.net,+1-550-746-2933x7415,India,East Jennifer,West,59061.0,Corporate,Beauty,Sunscreen SPF50,1,264.88,0.2,,Credit  Card,Shipped,211.9,False,False,unique,unique
ORD10869,Daniel Reynolds,Female,,jasminbrown@example.com,228.753.8631,India,West Lisaview,North,32518.0,Consumer,Clothing,Formal Shirt,1,211.87,0.0,,Upi,Cancelled,211.87,False,False,unique,unique
ORD10724,Erin Moore,Female,2008-03-22,alexis58@example.com,446-792-1821,United Kingdom,Novakton,West,,Consumer,Books,Kids Story Book,2,105.9,0.0,,Debit Card,Returned,211.8,False,True,unique,unique
ORD10789,Krystal Kennedy,Male,,eharrington@example.com,9598625719,India,Lake Brookeberg,West,3420.0,Home Office,Electronics,Bluetooth Speaker,1,222.87,0.05,2024-11-19,Credit Card,Shipped,211.73,False,False,unique,unique
ORD10820,Dawn Douglas,Female,1981-10-07,mmyers@example.net,593-439-6504x9627,India,South Dennis,North,,Corporate,Books,Self-Help Book,1,423.19,0.5,,Cash On Delivery,Pending,211.6,False,False,unique,unique
ORD12597,Erin Robertson,Female,,henrykylie@example.org,814.563.5542x8468,India,Thompsonborough,South,,Corporate,Clothing,Running Shoes,1,422.75,0.5,,Cash On Delivery,Shipped,211.38,False,False,unique,unique
ORD10331,Antonio Beasley,Female,,rmiller@example.net,(498)486-4976x7762,India,Dawsonberg,North,,Consumer,Home & Kitchen,Storage Box,3,70.46,0.0,,Credit  Card,Shipped,211.38,False,True,unique,unique
ORD10334,Richard Fisher,Male,,pamela32@example.net,701.885.1067x9497,India,Davenportberg,East,18657.0,Corporate,Sports,Yoga Mat,1,211.13,0.0,,Cash On Delivery,Delivered,211.13,False,False,unique,unique
ORD11528,Austin Fuller,Male,,youngmichael@example.net,994.420.7223x956,India,South Nicholasland,West,93663.0,Corporate,Clothing,Formal Shirt,1,248.07,0.15,2024-01-17,Credit Card,Delivered,210.86,False,False,unique,unique
ORD10898,Garrett Suarez,Male,,eclark@example.com,001-887-536-6271x358,UNITED STATES,West John,West,81592.0,Home Office,Electronics,Bluetooth Speaker,1,234.02,0.1,,Credit Card,Delivered,210.62,False,False,unique,unique
ORD10318,Bruce Jackson,Female,,vmelton@example.net,,CANADA,Turnerstad,West,91027.0,Consumer,Books,Fiction Novel,3,140.32,0.5,,Debit Card,Delivered,210.48,False,True,unique,unique
ORD12927,Adam Jackson,Male,1993-04-26,tanya47@example.org,(200)873-1680,India,West Donald,West,,Corporate,Sports,Football,1,233.84,0.1,,Debit Card,Pending,210.46,False,False,unique,unique
ORD11309,Andrew Reese,Male,1985-12-27,thorntonjames@example.com,+1-324-837-5391x69280,United States,Walkerchester,South,56373.0,Home Office,Home & Kitchen,Non-stick Pan,1,262.78,0.2,2024-03-22,Upi,Pending,210.22,False,False,unique,unique
ORD10936,Jill Garner,Female,1983-03-29,dgeorge@example.net,371.961.6088,CANADA,East Patricia,West,89216.0,Consumer,Sports,Cricket Bat,1,210.15,0.0,2024-03-10,Cash On Delivery,Cancelled,210.15,False,False,unique,unique
ORD12462,Paige Logan,Male,1988-07-18,,,India,New Sarah,West,68264.0,Consumer,Books,Fiction Novel,1,420.13,0.5,,Credit Card,Delivered,210.06,False,False,unique,unique
ORD12156,Amy Gomez,Male,,robinsonmark@example.com,(888)923-1329,United States,Port Michele,West,,Home Office,Beauty,Sunscreen SPF50,1,419.63,0.5,,Upi,Pending,209.82,False,False,unique,unique
ORD11697,Donald Oconnor,Male,,shuff@example.net,001-937-910-5392x5906,CANADA,New Mariofurt,South,766.0,Corporate,Home & Kitchen,Storage Box,1,246.48,0.15,,Cash On Delivery,Shipped,209.51,False,False,unique,unique
ORD11647,Justin Vaughn,Female,1967-11-10,maryfernandez@example.net,(395)986-2185x31112,India,Popetown,West,27907.0,Consumer,Books,Kids Story Book,2,104.64,0.0,2024-04-10,Credit  Card,Returned,209.28,False,True,unique,unique
ORD10021,Stephen Johnston,Female,,psnyder@example.org,+1-401-963-2870x8317,India,Stephaniemouth,North,80802.0,Home Office,Electronics,Bluetooth Speaker,2,116.2,0.1,,Credit Card,Cancelled,209.16,False,True,unique,unique
ORD11963,Daniel Miller,Female,,mark79@example.org,,India,North Mary,East,40574.0,Home Office,Clothing,Winter Jacket,1,418.1,0.5,2023-09-02,Net Banking,Delivered,209.05,False,False,unique,unique
ORD11176,Justin Reyes,Female,,angelacooper@example.com,635-909-5288x959,UNITED KINGDOM,East Ashleychester,West,37644.0,Consumer,Sports,Football,1,232.18,0.1,,Net Banking,Cancelled,208.96,False,False,unique,unique
ORD12210,Thomas Olson,Female,,dawn90@example.com,(752)624-2059x642,United States,Patelfurt,North,36128.0,Home Office,Books,Kids Story Book,1,219.91,0.05,,Upi,Pending,208.91,False,False,unique,unique
ORD10393,Becky Mullins,Male,2006-12-14,,229-420-8751,United States,Lake Evan,North,74228.0,Home Office,Electronics,Wireless Mouse,2,208.49,0.5,2023-07-07,Cash On Delivery,Shipped,208.49,False,True,unique,unique
ORD10568,Ryan Scott,Male,,trichards@example.net,243.381.1995x3766,India,Meganview,North,,Consumer,Sports,Dumbbell Set,1,231.6,0.1,,Cash On Delivery,Cancelled,208.44,False,False,unique,unique
ORD10198,Mark Thomas,,1968-08-22,robert99@example.com,812-653-5544,CANADA,Normanstad,North,98529.0,Corporate,Clothing,Men's T-Shirt,2,109.7,0.05,,Net Banking,Delivered,208.43,False,True,unique,unique
ORD11434,Kurt Salazar,Male,,suttonmichael@example.org,249.372.9697,UNITED KINGDOM,Port Brandonborough,East,83493.0,Corporate,Electronics,Laptop Stand,5,43.87,0.05,,Net Banking,Delivered,208.38,False,True,unique,unique
ORD10251,Christine Navarro,Male,,karla10@example.org,867.247.8366x742,CANADA,Saramouth,West,50571.0,Consumer,Electronics,Smartwatch,1,244.41,0.15,,Debit Card,Returned,207.75,False,False,unique,unique
ORD11165,Maria Smith,Male,1964-04-15,ybailey@example.net,001-721-663-3613x179,India,Port Melanieport,East,90841.0,Home Office,Books,Kids Story Book,1,259.49,0.2,,Debit Card,Delivered,207.59,False,False,unique,unique
ORD11870,Taylor Wright,Male,,rdyer@example.com,(974)520-5225,India,South Kimborough,West,21190.0,Home Office,Electronics,Bluetooth Speaker,1,207.33,0.0,,Credit Card,Cancelled,207.33,False,False,unique,unique
ORD10802,Jordan Hughes,,1989-06-13,thomaslinda@example.net,,India,Flemington,North,90513.0,Home Office,Electronics,Bluetooth Speaker,1,207.25,0.0,,Upi,Cancelled,207.25,False,False,unique,unique
ORD11687,James Taylor,Female,,,001-557-375-2668x480,United States,Gonzalezfort,South,69083.0,Consumer,Home & Kitchen,LED Lamp,2,109.08,0.05,,Credit Card,Returned,207.25,False,True,unique,unique
ORD12393,Stephanie Miller,Male,,cynthia80@example.net,5873575751,UNITED KINGDOM,Lake Jenny,South,18302.0,Corporate,Books,Self-Help Book,1,218.08,0.05,2024-11-15,Net Banking,Cancelled,207.18,False,False,unique,unique
ORD11845,Caroline Williams,Male,,,001-337-803-5595x915,India,Nolanland,South,,Home Office,Electronics,Earbuds,1,243.28,0.15,,Cash On Delivery,Pending,206.79,False,False,unique,unique
ORD11399,Alexandra Gonzalez,Female,,feliciachen@example.net,,CANADA,New Juan,North,52749.0,Corporate,Beauty,Sunscreen SPF50,2,121.33,0.15,2024-04-08,Upi,Pending,206.26,False,True,unique,unique
ORD12227,Danielle Ochoa,Male,,,453-942-7893,CANADA,East Sharon,South,23245.0,Home Office,Clothing,Men's T-Shirt,1,412.37,0.5,,Debit Card,Returned,206.18,False,False,unique,unique
ORD10901,Zachary Murray,Female,,matthewbrennan@example.net,564-205-1038x8027,CANADA,Douglaschester,West,,Corporate,Electronics,USB-C Hub,1,242.07,0.15,,Debit Card,Pending,205.76,False,False,unique,unique
ORD11251,Michael Goodwin,Female,,xward@example.com,664-887-9210,India,Andersonmouth,East,42383.0,Corporate,Home & Kitchen,Non-stick Pan,3,85.73,0.2,,Cash On Delivery,Delivered,205.75,False,True,unique,unique
ORD12296,Jeffrey Ochoa,Female,,martinwilliam@example.com,544.379.3722,United States,Gallagherland,East,80474.0,Consumer,Sports,Yoga Mat,1,216.47,0.05,,Net Banking,Shipped,205.65,False,False,unique,unique
ORD10108,Jerry Harper,Female,,,+1-386-580-5891,UNITED KINGDOM,Gabrielton,South,74323.0,Consumer,Books,Fiction Novel,1,205.61,0.0,,Cash On Delivery,Delivered,205.61,False,False,unique,unique
ORD10739,Paul Cox,Male,,,526.329.0529x1876,United States,Brownburgh,West,94648.0,Home Office,Books,Cook Book,1,205.57,0.0,,Credit  Card,Returned,205.57,False,False,unique,unique
ORD10398,Leah Roman,Male,,,(794)884-9102x562,United Kingdom,Vargasview,West,,Corporate,Beauty,Sunscreen SPF50,1,410.7,0.5,2023-01-07,Upi,Delivered,205.35,False,False,unique,unique
ORD11183,Joshua Bennett,Male,,aaroncarter@example.net,(827)475-8670x365,India,East Julieborough,North,33757.0,Corporate,Beauty,Face Wash,5,51.24,0.2,,Cash On Delivery,Shipped,204.96,False,True,unique,unique
ORD10178,Lori Luna,,,hessbeth@example.net,808.548.8725,India,Dennishaven,East,67401.0,Consumer,Home & Kitchen,LED Lamp,1,409.21,0.5,,Cash On Delivery,Shipped,204.6,False,False,unique,unique
ORD12974,Melissa Soto,Male,,scottclaire@example.net,+1-698-583-1206x05395,UNITED KINGDOM,New Joshua,South,,Home Office,Electronics,Bluetooth Speaker,1,204.51,0.0,,Upi,Pending,204.51,False,False,duplicates,duplicates
ORD11081,Jerry Crosby,Female,,michaelosborne@example.com,(727)817-2662,United Kingdom,Anthonyfurt,East,1548.0,Corporate,Home & Kitchen,Blender,1,408.66,0.5,,Net Banking,Cancelled,204.33,False,False,unique,unique
ORD12113,Mark Taylor,Female,,davidtorres@example.com,,UNITED STATES,Howeburgh,East,74756.0,Home Office,Electronics,Bluetooth Speaker,1,203.75,0.0,,Credit Card,Shipped,203.75,False,False,unique,unique
ORD10890,Jessica Gray,Female,,echapman@example.com,836.629.9946,India,Brianshire,East,,Consumer,Clothing,Running Shoes,1,203.64,0.0,,Credit Card,Shipped,203.64,False,False,unique,unique
ORD10207,Melissa Moore,Female,1997-08-06,ericdavis@example.net,500-252-8127x35857,UNITED KINGDOM,Howardberg,West,33360.0,Consumer,Sports,Yoga Mat,1,254.07,0.2,2024-10-18,Debit Card,Shipped,203.26,False,False,unique,unique
ORD12340,Dr. Diana Chung Md,Male,,melaniejackson@example.org,001-329-880-2844,UNITED KINGDOM,Lake Nicholasborough,South,90135.0,Consumer,Beauty,Lipstick Set,2,126.73,0.2,2024-12-02,Upi,Shipped,202.77,False,True,unique,unique
ORD11374,Tracy Sanders,Female,,valeriewright@example.net,600.271.5800x971,India,Gonzalezburgh,North,28839.0,Corporate,Beauty,Face Wash,1,225.04,0.1,,Net Banking,Returned,202.54,False,False,unique,unique
ORD10448,Jessica Bradley,Male,,colepamela@example.net,896-449-8560x125,India,Johnborough,North,86609.0,Corporate,Electronics,Bluetooth Speaker,3,74.93,0.1,2023-09-29,Net Banking,Pending,202.31,False,True,unique,unique
ORD10589,Donald Santana,Female,,aking@example.net,001-460-772-3111x271,United States,Lake Jonathan,East,,Home Office,Electronics,USB-C Hub,1,224.76,0.1,,Upi,Pending,202.28,False,False,unique,unique
ORD12649,Elizabeth Miranda,Male,,ybautista@example.org,7235362706,CANADA,East Lisaside,North,78213.0,Consumer,Books,Self-Help Book,1,404.28,0.5,,Debit Card,Shipped,202.14,False,False,unique,unique
ORD11831,Michael Vincent,Male,,ycline@example.com,624-315-7318x02040,United Kingdom,South Lindashire,South,,Consumer,Sports,Dumbbell Set,1,404.07,0.5,,Debit Card,Delivered,202.04,False,False,unique,unique
ORD12806,Cassandra Campbell,Female,,sarahdouglas@example.net,764.684.0927x02907,India,Port Maria,South,20548.0,Consumer,Beauty,Lipstick Set,2,100.96,0.0,,Upi,Cancelled,201.92,False,True,unique,unique
ORD12887,Misty Evans,Male,1990-01-27,,,CANADA,West Emilytown,South,90948.0,Corporate,Beauty,Hair Serum,3,134.61,0.5,2023-12-09,Debit Card,Cancelled,201.92,False,True,unique,unique
ORD11582,Christopher Whitaker,Male,,carly00@example.net,843-364-3644x432,United States,Dylantown,West,,Consumer,Home & Kitchen,LED Lamp,1,212.17,0.05,,Debit Card,Returned,201.56,False,False,unique,unique
ORD12271,Dawn Gonzales,Male,1960-09-18,lindarasmussen@example.org,510.802.4588x6417,CANADA,Morrisonbury,South,99572.0,Consumer,Beauty,Hair Serum,1,201.5,0.0,2024-08-03,Net Banking,Shipped,201.5,False,False,unique,unique
ORD12568,Joy Blanchard,Female,,benjamincopeland@example.com,,India,Markmouth,South,57399.0,Corporate,Clothing,Running Shoes,1,251.56,0.2,,Credit Card,Pending,201.25,False,False,unique,unique
ORD12480,Christopher Holmes,Male,,,443.864.2542x470,CANADA,Lake Lucasport,East,52731.0,Corporate,Home & Kitchen,Cushion Cover,2,105.89,0.05,,Debit Card,Shipped,201.19,False,True,unique,unique
ORD10580,Arthur Gutierrez,Male,,johnguzman@example.org,(807)815-1169,CANADA,Hortonberg,South,45497.0,Home Office,Books,Kids Story Book,2,118.22,0.15,,Debit Card,Cancelled,200.97,False,True,unique,unique
ORD12418,Alan Baker,Male,,bassjoshua@example.com,492.994.6513,United States,North Austinshire,East,14094.0,Consumer,Home & Kitchen,Storage Box,1,401.93,0.5,,Credit Card,Pending,200.96,False,False,unique,unique
ORD11516,Allen Mejia,Male,,denisewalters@example.net,+1-298-976-6740x87721,India,Gregoryport,East,90698.0,Corporate,Beauty,Face Wash,1,200.94,0.0,,Cash On Delivery,Pending,200.94,False,False,unique,unique
ORD12074,Lori Smith,Female,,mlee@example.net,266-490-8144x986,United States,Leonbury,West,,Corporate,Electronics,Smartwatch,2,100.43,0.0,,Cash On Delivery,Pending,200.86,False,True,unique,unique
ORD11721,Sandra Fleming,Male,,john02@example.com,861-567-9467x7818,United States,Francisland,South,29969.0,Corporate,Electronics,Wireless Mouse,1,236.26,0.15,,Net Banking,Returned,200.82,False,False,unique,unique
ORD10135,Suzanne Johnson,Female,,annalopez@example.com,+1-542-270-1039,India,Smithborough,North,,Corporate,Books,Fiction Novel,1,250.72,0.2,,Debit Card,Cancelled,200.58,False,False,unique,unique
ORD12998,Susan Lutz Md,Male,1964-02-11,christophergomez@example.net,409.662.7316x734,United States,South Tracy,East,54784.0,Home Office,Books,Fiction Novel,1,250.39,0.2,,Upi,Pending,200.31,False,False,unique,unique
ORD10880,Daniel Frazier,Female,,xgarcia@example.net,(630)856-4184x937,India,Hudsonhaven,West,63396.0,Consumer,Electronics,Smartwatch,1,250.36,0.2,,Credit Card,Delivered,200.29,False,False,unique,unique
ORD11602,Benjamin Ortega,Female,,laura08@example.com,952.984.6770x37846,UNITED KINGDOM,Lake Adambury,North,3606.0,Home Office,Electronics,USB-C Hub,2,117.78,0.15,,Credit Card,Delivered,200.23,False,True,unique,unique
ORD12963,Dana Hamilton,Male,1989-10-29,cgraham@example.net,+1-604-566-0055x931,India,Josephland,North,86090.0,Home Office,Sports,Yoga Mat,1,210.33,0.05,,Net Banking,Cancelled,199.81,False,False,unique,unique
ORD11071,Louis Olsen,,,petersdonald@example.net,893-412-1463x947,UNITED KINGDOM,Dawnberg,North,98630.0,Home Office,Electronics,Laptop Stand,1,199.72,0.0,,Credit Card,Pending,199.72,False,False,unique,unique
ORD11181,John Warner,,,laurie14@example.org,,CANADA,West Brian,North,89956.0,Consumer,Home & Kitchen,Non-stick Pan,2,124.79,0.2,,Net Banking,Returned,199.66,False,True,unique,unique
ORD12195,Elizabeth Torres,Female,,todd81@example.com,001-552-252-8886x4650,UNITED KINGDOM,Johnland,North,62846.0,Corporate,Home & Kitchen,Non-stick Pan,1,199.48,0.0,,Cash On Delivery,Returned,199.48,False,False,unique,unique
ORD12616,Taylor Miles,Female,,,9739100179,UNITED STATES,Reyeston,North,,Corporate,Home & Kitchen,LED Lamp,1,398.87,0.5,,Credit Card,Returned,199.44,False,False,unique,unique
ORD11857,Robert Holt,Female,,dalehudson@example.org,001-825-809-2704x00438,India,Robertsonmouth,West,5757.0,Home Office,Home & Kitchen,Storage Box,5,44.29,0.1,,Cash On Delivery,Shipped,199.3,False,True,unique,unique
ORD12220,Bruce Park,Female,1987-06-17,,390.851.0118,United States,Port Joseph,East,77574.0,Home Office,Books,Fiction Novel,2,199.27,0.5,,Upi,Delivered,199.27,False,True,unique,unique
ORD12466,Allison Knight,Female,,edwardwilliams@example.net,,India,Nataliefort,South,56432.0,Corporate,Beauty,Face Wash,1,209.31,0.05,,Net Banking,Returned,198.84,False,False,unique,unique
ORD12212,Brandon Johnson,Female,,marymarshall@example.org,001-586-880-8835x855,CANADA,Malikside,North,59264.0,Home Office,Sports,Cricket Bat,5,46.71,0.15,,Credit Card,Cancelled,198.52,False,True,unique,unique
ORD10323,David Hawkins Dvm,Male,,michael22@example.net,5159619318,India,Victoriastad,South,6618.0,Consumer,Home & Kitchen,Cushion Cover,1,247.73,0.2,2024-07-16,Net Banking,Pending,198.18,False,False,unique,unique
ORD12521,Shannon Allen,,1976-08-31,zacharyharris@example.org,714.493.2548,United Kingdom,Lake Alan,South,52118.0,Home Office,Electronics,USB-C Hub,2,197.48,0.5,,Upi,Pending,197.48,False,True,unique,unique
ORD10225,Kimberly Davidson,Female,,,8812770388,India,Blackton,North,,Corporate,Books,Fiction Novel,1,246.48,0.2,,Cash On Delivery,Cancelled,197.18,False,False,unique,unique
ORD12164,Emily Hebert,Female,,makaylahall@example.org,588.646.5190,UNITED KINGDOM,Port Brian,West,18572.0,Home Office,Sports,Yoga Mat,2,98.58,0.0,,Cash On Delivery,Delivered,197.16,False,True,unique,unique
ORD12011,Brittney Hansen,Male,,,+1-934-692-6389,India,Michaelland,East,7449.0,Corporate,Beauty,Sunscreen SPF50,1,246.36,0.2,2024-03-20,Credit Card,Shipped,197.09,False,False,unique,unique
ORD11597,Stephanie Fry,Male,1965-04-15,utucker@example.com,001-700-501-9176,India,West Melissa,West,69916.0,Consumer,Sports,Cricket Bat,2,109.36,0.1,2023-06-24,Cash On Delivery,Delivered,196.85,False,True,unique,unique
ORD11172,William Smith,,,,714-675-3989x1370,India,West Mary,West,12735.0,Corporate,Beauty,Hair Serum,1,218.39,0.1,,Cash On Delivery,Cancelled,196.55,False,False,unique,unique
ORD11726,Dawn Blake,Male,,shirleyford@example.net,277.573.4265x875,United States,North Kevinshire,North,57858.0,Consumer,Sports,Cricket Bat,1,195.95,0.0,,Cash On Delivery,Returned,195.95,False,False,unique,unique
ORD12283,Mr. Matthew Gallagher,,,smithryan@example.org,,CANADA,Bergerland,East,18874.0,Consumer,Electronics,Bluetooth Speaker,1,244.85,0.2,2024-01-14,Credit Card,Pending,195.88,False,False,unique,unique
ORD11213,Matthew Williams,Male,1964-07-28,hilllaura@example.org,,India,Angelaland,North,44232.0,Corporate,Sports,Yoga Mat,2,108.81,0.1,2024-09-27,Upi,Shipped,195.86,False,True,unique,unique
ORD11955,Nicole Clark,Male,1998-07-21,youngcindy@example.org,(875)794-2501,United States,Diazmouth,West,62731.0,Home Office,Clothing,Formal Shirt,2,195.53,0.5,,Debit Card,Shipped,195.53,False,True,unique,unique
ORD11901,Jack George,Female,,,9269334922,United States,Brownmouth,East,76162.0,Consumer,Home & Kitchen,Blender,2,122.06,0.2,,Upi,Returned,195.3,False,True,unique,unique
ORD11091,Carrie Turner,Female,,hillshawn@example.org,,UNITED KINGDOM,Danielmouth,West,,Home Office,Electronics,USB-C Hub,1,195.29,0.0,,Net Banking,Returned,195.29,False,False,unique,unique
ORD12961,Mr. Richard Brown,Male,,drew87@example.com,001-587-700-0985x45069,United States,Rossborough,West,67997.0,Corporate,Beauty,Face Wash,1,195.1,0.0,,Debit Card,Delivered,195.1,False,False,unique,unique
ORD11053,Lauren Mann,Female,,robertchavez@example.org,,United States,Fritzchester,South,57583.0,Corporate,Beauty,Lipstick Set,1,195.0,0.0,2024-11-26,Net Banking,Shipped,195.0,False,False,unique,unique
ORD11334,Alicia Simmons,Female,,scott45@example.org,(273)978-7477x884,United States,Port Heidiview,East,,Consumer,Clothing,Running Shoes,1,243.23,0.2,,Cash On Delivery,Cancelled,194.58,False,False,unique,unique
ORD11544,Adam Carroll,,2002-07-17,peterpayne@example.org,001-275-353-7793x8546,United States,North Andrew,East,33814.0,Home Office,Home & Kitchen,Cushion Cover,1,387.56,0.5,2023-01-18,Credit Card,Shipped,193.78,False,False,unique,unique
ORD10628,Ricky Wagner,Male,,ruthneal@example.com,264.638.1300,UNITED STATES,East Jacobland,East,,Consumer,Books,Self-Help Book,1,193.7,0.0,,Credit Card,Cancelled,193.7,False,False,unique,unique
ORD12527,Victoria Lewis,Male,,diana01@example.org,,CANADA,Lake Carolineshire,North,11110.0,Home Office,Beauty,Sunscreen SPF50,5,38.73,0.0,,Credit Card,Delivered,193.65,False,True,unique,unique
ORD12987,Amy Kidd,Female,,sheltonmichael@example.net,694.447.4015x8668,India,Phamstad,East,,Home Office,Home & Kitchen,Blender,1,241.99,0.2,,Credit Card,Pending,193.59,False,False,unique,unique
ORD10638,Linda Floyd,Male,,christopher75@example.net,591.744.4498x35539,India,Jamesmouth,South,68353.0,Consumer,Books,Fiction Novel,2,193.43,0.5,,Credit Card,Returned,193.43,False,True,unique,unique
ORD11565,James Mason,Male,1981-03-12,kellyryan@example.com,914-427-8531x4198,United States,Clarkview,East,90422.0,Home Office,Beauty,Lipstick Set,1,214.86,0.1,,Cash On Delivery,Pending,193.37,False,False,unique,unique
ORD12866,Christopher Robertson,Male,,mitchelladam@example.com,959-821-8931x058,UNITED KINGDOM,Aguirreview,North,50298.0,Home Office,Beauty,Lipstick Set,1,386.34,0.5,,Debit Card,Shipped,193.17,False,False,unique,unique
ORD12684,Dr. Dustin Carpenter,Female,,barnesheather@example.net,(716)349-1907x044,United States,Robertsshire,North,24199.0,Consumer,Beauty,Lipstick Set,1,203.33,0.05,,Net Banking,Returned,193.16,False,False,unique,unique
ORD10565,Penny Hart,Male,,mcbridemichael@example.org,001-882-552-1293x289,United Kingdom,Brandonfurt,North,39363.0,Corporate,Clothing,Running Shoes,1,192.32,0.0,2023-10-12,Credit Card,Cancelled,192.32,False,False,unique,unique
ORD10137,Jennifer Garcia,Male,,theresaoconnor@example.com,+1-475-428-9539x2644,India,Lake Stacyfurt,West,74882.0,Home Office,Home & Kitchen,Non-stick Pan,3,64.1,0.0,,Cash On Delivery,Shipped,192.3,False,True,unique,unique
ORD11551,Melissa Cruz,Male,,,+1-265-537-1557x31052,CANADA,New Shawntown,North,87698.0,Consumer,Books,Kids Story Book,3,63.96,0.0,,Credit Card,Pending,191.88,False,True,unique,unique
ORD10793,Emma Chan,Male,,davidkane@example.com,6902016356,UNITED KINGDOM,Jacksonberg,North,36997.0,Consumer,Sports,Yoga Mat,1,201.92,0.05,,Credit Card,Cancelled,191.82,False,False,unique,unique
ORD12237,Alejandra Reese,,,destinyrojas@example.org,+1-452-656-3773x125,United States,Alyssafort,South,4688.0,Corporate,Sports,Dumbbell Set,1,191.62,0.0,,Net Banking,Returned,191.62,False,False,unique,unique
ORD10656,Anna Reyes,,,williamsalexander@example.org,,United States,South Ashley,West,,Consumer,Sports,Football,1,201.6,0.05,2023-11-01,Debit Card,Returned,191.52,False,False,duplicates,duplicates
ORD10197,Ryan Davis,,1996-05-04,michael88@example.com,(706)715-9399x824,India,Hamptonmouth,North,10778.0,Home Office,Books,Cook Book,1,191.45,0.0,,Cash On Delivery,Delivered,191.45,False,False,unique,unique
ORD11000,Gary Castillo,Female,,melissa04@example.org,374-212-5313x7956,CANADA,South Tracyborough,West,84696.0,Home Office,Clothing,Running Shoes,1,382.4,0.5,,Cash On Delivery,Pending,191.2,False,False,unique,unique
ORD10235,Andres Gutierrez,Female,,nathangallegos@example.com,984.221.5031,UNITED KINGDOM,Steinberg,North,25432.0,Consumer,Sports,Cricket Bat,1,382.21,0.5,,Upi,Shipped,191.1,False,False,unique,unique
ORD10536,Valerie Porter,Female,,monica23@example.com,001-210-906-8761x6481,India,Careyton,South,38900.0,Consumer,Electronics,USB-C Hub,1,190.96,0.0,,Cash On Delivery,Delivered,190.96,False,False,unique,unique
ORD10182,Jack Love,,,robertrivera@example.org,477.439.2603x0299,United States,New Dylanburgh,East,34351.0,Corporate,Sports,Football,1,381.58,0.5,,Debit Card,Pending,190.79,False,False,unique,unique
ORD10731,Jeanne Diaz,Male,,ystone@example.net,309-357-4430x34918,UNITED KINGDOM,Georgeburgh,South,,Consumer,Books,Fiction Novel,2,100.31,0.05,,Cash On Delivery,Cancelled,190.59,False,True,unique,unique
ORD10719,Zachary Velez,Male,,,792-406-1363,India,Simpsonshire,South,,Consumer,Electronics,USB-C Hub,1,237.27,0.2,,Credit Card,Returned,189.82,False,False,unique,unique
ORD10677,Crystal Hill,Male,,cainana@example.net,001-684-284-1604x615,India,North Clinton,South,77611.0,Consumer,Beauty,Face Wash,5,37.84,0.0,,Debit Card,Returned,189.2,False,True,unique,unique
ORD12962,Cory Nguyen,Female,,taradelgado@example.com,2629037602,India,South Johnbury,North,52353.0,Consumer,Beauty,Face Wash,2,105.06,0.1,,Credit Card,Pending,189.11,False,True,unique,unique
ORD10960,Jeremy Warner,Male,,jesse62@example.com,875-328-6461x209,India,Stokesbury,West,3967.0,Home Office,Sports,Dumbbell Set,2,111.15,0.15,,Credit Card,Returned,188.96,False,True,unique,unique
ORD12695,Holly Mcgee,Male,,stoutcynthia@example.net,,CANADA,New Keithtown,North,14736.0,Consumer,Home & Kitchen,LED Lamp,1,198.78,0.05,,Cash On Delivery,Pending,188.84,False,False,unique,unique
ORD12083,Lisa Ward,Female,,reginaldevans@example.org,(909)847-0544,United States,Williamborough,East,80498.0,Corporate,Clothing,Women's Jeans,1,222.14,0.15,,Cash On Delivery,Delivered,188.82,False,False,unique,unique
ORD10154,Donald Juarez,Male,,tracygallagher@example.org,(296)566-6760,United Kingdom,Stephaniemouth,West,99702.0,Consumer,Books,Kids Story Book,1,188.66,0.0,,Upi,Delivered,188.66,False,False,unique,unique
ORD10014,Benjamin Sanchez,Female,,,384.498.0841x241,United States,Juanborough,South,94559.0,Corporate,Home & Kitchen,LED Lamp,1,221.9,0.15,2023-09-08,Debit Card,Delivered,188.62,False,False,unique,unique
ORD10106,Regina Rivera,Male,,kevinmorrison@example.net,575.726.5479,India,Ramirezfurt,North,48344.0,Consumer,Books,Fiction Novel,1,209.13,0.1,2023-03-25,Credit Card,Cancelled,188.22,False,False,unique,unique
ORD12786,Colleen Rivera,,,nealmichael@example.org,+1-949-340-0746x7239,United Kingdom,New Tanyaberg,South,13117.0,Consumer,Sports,Yoga Mat,5,75.28,0.5,,Debit Card,Delivered,188.2,False,True,unique,unique
ORD10876,Richard Ellis,Female,,wscott@example.net,+1-894-964-1839x841,India,West Mary,East,68525.0,Home Office,Electronics,Laptop Stand,2,188.05,0.5,,Cash On Delivery,Returned,188.05,False,True,unique,unique
ORD12550,Brenda White,,,tiffanysolomon@example.org,001-640-723-4203x3873,UNITED KINGDOM,West Mary,East,,Corporate,Beauty,Face Wash,1,197.49,0.05,2024-08-02,Credit  Card,Cancelled,187.62,False,False,unique,unique
ORD10537,Molly Williams,Male,,hpatterson@example.org,(549)912-5652,UNITED KINGDOM,West Colton,South,84653.0,Home Office,Electronics,Laptop Stand,1,220.56,0.15,,Debit Card,Shipped,187.48,False,False,unique,unique
ORD12783,Amy Frazier,Male,,smithjoseph@example.net,+1-226-258-2165x51462,India,New Zoeside,South,98631.0,Consumer,Electronics,Bluetooth Speaker,5,37.33,0.0,,Upi,Cancelled,186.65,False,True,unique,unique
ORD12892,Andrew Singh,Female,,cookjoshua@example.org,(303)956-2706x10500,United States,New Courtneybury,North,,Home Office,Electronics,Laptop Stand,2,103.62,0.1,,Net Banking,Shipped,186.52,False,True,unique,unique
ORD11841,Paul Buchanan,Female,,vegalawrence@example.org,215.200.7601x751,India,Gainesside,North,33324.0,Consumer,Electronics,Wireless Mouse,2,93.06,0.0,,Credit Card,Pending,186.12,False,True,unique,unique
ORD12572,Ms. Nicole Hanson,,,kendrahoffman@example.org,,UNITED KINGDOM,New Alexander,West,3027.0,Corporate,Beauty,Sunscreen SPF50,1,195.59,0.05,,Cash On Delivery,Delivered,185.81,False,False,unique,unique
ORD12191,Crystal Mason,Female,,millernatalie@example.org,+1-979-268-5462x116,United States,South Frankhaven,North,18445.0,Home Office,Clothing,Men's T-Shirt,1,370.75,0.5,,Cash On Delivery,Delivered,185.38,False,False,unique,unique
ORD12188,Mark Ramos,Male,,thomaswesley@example.net,(433)487-9081x32208,United States,West Julianport,South,86852.0,Home Office,Clothing,Women's Jeans,1,217.94,0.15,,Upi,Delivered,185.25,False,False,unique,unique
ORD10040,Stacy Freeman,Female,,younggabrielle@example.com,216.711.7240,United States,West Michaelchester,East,19581.0,Corporate,Clothing,Running Shoes,1,194.88,0.05,2023-06-28,Cash On Delivery,Pending,185.14,False,False,unique,unique
ORD11466,Nathan Stafford,Male,,jameselliott@example.com,+1-671-225-5935x02767,United Kingdom,Turnerberg,South,20560.0,Consumer,Beauty,Lipstick Set,1,231.4,0.2,,Upi,Pending,185.12,False,False,unique,unique
ORD10160,Karen Fisher,Male,,danielhorton@example.org,(816)797-9729,CANADA,Port Gabrielleberg,North,,Corporate,Electronics,Bluetooth Speaker,1,230.94,0.2,,Debit Card,Pending,184.75,False,False,unique,unique
ORD12125,Heather West,Female,,,6557525177,CANADA,Floresfurt,North,40875.0,Consumer,Books,Fiction Novel,1,230.77,0.2,,Upi,Pending,184.62,False,False,unique,unique
ORD10600,James Jackson,Male,,sarah99@example.org,607.895.5151x229,United Kingdom,North Victoria,East,88175.0,Corporate,Beauty,Sunscreen SPF50,3,72.38,0.15,2023-05-24,Debit Card,Shipped,184.57,False,True,unique,unique
ORD11346,Samantha Holmes,Female,,jmorse@example.org,001-892-214-7498x474,India,Gregbury,South,,Consumer,Sports,Dumbbell Set,1,368.68,0.5,,Net Banking,Cancelled,184.34,False,False,unique,unique
ORD12477,Emily Little,,,glenmiller@example.org,,United States,North Gabrielside,North,69108.0,Consumer,Clothing,Winter Jacket,1,184.33,0.0,,Net Banking,Pending,184.33,False,False,unique,unique
ORD10743,Joseph Jimenez,Male,,uzimmerman@example.org,001-788-832-2012,India,New Jacobton,West,,Home Office,Home & Kitchen,Non-stick Pan,1,204.62,0.1,,Net Banking,Cancelled,184.16,False,False,unique,unique
ORD12867,Sarah Cruz,Male,,greendorothy@example.net,+1-574-210-5663x26246,UNITED STATES,Port Matthew,North,99268.0,Home Office,Books,Cook Book,2,102.21,0.1,,Upi,Shipped,183.98,False,True,unique,unique
ORD11355,Jeffrey Weaver,,,jacob28@example.com,001-360-232-0877x8347,United Kingdom,Whiteside,North,30327.0,Consumer,Home & Kitchen,Storage Box,1,193.2,0.05,2024-08-24,Upi,Cancelled,183.54,False,False,unique,unique
ORD11222,Andrew Cobb,Male,2004-04-11,courtney13@example.com,(333)647-0407,United States,Romanmouth,South,83548.0,Corporate,Books,Fiction Novel,1,366.92,0.5,,Credit  Card,Cancelled,183.46,False,False,unique,unique
ORD11723,Kathy Casey,Male,,kelly99@example.com,+1-379-617-8220x08100,United States,New Lisa,East,88031.0,Consumer,Home & Kitchen,Cushion Cover,1,183.27,0.0,2023-10-31,Debit Card,Delivered,183.27,False,False,unique,unique
ORD10943,Brett Young,Female,,vhunter@example.com,626-809-7236x024,CANADA,Kelseychester,South,,Corporate,Beauty,Face Wash,2,101.64,0.1,,Cash On Delivery,Delivered,182.95,False,True,unique,unique
ORD11324,Craig Dawson,Female,1976-01-13,youngjaime@example.net,001-395-428-5023,UNITED STATES,Edwardsburgh,West,,Corporate,Beauty,Lipstick Set,5,38.5,0.05,,Upi,Delivered,182.88,False,True,unique,unique
ORD11131,Jose Vazquez,Male,1961-02-19,sethsanders@example.com,322-489-8907x49935,UNITED KINGDOM,Matthewfort,West,63451.0,Corporate,Beauty,Lipstick Set,2,91.06,0.0,,Upi,Pending,182.12,False,True,unique,unique
ORD11973,Joseph Cherry,Female,,timothyolsen@example.net,001-433-233-5694,India,New Josephmouth,North,59188.0,Consumer,Sports,Yoga Mat,1,182.05,0.0,2023-10-15,Cash On Delivery,Cancelled,182.05,False,False,unique,unique
ORD10072,Billy Taylor,Female,1978-03-19,,543-610-2786x81447,CANADA,Gonzalezberg,North,10207.0,Consumer,Home & Kitchen,LED Lamp,1,181.76,0.0,,Cash On Delivery,Delivered,181.76,False,False,unique,unique
ORD10009,Jeffrey Henderson,Female,,nuneztracey@example.org,4658133387,UNITED STATES,West Steven,North,10381.0,Corporate,Clothing,Formal Shirt,1,363.06,0.5,,Cash On Delivery,Pending,181.53,False,False,unique,unique
ORD12067,Jeffrey Jefferson,Male,,nlynn@example.com,953-247-4392,India,East Brianside,North,6368.0,Home Office,Clothing,Formal Shirt,1,181.31,0.0,,Upi,Delivered,181.31,False,False,unique,unique
ORD10970,Courtney Phelps,Female,,hhanna@example.org,470.856.4616x076,CANADA,Jefferyhaven,North,93985.0,Home Office,Home & Kitchen,LED Lamp,3,60.41,0.0,,Credit Card,Shipped,181.23,False,True,unique,unique
ORD10224,Andrew Duran,Female,,stephanie33@example.org,827-297-5736,India,Cortezfurt,South,80652.0,Corporate,Home & Kitchen,Cushion Cover,1,200.93,0.1,2024-11-16,Net Banking,Pending,180.84,False,False,unique,unique
ORD12575,Melissa Sellers,Male,,dylansalinas@example.net,+1-574-678-3019x44108,India,Johnmouth,North,33027.0,Corporate,Clothing,Men's T-Shirt,2,112.84,0.2,,Net Banking,Cancelled,180.54,False,True,unique,unique
ORD12708,Kenneth Williams,Female,,,001-846-506-5349x30966,India,Carriechester,North,49777.0,Consumer,Home & Kitchen,LED Lamp,2,112.82,0.2,2024-09-24,Net Banking,Delivered,180.51,False,True,unique,unique
ORD12929,Clifford Butler,Male,,jonesallison@example.org,546.670.0616,CANADA,Allenland,North,4343.0,Consumer,Beauty,Lipstick Set,2,180.16,0.5,,Net Banking,Pending,180.16,False,True,unique,unique
ORD11617,Madison Mccall Dds,Male,,ldoyle@example.com,306-496-3749,India,New Robertaton,West,51063.0,Consumer,Home & Kitchen,Blender,2,179.38,0.5,,Net Banking,Shipped,179.38,False,True,unique,unique
ORD10086,Jon Zuniga,Female,2006-10-13,nancy04@example.net,+1-515-347-8872x874,India,Franciscomouth,South,85473.0,Consumer,Electronics,Wireless Mouse,1,358.23,0.5,,Net Banking,Shipped,179.12,False,False,unique,unique
ORD10296,Ana Torres,,,ryanbenjamin@example.net,(398)964-0790x56965,India,Lake Emilymouth,South,,Consumer,Electronics,Laptop Stand,1,223.24,0.2,,Net Banking,Delivered,178.59,False,False,unique,unique
ORD11546,Julie Alexander,Female,1967-06-24,michaelhurley@example.org,001-674-531-6032x503,India,Stacieberg,South,60784.0,Home Office,Books,Kids Story Book,2,105.04,0.15,,Debit Card,Pending,178.57,False,True,unique,unique
ORD12790,Chelsea Johnson,Male,,codyjacobs@example.org,685-664-5044x6240,India,South Sarahland,West,,Corporate,Home & Kitchen,Storage Box,1,210.03,0.15,2023-11-07,Net Banking,Delivered,178.53,False,False,unique,unique
ORD10084,Kimberly Huang,Female,,stephanie24@example.org,315-574-7338x4842,United States,North Elizabeth,West,,Consumer,Sports,Cricket Bat,2,111.5,0.2,2024-01-23,Debit Card,Pending,178.4,False,True,unique,unique
ORD11717,Jacob Lewis,,,heather91@example.org,001-932-631-8667x9066,CANADA,Olsonberg,West,,Corporate,Clothing,Formal Shirt,2,111.41,0.2,,Credit  Card,Returned,178.26,False,True,unique,unique
ORD10349,Anthony Horn,Male,1979-11-18,mhall@example.net,+1-707-567-6991x507,India,North Alexanderland,North,,Home Office,Beauty,Lipstick Set,5,35.43,0.0,,Credit Card,Shipped,177.15,False,True,unique,unique
ORD12989,Megan Duncan,Female,,emilylawrence@example.org,,UNITED STATES,Billymouth,West,63789.0,Corporate,Books,Self-Help Book,1,177.15,0.0,,Credit Card,Delivered,177.15,False,False,unique,unique
ORD11372,Ronald Crawford,Male,,michaelheath@example.com,,India,East Charles,West,49957.0,Corporate,Electronics,Earbuds,1,177.1,0.0,,Cash On Delivery,Delivered,177.1,False,False,unique,unique
ORD10028,Catherine Lewis,Male,,,949-948-0831x36783,India,Mcguireland,South,,Home Office,Books,Fiction Novel,1,176.87,0.0,,Net Banking,Returned,176.87,False,False,unique,unique
ORD11795,Tyler Underwood,Male,,carrie82@example.org,,CANADA,East Stephanie,North,24798.0,Corporate,Electronics,Bluetooth Speaker,1,185.86,0.05,,Net Banking,Pending,176.57,False,False,unique,unique
ORD11243,Kenneth Phillips,Male,1976-10-25,changbethany@example.net,546.485.6066x99261,CANADA,Caseyfort,West,,Home Office,Books,Fiction Novel,1,352.8,0.5,,Debit Card,Delivered,176.4,False,False,unique,unique
ORD12403,Daniel Jones Md,,,daniel91@example.net,380-600-0013x302,India,West Ruthland,South,12776.0,Consumer,Home & Kitchen,Blender,2,88.19,0.0,,Debit Card,Delivered,176.38,False,True,unique,unique
ORD10422,Colleen Miller,Female,1977-12-17,victoriasmith@example.net,521.505.5247x2863,CANADA,Lake Devinberg,East,49975.0,Corporate,Home & Kitchen,Storage Box,1,175.86,0.0,,Credit  Card,Returned,175.86,False,False,unique,unique
ORD11707,Stephanie Ayala,Male,,bairdaaron@example.com,,India,East Brandimouth,North,9977.0,Home Office,Clothing,Formal Shirt,2,87.9,0.0,,Credit Card,Delivered,175.8,False,True,unique,unique
ORD12036,Elizabeth Thomas,,1996-01-13,georgeallen@example.org,420.400.1327,CANADA,Eileenmouth,South,8545.0,Home Office,Books,Cook Book,2,103.26,0.15,,Cash On Delivery,Cancelled,175.54,False,True,unique,unique
ORD12945,Tracy Jones,,,rjames@example.org,451-564-4659,India,Watersfort,East,74091.0,Corporate,Clothing,Winter Jacket,1,205.94,0.15,,Credit Card,Shipped,175.05,False,False,unique,unique
ORD11887,Jeremy Flores,Male,1965-11-14,michaellucas@example.org,7313867207,UNITED STATES,Joshuastad,North,54797.0,Consumer,Sports,Football,1,350.08,0.5,,Credit Card,Cancelled,175.04,False,False,unique,unique
ORD10208,Mr. Edward Terry,Female,,amymorris@example.com,998-221-8274x485,UNITED KINGDOM,Grosstown,West,81730.0,Home Office,Electronics,Laptop Stand,1,194.42,0.1,,Upi,Returned,174.98,False,False,unique,unique
ORD11039,Suzanne Miller,Female,1965-01-10,harrisonvincent@example.com,001-526-455-9469x89062,India,Hardybury,West,86191.0,Corporate,Clothing,Winter Jacket,1,349.71,0.5,,Cash On Delivery,Returned,174.86,False,False,unique,unique
ORD12128,Keith Lozano,Female,,rose84@example.com,+1-852-936-4941x10020,CANADA,Francisport,West,8165.0,Consumer,Beauty,Lipstick Set,1,174.04,0.0,,Cash On Delivery,Cancelled,174.04,False,False,unique,unique
ORD12590,Kathleen Fletcher,,,,983-650-0228,United States,Lake Alyssafort,East,49256.0,Consumer,Beauty,Lipstick Set,5,69.44,0.5,2024-12-17,Net Banking,Pending,173.6,False,True,unique,unique
ORD10808,Adam Snyder,Female,,jonathan62@example.com,478-542-9029,United States,West Mark,East,12985.0,Home Office,Electronics,Wireless Mouse,2,86.75,0.0,,Credit Card,Pending,173.5,False,True,unique,unique
ORD10256,Aaron Zimmerman,,,ugraham@example.org,,United States,North Patrick,North,,Consumer,Sports,Dumbbell Set,2,173.36,0.5,,Credit  Card,Delivered,173.36,False,True,unique,unique
ORD11004,Devon Owen,Male,,john16@example.org,+1-377-600-4093x0454,UNITED STATES,Port Johnside,South,20110.0,Corporate,Beauty,Sunscreen SPF50,1,182.28,0.05,,Upi,Shipped,173.17,False,False,duplicates,duplicates
ORD12971,Joshua Williams,Male,,sarahcole@example.org,,India,South Cristianville,South,14343.0,Corporate,Beauty,Hair Serum,2,108.17,0.2,2023-04-08,Cash On Delivery,Delivered,173.07,False,True,unique,unique
ORD10846,Tammy Mcgee,,1975-05-10,kristen49@example.org,(699)893-9344x9743,United States,Andreside,North,,Consumer,Sports,Dumbbell Set,1,345.98,0.5,,Credit  Card,Pending,172.99,False,False,unique,unique
ORD10735,Rebecca Stewart,Male,,,+1-442-282-4911x650,United States,North Ericport,South,49325.0,Consumer,Clothing,Formal Shirt,1,172.86,0.0,,Debit Card,Shipped,172.86,False,False,unique,unique
ORD11440,Catherine Johnson,,,taylorfleming@example.com,001-704-783-6481x16595,UNITED STATES,Garrettbury,East,,Consumer,Clothing,Formal Shirt,1,172.6,0.0,,Cash On Delivery,Shipped,172.6,False,False,unique,unique
ORD11535,Diana Bender,Female,,andrea67@example.org,864.942.6244x70498,CANADA,North Lindaville,West,66309.0,Corporate,Home & Kitchen,Cushion Cover,5,40.59,0.15,2023-12-05,Debit Card,Shipped,172.51,False,True,unique,unique
ORD13000,Sarah Malone,Female,,gpeters@example.net,(959)583-3991,India,Masonview,East,21311.0,Consumer,Books,Self-Help Book,2,101.37,0.15,,Cash On Delivery,Pending,172.33,False,True,unique,unique
ORD12005,Ashley Valdez,Female,,,001-273-391-2983x58448,India,South Thomas,East,18256.0,Corporate,Clothing,Men's T-Shirt,1,202.69,0.15,,Cash On Delivery,Cancelled,172.29,False,False,unique,unique
ORD12422,Daniel Bullock,Male,,wjackson@example.net,,India,Ballport,West,46906.0,Corporate,Books,Cook Book,2,171.73,0.5,,Credit Card,Delivered,171.73,False,True,unique,unique
ORD10336,Chelsey Alvarez,Female,,barrettamanda@example.org,933-297-1895x690,India,Samuelchester,West,3654.0,Home Office,Electronics,Wireless Mouse,2,85.66,0.0,,Credit Card,Returned,171.32,False,True,unique,unique
ORD11402,Tracy Patterson,Male,1986-01-03,josenixon@example.net,+1-939-503-9799,UNITED STATES,North Heather,East,3496.0,Corporate,Beauty,Face Wash,1,341.91,0.5,,Cash On Delivery,Returned,170.96,False,False,unique,unique
ORD12054,James Holland,Male,,alex47@example.org,753-210-7371x22072,UNITED STATES,Manuelburgh,South,39906.0,Consumer,Electronics,USB-C Hub,1,213.5,0.2,2024-11-07,Debit Card,Shipped,170.8,False,False,unique,unique
ORD12644,Jeffrey Evans,Male,1974-11-10,dylan14@example.org,001-565-262-6160x464,United States,South Ethanmouth,North,52064.0,Home Office,Electronics,Laptop Stand,1,341.54,0.5,,Cash On Delivery,Returned,170.77,False,False,unique,unique
ORD11536,Crystal Moore,,,schwartzdonna@example.org,001-207-532-4668x99749,United States,West Laurenbury,South,67796.0,Corporate,Clothing,Women's Jeans,1,341.39,0.5,,Debit Card,Delivered,170.7,False,False,unique,unique
ORD12960,Mr. Anthony Gonzalez,Male,,justin80@example.com,(376)446-2906x5165,CANADA,Floresview,South,62949.0,Consumer,Beauty,Hair Serum,1,179.42,0.05,,Debit Card,Returned,170.45,False,False,unique,unique
ORD12364,Samuel Whitaker,Male,,blakesolomon@example.net,427.556.2202x175,United Kingdom,West Jamestown,West,15905.0,Corporate,Electronics,Smartwatch,1,170.11,0.0,,Net Banking,Shipped,170.11,False,False,unique,unique
ORD10966,Thomas Atkins,Male,,,451-796-2822x25018,CANADA,Jacksonport,East,,Consumer,Beauty,Lipstick Set,1,170.1,0.0,2023-11-23,Credit Card,Shipped,170.1,False,False,unique,unique
ORD11341,Peter Reed,,1979-01-04,elizabeth20@example.com,764-315-3740,United Kingdom,East Stephen,North,80796.0,Home Office,Electronics,Smartwatch,1,212.38,0.2,,Upi,Pending,169.9,False,False,unique,unique
ORD12224,Daniel Hanna,Male,,kellercrystal@example.com,277.513.2020x61392,India,Port Alexandriamouth,South,56247.0,Consumer,Clothing,Formal Shirt,1,211.98,0.2,,Credit  Card,Shipped,169.58,False,False,unique,unique
ORD11947,Joshua Thompson,Male,,seanschultz@example.net,+1-885-793-0822x7814,United States,New Levi,East,,Home Office,Beauty,Hair Serum,1,188.25,0.1,,Debit Card,Shipped,169.42,False,False,unique,unique
ORD12481,Bonnie Atkins,Female,,,,India,New Stephen,North,17742.0,Consumer,Books,Fiction Novel,3,66.44,0.15,2024-07-26,Credit Card,Returned,169.42,False,True,unique,unique
ORD10003,Matthew Mejia,Female,,michellejames@example.com,+1-952-855-3419x2832,India,Veronicaside,South,29286.0,Home Office,Books,Cook Book,1,188.24,0.1,,Net Banking,Cancelled,169.42,False,False,unique,unique
ORD12561,Matthew Andrews,Female,,zsantana@example.org,950-281-0866,India,Sarahberg,East,97142.0,Home Office,Clothing,Formal Shirt,2,84.62,0.0,,Upi,Delivered,169.24,False,True,unique,unique
ORD11517,Daniel Johnson,Male,,smithemily@example.net,001-372-847-2542x654,India,New Gregory,South,,Corporate,Home & Kitchen,Blender,2,93.76,0.1,,Debit Card,Pending,168.77,False,True,unique,unique
ORD10479,Gregory Rios,Female,1972-04-28,david67@example.net,911-648-3753,United States,Kimberlyport,South,86175.0,Home Office,Electronics,Bluetooth Speaker,1,336.9,0.5,,Upi,Delivered,168.45,False,False,unique,unique
ORD11653,Daniel Terry,Female,,,001-859-336-0194x12706,India,Emilychester,East,5001.0,Consumer,Sports,Cricket Bat,3,112.21,0.5,2024-05-29,Debit Card,Pending,168.32,False,True,unique,unique
ORD11824,Xavier Elliott,Male,,priceshirley@example.com,001-250-372-5925,United States,Obrienstad,North,56480.0,Consumer,Home & Kitchen,Cushion Cover,1,168.2,0.0,2024-03-23,Credit Card,Cancelled,168.2,False,False,unique,unique
ORD10335,Jerry Cole,Female,,christopher99@example.com,(336)358-0741x2094,India,New Amber,West,99803.0,Home Office,Books,Cook Book,1,168.07,0.0,,Cash On Delivery,Shipped,168.07,False,False,unique,unique
ORD10017,Cynthia Martin,Male,,nicolejohnson@example.net,563-542-1607x33754,India,Lake Jamesmouth,West,,Home Office,Beauty,Lipstick Set,2,83.8,0.0,,Upi,Cancelled,167.6,False,True,unique,unique
ORD12431,Gregory Kemp,,,kellysmith@example.net,+1-795-392-0851,United States,East Debbie,West,67377.0,Corporate,Clothing,Men's T-Shirt,3,111.69,0.5,,Cash On Delivery,Pending,167.54,False,True,unique,unique
ORD11178,Lisa Scott,Female,,,,India,South Isabellatown,North,57285.0,Home Office,Sports,Football,1,196.91,0.15,,Cash On Delivery,Cancelled,167.37,False,False,unique,unique
ORD11965,Victoria Phillips,Male,1986-06-25,marcusjohnson@example.net,+1-949-404-4474x270,UNITED STATES,Kevinmouth,North,95704.0,Home Office,Beauty,Hair Serum,1,196.46,0.15,,Cash On Delivery,Pending,166.99,False,False,unique,unique
ORD10775,Jasmine Brown,Male,1997-02-06,rodriguezbrianna@example.com,978.423.1299x5704,India,Sparksburgh,West,84202.0,Corporate,Home & Kitchen,Cushion Cover,3,55.6,0.0,,Debit Card,Delivered,166.8,False,True,unique,unique
ORD11590,Christine Ortiz,Female,,rebecca08@example.com,492-756-2972x66923,United Kingdom,Navarroburgh,East,,Home Office,Books,Cook Book,1,195.93,0.15,,Cash On Delivery,Returned,166.54,False,False,unique,unique
ORD11891,Jessica Martinez,Female,,ryanberg@example.org,690-841-1797x79631,CANADA,Johnsonfurt,North,88725.0,Corporate,Sports,Dumbbell Set,2,103.85,0.2,2023-02-05,Credit Card,Delivered,166.16,False,True,unique,unique
ORD12669,Charlene Walker,Female,,brandywhite@example.com,3198761032,United States,Melissahaven,East,93090.0,Home Office,Electronics,Wireless Mouse,1,174.81,0.05,,Debit Card,Returned,166.07,False,False,unique,unique
ORD10795,Jacqueline Olson,,,sherry01@example.org,001-450-892-7115,United States,Lake Nicolestad,North,30308.0,Consumer,Home & Kitchen,Blender,1,331.87,0.5,,Credit Card,Cancelled,165.94,False,False,unique,unique
ORD11018,Mark Hansen Md,Male,,gloria02@example.org,001-777-818-4301x9220,India,Allenborough,West,19330.0,Home Office,Clothing,Men's T-Shirt,1,195.05,0.15,2024-05-18,Credit Card,Pending,165.79,False,False,unique,unique
ORD11391,Amy Ortiz,Female,,hernandezrussell@example.net,883.495.7164,CANADA,Port Jennifertown,East,25262.0,Corporate,Electronics,Wireless Mouse,1,183.94,0.1,2024-05-13,Cash On Delivery,Cancelled,165.55,False,False,unique,unique
ORD11479,Timothy Cobb,Male,,uparks@example.net,001-876-957-8680x05512,UNITED KINGDOM,Greenview,West,,Consumer,Sports,Yoga Mat,1,173.62,0.05,,Credit  Card,Delivered,164.94,False,False,unique,unique
ORD10757,Leroy Shaw,,1999-05-17,deborah97@example.com,+1-687-331-3797x166,United Kingdom,Odonnellville,North,19957.0,Consumer,Home & Kitchen,Non-stick Pan,1,206.08,0.2,,Cash On Delivery,Returned,164.86,False,False,unique,unique
ORD10652,Nicole Banks,Male,,douglaslester@example.com,,United States,Tommymouth,West,93940.0,Consumer,Home & Kitchen,Blender,1,164.79,0.0,2023-12-06,Debit Card,Shipped,164.79,False,False,unique,unique
ORD10746,Wendy Miller,Female,,hdavis@example.org,(302)321-3217x6720,United States,North Patrickville,South,17475.0,Corporate,Beauty,Lipstick Set,1,205.47,0.2,,Upi,Delivered,164.38,False,False,unique,unique
ORD12134,Lisa Garner,Female,,ecaldwell@example.org,(696)554-4190,India,Marshallton,West,22384.0,Corporate,Clothing,Women's Jeans,1,327.0,0.5,,Debit Card,Shipped,163.5,False,False,unique,unique
ORD10149,Cindy Walker,Female,1971-05-28,josephortiz@example.org,001-707-922-9034x94466,United Kingdom,Jefferyport,West,89262.0,Home Office,Clothing,Formal Shirt,1,192.3,0.15,,Cash On Delivery,Delivered,163.46,False,False,unique,unique
ORD10579,Nathan Hudson,Female,,reevestravis@example.net,001-726-237-4845x39862,India,Lake Karenshire,South,16188.0,Corporate,Home & Kitchen,Cushion Cover,2,163.41,0.5,2024-07-19,Net Banking,Cancelled,163.41,False,True,unique,unique
ORD10855,Barbara Santana,Female,1998-03-14,sarah07@example.com,,India,Port Timothy,West,80449.0,Consumer,Electronics,Laptop Stand,1,171.94,0.05,,Debit Card,Pending,163.34,False,False,unique,unique
ORD11822,Jordan Hawkins,Female,,mckenzie26@example.com,8366698027,United States,Amberport,East,26262.0,Home Office,Books,Kids Story Book,1,163.32,0.0,,Credit  Card,Cancelled,163.32,False,False,unique,unique
ORD11384,Laura Walter,Male,,brittneykelly@example.com,,United States,Pattersonmouth,North,38994.0,Home Office,Electronics,USB-C Hub,5,36.25,0.1,2023-04-11,Credit Card,Pending,163.12,False,True,unique,unique
ORD11107,Doris Rios,Female,,jerrycarr@example.org,247-682-3372,CANADA,Calebfurt,West,64495.0,Consumer,Sports,Dumbbell Set,1,326.18,0.5,2023-10-20,Upi,Shipped,163.09,False,False,unique,unique
ORD12372,Eric Rojas,Male,,xfrye@example.com,(895)578-7351,UNITED STATES,North Shelia,North,24081.0,Corporate,Sports,Football,5,65.16,0.5,,Credit Card,Pending,162.9,False,True,unique,unique
ORD10576,Veronica Francis,Female,,linda46@example.com,,United States,Rachelbury,North,42464.0,Corporate,Beauty,Face Wash,1,162.83,0.0,,Credit Card,Pending,162.83,False,False,unique,unique
ORD11956,Mark Peters,Female,,wcaldwell@example.org,260-855-7384x10960,UNITED KINGDOM,Claytonchester,West,88849.0,Consumer,Beauty,Lipstick Set,1,203.51,0.2,2024-09-20,Debit Card,Cancelled,162.81,False,False,unique,unique
ORD10551,Rebecca Decker,Male,,allen60@example.net,387-949-5119x18182,India,Port Charles,South,90148.0,Consumer,Clothing,Winter Jacket,2,85.56,0.05,2023-11-11,Cash On Delivery,Shipped,162.56,False,True,unique,unique
ORD12732,Keith Gates,Female,,zanderson@example.org,9665754905,India,East Stephenbury,South,62451.0,Home Office,Beauty,Hair Serum,1,170.65,0.05,,Credit Card,Shipped,162.12,False,False,unique,unique
ORD11892,Luis Wilcox,Male,,cassieconrad@example.org,4876884779,CANADA,South Michael,South,53358.0,Home Office,Clothing,Men's T-Shirt,1,180.04,0.1,,Credit Card,Returned,162.04,False,False,unique,unique
ORD11021,Danielle Frey,Female,,jeremyyates@example.net,242-934-7199x829,India,Loriland,West,43526.0,Corporate,Home & Kitchen,Storage Box,1,190.31,0.15,,Credit Card,Shipped,161.76,False,False,unique,unique
ORD12676,Sarah Newton,Female,,lyonsjeanette@example.net,001-998-211-7213,United Kingdom,Lake Ryan,West,9850.0,Home Office,Clothing,Men's T-Shirt,5,64.7,0.5,,Net Banking,Cancelled,161.75,False,True,unique,unique
ORD11905,Rebecca Blackwell,Female,,amartin@example.com,235.600.6455,India,New Patricia,South,5962.0,Corporate,Beauty,Face Wash,1,201.44,0.2,,Credit  Card,Returned,161.15,False,False,unique,unique
ORD12670,Brittany Caldwell,Female,,donna19@example.org,,CANADA,Lake Bryan,East,,Corporate,Electronics,Bluetooth Speaker,1,322.12,0.5,,Cash On Delivery,Returned,161.06,False,False,unique,unique
ORD10205,Kelly Hendrix,Male,1983-04-18,sharon20@example.net,,India,West Timothyport,West,26548.0,Home Office,Books,Fiction Novel,1,321.94,0.5,2023-09-21,Cash On Delivery,Shipped,160.97,False,False,unique,unique
ORD10920,Angela Bond,Male,,qcastillo@example.com,500.809.9843,India,North Jenniferbury,North,,Corporate,Electronics,Bluetooth Speaker,1,189.2,0.15,2024-11-26,Net Banking,Cancelled,160.82,False,False,unique,unique
ORD10539,Jeremiah Phillips,Male,,dwaynecarter@example.com,830-939-4290x458,UNITED STATES,West Dawn,North,,Consumer,Sports,Dumbbell Set,1,178.47,0.1,,Credit Card,Returned,160.62,False,False,unique,unique
ORD11452,Richard Harvey,,1973-04-17,brooke09@example.com,301-702-7607,India,South Kerryhaven,East,,Consumer,Beauty,Lipstick Set,1,200.21,0.2,2023-07-11,Net Banking,Cancelled,160.17,False,False,unique,unique
ORD10186,Susan Hood,Female,1988-04-02,,(324)273-1498x64300,CANADA,Penamouth,South,54089.0,Corporate,Beauty,Sunscreen SPF50,1,177.95,0.1,,Debit Card,Returned,160.16,False,False,unique,unique
ORD10649,Christopher Ferguson,Female,,nguyengeorge@example.com,708.680.6220x72239,CANADA,Sanchezburgh,South,93589.0,Corporate,Beauty,Sunscreen SPF50,1,160.16,0.0,,Net Banking,Returned,160.16,False,False,unique,unique
ORD12041,Angela Porter,Male,,jenniferrobinson@example.net,6626709401,United Kingdom,East Larryburgh,West,,Consumer,Home & Kitchen,Blender,1,319.78,0.5,2024-03-06,Debit Card,Delivered,159.89,False,False,unique,unique
ORD10063,Curtis Jacobs,Female,,davidsonmorgan@example.net,481-841-2478,United States,East Lisastad,North,3996.0,Corporate,Beauty,Face Wash,1,187.53,0.15,2023-10-30,Net Banking,Shipped,159.4,False,False,unique,unique
ORD11186,David Mitchell,Female,1984-09-18,devon53@example.com,001-674-403-7676x8740,UNITED KINGDOM,Port Timothymouth,South,,Corporate,Electronics,Bluetooth Speaker,3,106.23,0.5,,Cash On Delivery,Pending,159.34,False,True,unique,unique
ORD10797,Justin Lewis,Female,2001-10-04,david44@example.com,001-216-619-8273x48131,UNITED KINGDOM,Brandonstad,North,74095.0,Home Office,Electronics,Bluetooth Speaker,2,99.42,0.2,,Debit Card,Pending,159.07,False,True,unique,unique
ORD11638,Natalie Solomon,Male,,salinaskyle@example.org,570.673.4603x161,India,Lake Tonyberg,South,,Home Office,Home & Kitchen,Storage Box,3,52.96,0.0,,Debit Card,Shipped,158.88,False,True,unique,unique
ORD12651,Amy Carey,Male,,oconnordawn@example.com,6585809592,UNITED KINGDOM,West Virginiahaven,East,32766.0,Home Office,Clothing,Winter Jacket,2,93.34,0.15,,Credit  Card,Pending,158.68,False,True,unique,unique
ORD11606,Angela Wright,Male,,rayrobin@example.org,,India,Lorimouth,South,92081.0,Consumer,Electronics,USB-C Hub,3,58.64,0.1,,Credit Card,Returned,158.33,False,True,unique,unique
ORD10828,Carlos Jordan,Female,,dlopez@example.org,240-705-2781,UNITED KINGDOM,Debraton,East,5267.0,Home Office,Home & Kitchen,Cushion Cover,1,158.33,0.0,,Debit Card,Returned,158.33,False,False,unique,unique
ORD12385,James Weber Md,Female,,chandlerfelicia@example.org,001-764-233-5623,India,North Pamela,West,16325.0,Corporate,Books,Fiction Novel,1,158.15,0.0,2024-10-06,Debit Card,Cancelled,158.15,False,False,unique,unique
ORD12925,Dylan Hayes,Male,,stephanie54@example.net,,UNITED KINGDOM,Fernandezfort,South,,Home Office,Electronics,USB-C Hub,1,157.81,0.0,,Credit Card,Pending,157.81,False,False,unique,unique
ORD10016,Brittany Anderson,Female,,nolanjason@example.org,,India,West Kimberlychester,North,81852.0,Corporate,Beauty,Lipstick Set,1,157.59,0.0,,Cash On Delivery,Cancelled,157.59,False,False,unique,unique
ORD11636,Michael Wilcox,Female,,maria51@example.com,+1-459-591-9456x44645,India,North Jonathanstad,East,22766.0,Consumer,Beauty,Lipstick Set,1,157.44,0.0,,Net Banking,Shipped,157.44,False,False,unique,unique
ORD11938,Cristina Baldwin,Female,,,737-303-9190x566,CANADA,Bryanbury,South,40896.0,Corporate,Home & Kitchen,Storage Box,5,34.96,0.1,2023-05-20,Net Banking,Returned,157.32,False,True,unique,unique
ORD12107,Blake Adams,Male,,dbrown@example.net,821.352.9417,CANADA,North Nicoleport,North,,Consumer,Sports,Dumbbell Set,2,98.13,0.2,,Credit Card,Returned,157.01,False,True,unique,unique
ORD10616,Teresa Young,Female,,matthew65@example.org,368.608.6628x1372,CANADA,East Brian,East,,Consumer,Sports,Yoga Mat,3,52.27,0.0,2024-05-13,Debit Card,Pending,156.81,False,True,unique,unique
ORD12293,Glenda Rodriguez,Female,,dillonrichard@example.com,(926)966-8854x55363,India,Hamiltonstad,North,81540.0,Corporate,Electronics,USB-C Hub,3,54.96,0.05,,Credit Card,Shipped,156.64,False,True,unique,unique
ORD11745,Erica Smith,Male,,kimnoah@example.net,(840)459-1934x424,CANADA,Garciaberg,North,25200.0,Home Office,Sports,Football,1,195.13,0.2,2024-03-21,Debit Card,Returned,156.1,False,False,unique,unique
ORD10333,Joseph Wilson,Male,,,,United States,Kevinfort,South,,Home Office,Clothing,Running Shoes,5,62.43,0.5,2023-01-21,Debit Card,Shipped,156.07,False,True,unique,unique
ORD12330,Brandon Gonzalez,,,morrisblake@example.com,,India,Tinahaven,North,27288.0,Home Office,Sports,Cricket Bat,1,311.13,0.5,,Credit Card,Returned,155.56,False,False,unique,unique
ORD11658,Alexander Hendricks,Male,,hayesapril@example.com,267-634-7436x939,UNITED KINGDOM,East Danielhaven,East,42176.0,Consumer,Sports,Football,1,155.31,0.0,,Upi,Cancelled,155.31,False,False,unique,unique
ORD11632,Brandy Vazquez,Female,,harriserika@example.org,,India,Terrihaven,West,41775.0,Home Office,Clothing,Running Shoes,2,97.03,0.2,,Cash On Delivery,Returned,155.25,False,True,unique,unique
ORD12658,James Mills,Male,,nathaniel95@example.com,001-373-781-5679x9728,UNITED KINGDOM,Millertown,North,,Consumer,Sports,Cricket Bat,2,77.62,0.0,,Upi,Returned,155.24,False,True,unique,unique
ORD12269,Nancy Henry,Female,1978-04-07,mark65@example.org,3925464308,India,East Glen,West,60858.0,Home Office,Clothing,Running Shoes,2,81.45,0.05,,Credit  Card,Cancelled,154.76,False,True,unique,unique
ORD10990,Stephanie Miller,Male,,,001-542-942-5369x0912,UNITED KINGDOM,Johnburgh,South,,Home Office,Electronics,Wireless Mouse,2,85.76,0.1,2024-02-07,Upi,Shipped,154.37,False,True,unique,unique
ORD10113,Kayla Barnes,Male,,fhenderson@example.net,+1-928-227-4225,CANADA,Stephaniefort,South,18396.0,Corporate,Clothing,Women's Jeans,2,154.06,0.5,,Credit  Card,Pending,154.06,False,True,unique,unique
ORD10674,Taylor Wong Md,Female,2000-10-19,michelle12@example.org,+1-288-719-2778x851,India,West Amanda,South,56290.0,Consumer,Clothing,Women's Jeans,1,153.67,0.0,2023-08-03,Credit Card,Shipped,153.67,False,False,unique,unique
ORD10811,Linda Henderson,Male,1968-08-21,hallmegan@example.com,+1-420-227-5582x14770,UNITED STATES,Wilsonstad,West,21748.0,Corporate,Clothing,Running Shoes,1,153.28,0.0,2023-06-14,Credit  Card,Shipped,153.28,False,False,unique,unique
ORD11236,Charles Baxter,Female,,iflynn@example.org,269-408-8754,CANADA,East Kendra,East,48742.0,Home Office,Sports,Cricket Bat,1,161.28,0.05,2024-02-03,Credit Card,Delivered,153.22,False,False,unique,unique
ORD11515,Cynthia White,Male,,acostadylan@example.net,001-646-426-7132x0253,India,New Rodney,West,5659.0,Consumer,Clothing,Running Shoes,1,306.33,0.5,,Credit Card,Pending,153.16,False,False,unique,unique
ORD12926,James Green,Female,,racheldavis@example.com,471-569-9444,India,Lewisburgh,West,,Corporate,Books,Fiction Novel,2,76.57,0.0,2023-07-18,Credit Card,Pending,153.14,False,True,unique,unique
ORD11698,Dylan Walker,Male,,mccartyeric@example.com,9047131667,United States,South Kimberly,East,579.0,Corporate,Beauty,Face Wash,1,179.95,0.15,,Net Banking,Delivered,152.96,False,False,unique,unique
ORD11410,Kimberly Young,Female,1981-12-17,lisakelly@example.net,(285)893-8062x5023,India,Phillipburgh,North,35263.0,Corporate,Books,Kids Story Book,3,101.81,0.5,,Cash On Delivery,Returned,152.72,False,True,unique,unique
ORD10651,Sarah Wilson Dvm,Female,,nathaniel57@example.org,,United States,East Ryanberg,East,59475.0,Consumer,Home & Kitchen,LED Lamp,2,76.31,0.0,2024-09-23,Credit Card,Returned,152.62,False,True,unique,unique
ORD12818,Joel Collins,Male,1993-10-31,qlopez@example.net,001-879-931-9807x1233,CANADA,Lake Dustinville,North,43958.0,Consumer,Electronics,Laptop Stand,5,60.95,0.5,2023-09-16,Upi,Cancelled,152.38,False,True,unique,unique
ORD11982,Ryan Peterson,Male,,cassandrastone@example.org,+1-718-898-6598x46074,UNITED KINGDOM,Lake Luis,East,,Home Office,Books,Cook Book,1,168.95,0.1,,Upi,Pending,152.06,False,False,unique,unique
ORD12737,Gary Ewing,,,sandrawalsh@example.net,+1-686-885-8197x488,United States,Greenberg,South,22878.0,Corporate,Beauty,Hair Serum,1,151.84,0.0,,Net Banking,Returned,151.84,False,False,unique,unique
ORD10238,Regina Andrews,Female,,christina58@example.com,8208701601,United States,Lake Caitlin,West,78194.0,Consumer,Beauty,Face Wash,2,89.31,0.15,,Debit Card,Delivered,151.83,False,True,unique,unique
ORD11125,Monica Koch,,,,335.263.6930,UNITED KINGDOM,Lake Benjaminton,South,,Corporate,Sports,Yoga Mat,3,50.59,0.0,,Upi,Pending,151.77,False,True,unique,unique
ORD11917,Brandon Mckay,Female,,martineztamara@example.com,+1-974-360-3023x121,United States,Buchanantown,North,40926.0,Consumer,Home & Kitchen,LED Lamp,1,301.49,0.5,,Credit Card,Shipped,150.74,False,False,unique,unique
ORD10234,Krystal Gregory,Female,,clarkgina@example.com,824-405-6829,India,Port Kimberlyport,West,,Consumer,Home & Kitchen,Cushion Cover,1,166.78,0.1,,Cash On Delivery,Pending,150.1,False,False,unique,unique
ORD10760,Mary Mccoy,Female,1992-04-19,cody81@example.org,(299)689-8972x117,India,Port Loriland,North,72147.0,Consumer,Sports,Football,1,150.05,0.0,,Upi,Pending,150.05,False,False,unique,unique
ORD10298,Darrell Newton,Female,,vargasjoshua@example.net,,CANADA,Simmonsstad,North,10549.0,Corporate,Beauty,Hair Serum,1,166.55,0.1,,Credit Card,Delivered,149.9,False,False,unique,unique
ORD12320,Tara Becker,Male,,stevenberry@example.org,+1-589-758-6979,UNITED KINGDOM,Jamesburgh,South,25187.0,Corporate,Sports,Cricket Bat,1,299.74,0.5,,Credit Card,Cancelled,149.87,False,False,unique,unique
ORD10559,Jason Ryan,Male,,ericsmith@example.org,,CANADA,South Vanessaville,East,62850.0,Home Office,Electronics,Smartwatch,2,93.47,0.2,,Upi,Returned,149.55,False,True,unique,unique
ORD12518,Elizabeth Mccann,,,ronald27@example.com,,United Kingdom,North Sarahstad,South,50677.0,Corporate,Home & Kitchen,Blender,1,298.37,0.5,,Credit  Card,Delivered,149.18,False,False,unique,unique
ORD10192,Jennifer Gomez,Female,,john16@example.net,001-951-582-7553x9423,United States,Lake John,South,,Consumer,Sports,Cricket Bat,1,148.87,0.0,,Credit Card,Shipped,148.87,False,False,unique,unique
ORD10786,Francisco Sanchez,Female,,hartmanjoshua@example.net,+1-923-854-6951x0030,India,North Mitchell,West,37063.0,Corporate,Books,Fiction Novel,5,31.28,0.05,,Cash On Delivery,Pending,148.58,False,True,unique,unique
ORD10634,Kelly Ortega,Female,,angela71@example.net,(696)418-0332,India,Smithton,East,67373.0,Corporate,Beauty,Hair Serum,1,148.42,0.0,,Credit  Card,Pending,148.42,False,False,unique,unique
ORD11134,Craig Martinez,Female,1995-09-10,matthewsmith@example.net,560.574.2906x95222,United Kingdom,Jacobsville,South,83599.0,Home Office,Books,Self-Help Book,1,148.37,0.0,,Credit  Card,Returned,148.37,False,False,unique,unique
ORD11716,David King,Male,,tammy78@example.net,001-602-728-0177x10629,United States,East Kaitlynshire,East,38022.0,Corporate,Beauty,Sunscreen SPF50,1,164.68,0.1,,Net Banking,Returned,148.21,False,False,unique,unique
ORD10626,Mark Garner,Female,,tiffanysparks@example.net,,CANADA,Millerchester,South,15165.0,Consumer,Sports,Yoga Mat,1,173.97,0.15,,Upi,Cancelled,147.87,False,False,unique,unique
ORD10080,Todd Fischer,Female,1970-02-25,cporter@example.org,(757)787-2982,CANADA,South Vicki,South,97405.0,Consumer,Electronics,Smartwatch,1,155.54,0.05,,Debit Card,Shipped,147.76,False,False,unique,unique
ORD12511,Jeremiah Young,Male,,kmeyer@example.org,651.263.8066x267,CANADA,South Jasonberg,South,22760.0,Consumer,Home & Kitchen,Non-stick Pan,3,49.2,0.0,,Credit Card,Delivered,147.6,False,True,unique,unique
ORD12280,Michael Avila,Male,,joeljohnson@example.org,202.775.0769x7693,India,West Michaelside,West,49959.0,Consumer,Electronics,USB-C Hub,3,61.46,0.2,,Credit  Card,Shipped,147.5,False,True,unique,unique
ORD10999,Teresa Wilcox,Female,,,5562820175,India,Gilbertchester,East,13674.0,Corporate,Beauty,Sunscreen SPF50,1,163.43,0.1,,Cash On Delivery,Delivered,147.09,False,False,unique,unique
ORD12142,Mary Mora,Male,,lawrencewilliam@example.org,+1-488-604-0933x627,CANADA,Markberg,South,24838.0,Corporate,Home & Kitchen,LED Lamp,1,147.03,0.0,,Cash On Delivery,Cancelled,147.03,False,False,unique,unique
ORD10032,Marc Lynch,,,colleenbaker@example.org,(932)681-2067,United States,East Keithport,East,92642.0,Home Office,Clothing,Winter Jacket,1,154.62,0.05,,Credit Card,Shipped,146.89,False,False,unique,unique
ORD10399,Brittney Martinez,,1978-10-13,brian53@example.net,+1-567-627-5784x468,United States,West Richardmouth,West,12315.0,Home Office,Clothing,Running Shoes,2,81.59,0.1,2024-04-08,Net Banking,Returned,146.86,False,True,unique,unique
ORD12378,Keith Williams,Female,,thomasbenjamin@example.org,812-785-1368x40541,India,East Tracy,West,661.0,Corporate,Sports,Cricket Bat,2,77.28,0.05,,Upi,Returned,146.83,False,True,unique,unique
ORD12762,Elizabeth Maddox,Male,,stevenmartinez@example.net,,India,Cassandraville,South,,Home Office,Sports,Yoga Mat,1,183.36,0.2,,Credit Card,Pending,146.69,False,False,unique,unique
ORD12497,Sarah Riley,Male,,amy70@example.com,,CANADA,Haleside,East,,Consumer,Clothing,Men's T-Shirt,2,146.37,0.5,2023-10-25,Credit  Card,Delivered,146.37,False,True,unique,unique
ORD12985,Sara Mendoza,,1996-09-24,holmesmark@example.net,+1-407-878-3368,UNITED KINGDOM,West Heatherport,East,52474.0,Consumer,Clothing,Winter Jacket,1,146.03,0.0,2023-07-12,Net Banking,Delivered,146.03,False,False,unique,unique
ORD12000,Lauren Rogers,Male,,,(489)808-4548,United Kingdom,South Thomas,East,27466.0,Consumer,Sports,Cricket Bat,1,145.95,0.0,2023-06-12,Credit Card,Shipped,145.95,False,False,unique,unique
ORD11637,Shawn Nash,Male,,vmedina@example.com,901.289.7795x0146,CANADA,South Tracy,North,84607.0,Corporate,Home & Kitchen,Storage Box,1,145.4,0.0,,Credit Card,Delivered,145.4,False,False,unique,unique
ORD11581,Sandra Jones,Male,,walkersamantha@example.net,+1-612-475-9395x571,United States,Port Jodichester,West,,Corporate,Clothing,Women's Jeans,1,145.29,0.0,,Debit Card,Cancelled,145.29,False,False,unique,unique
ORD12716,Taylor Smith,Male,,wthompson@example.com,(363)237-3434x889,India,Port Mariahtown,North,3711.0,Home Office,Clothing,Men's T-Shirt,5,29.04,0.0,2023-05-04,Net Banking,Pending,145.2,False,True,unique,unique
ORD12614,Robert Harris,Female,1996-10-18,,(838)340-9912,United States,Sullivanview,North,75999.0,Home Office,Electronics,Earbuds,1,170.69,0.15,,Upi,Cancelled,145.09,False,False,unique,unique
ORD11354,Christian Sanchez,Male,,lisafernandez@example.com,823-620-3668,United States,Port Scott,South,98670.0,Consumer,Sports,Dumbbell Set,1,144.12,0.0,2023-12-17,Credit Card,Shipped,144.12,False,False,unique,unique
ORD11902,Jenny Jackson,Male,,judith43@example.net,948-821-3801x155,United States,Kimberlystad,East,,Corporate,Clothing,Women's Jeans,5,32.01,0.1,2024-09-27,Cash On Delivery,Returned,144.04,False,True,unique,unique
ORD10843,Gary Johnson,Female,,holly73@example.org,,India,Proctorshire,West,56419.0,Consumer,Electronics,Smartwatch,1,143.76,0.0,,Debit Card,Cancelled,143.76,False,False,unique,unique
ORD10447,Donald Gonzalez,Female,,stuart76@example.net,(934)823-4619x9423,UNITED STATES,Hendersonview,West,42280.0,Consumer,Home & Kitchen,LED Lamp,1,150.88,0.05,,Credit Card,Cancelled,143.34,False,False,unique,unique
ORD10919,Robert Johnson,Male,2006-06-09,cruzkaren@example.net,(932)273-7989,India,Smithmouth,West,39849.0,Home Office,Sports,Yoga Mat,3,53.06,0.1,2024-02-01,Cash On Delivery,Shipped,143.26,False,True,unique,unique
ORD12204,Robert Fernandez,Male,,ksnyder@example.com,,United States,South Richardton,North,14471.0,Home Office,Electronics,Earbuds,1,178.98,0.2,,Debit Card,Delivered,143.18,False,False,unique,unique
ORD10882,Eric Johnson,Male,,darrylkent@example.net,,United Kingdom,Brennanberg,West,41844.0,Corporate,Beauty,Face Wash,1,142.94,0.0,2024-11-11,Credit  Card,Pending,142.94,False,False,unique,unique
ORD11793,Richard Hurley,Female,,timothy92@example.net,,UNITED KINGDOM,New Josephberg,East,51693.0,Consumer,Clothing,Formal Shirt,1,149.89,0.05,,Cash On Delivery,Cancelled,142.4,False,False,unique,unique
ORD12413,Lawrence Martin,Female,1992-07-04,millerjennifer@example.org,956-367-0191,CANADA,Rodriguezview,North,44228.0,Corporate,Clothing,Formal Shirt,3,52.73,0.1,,Cash On Delivery,Shipped,142.37,False,True,unique,unique
ORD11083,Corey Cortez,Male,1966-06-10,donaldthomas@example.org,,CANADA,East Angela,South,,Consumer,Home & Kitchen,LED Lamp,1,167.49,0.15,,Upi,Delivered,142.37,False,False,unique,unique
ORD10275,Patricia Williams,Male,,nhuber@example.org,001-484-922-2231x059,United States,Mikeborough,West,74227.0,Home Office,Home & Kitchen,Blender,1,142.26,0.0,,Debit Card,Delivered,142.26,False,False,unique,unique
ORD11675,Tony Haynes,Female,1980-01-19,robertsonlisa@example.net,349.811.6343x0310,UNITED STATES,Youngfurt,South,57062.0,Home Office,Electronics,Laptop Stand,1,141.86,0.0,,Debit Card,Pending,141.86,False,False,unique,unique
ORD12703,Michael Allen,Male,,benjaminwarner@example.org,771-536-1877x49789,India,Rebeccaburgh,North,42566.0,Consumer,Home & Kitchen,LED Lamp,1,176.79,0.2,,Upi,Cancelled,141.43,False,False,unique,unique
ORD11188,Dr. Mary Henderson,Male,,robinhancock@example.org,(760)800-4709x11034,India,North Carolhaven,West,74910.0,Consumer,Electronics,Smartwatch,2,74.4,0.05,,Upi,Cancelled,141.36,False,True,unique,unique
ORD12369,Kathy Boyd,Female,,jessica20@example.com,+1-705-378-4622x16346,India,Mathewsville,West,45870.0,Home Office,Electronics,Wireless Mouse,2,70.47,0.0,,Net Banking,Delivered,140.94,False,True,unique,unique
ORD12718,Dawn Mccullough,Female,,jarvischristy@example.org,+1-647-389-1367x16168,India,South Morgan,South,,Corporate,Home & Kitchen,Cushion Cover,1,165.69,0.15,,Upi,Cancelled,140.84,False,False,unique,unique
ORD10606,Angela Lopez,Female,,franciscoreid@example.net,696-484-3645x3804,United States,North Bryanstad,East,96565.0,Corporate,Home & Kitchen,Storage Box,1,165.63,0.15,,Net Banking,Shipped,140.79,False,False,unique,unique
ORD12344,Shannon Vincent,Male,2001-12-23,combsandrea@example.net,710-514-6023,UNITED KINGDOM,Cynthiashire,East,52564.0,Consumer,Home & Kitchen,Storage Box,3,54.94,0.15,,Debit Card,Pending,140.1,False,True,unique,unique
ORD10303,Michael Richmond,Female,,michaelbaldwin@example.com,7903034864,India,Port Scott,South,1532.0,Corporate,Home & Kitchen,Blender,1,139.97,0.0,,Debit Card,Returned,139.97,False,False,unique,unique
ORD12253,Maurice Brooks,Male,1986-10-13,amorris@example.net,001-363-587-4477,CANADA,Christophermouth,North,98053.0,Consumer,Home & Kitchen,Blender,1,174.66,0.2,2023-06-23,Cash On Delivery,Returned,139.73,False,False,unique,unique
ORD11737,Kathleen Gutierrez,,,arthur28@example.org,901-785-0880,UNITED KINGDOM,Singhstad,West,98826.0,Home Office,Beauty,Face Wash,2,69.77,0.0,,Debit Card,Delivered,139.54,False,True,unique,unique
ORD10931,Destiny Campbell,Male,,garciajennifer@example.com,001-738-681-8273x06343,United States,Lake Calvin,North,68241.0,Corporate,Beauty,Face Wash,1,278.86,0.5,,Debit Card,Shipped,139.43,False,False,unique,unique
ORD12667,Joshua Sutton,Female,,slindsey@example.org,(520)286-1021,CANADA,Angelshire,North,50433.0,Home Office,Sports,Cricket Bat,2,73.37,0.05,,Net Banking,Delivered,139.4,False,True,unique,unique
ORD10255,Timothy Bishop Jr.,Male,,amberreynolds@example.net,+1-417-241-0119x4707,CANADA,Lake Peterberg,South,92258.0,Consumer,Home & Kitchen,LED Lamp,1,139.39,0.0,,Debit Card,Pending,139.39,False,False,unique,unique
ORD10151,Edward Meadows Md,Female,,matthewreeves@example.net,,UNITED KINGDOM,Knoxstad,West,66995.0,Corporate,Beauty,Hair Serum,5,55.21,0.5,,Upi,Delivered,138.02,False,True,unique,unique
ORD10343,Rose Wallace,Male,1966-07-10,,(295)662-0175x3703,CANADA,Jamesport,West,94585.0,Consumer,Beauty,Hair Serum,1,137.59,0.0,,Upi,Shipped,137.59,False,False,unique,unique
ORD12831,Mary York,Female,,baileylaurie@example.org,001-216-870-1410x4882,India,Elizabethfurt,East,19590.0,Consumer,Home & Kitchen,Cushion Cover,2,85.72,0.2,,Credit  Card,Delivered,137.15,False,True,unique,unique
ORD10339,Justin Glover,Male,1975-03-22,ogriffin@example.net,925.282.3868,CANADA,Port Stevenport,North,,Corporate,Clothing,Women's Jeans,5,27.4,0.0,,Net Banking,Pending,137.0,False,True,unique,unique
ORD11035,Jack Lynch,Male,,louis07@example.org,(267)748-0957x394,UNITED KINGDOM,East Dianechester,East,643.0,Home Office,Books,Kids Story Book,1,273.4,0.5,,Debit Card,Pending,136.7,False,False,unique,unique
ORD12014,Lisa Martinez,,,matthew84@example.net,001-874-794-0092x6288,India,South Dianetown,South,7815.0,Consumer,Electronics,USB-C Hub,3,56.81,0.2,,Debit Card,Pending,136.34,False,True,unique,unique
ORD11706,Matthew Caldwell,Male,,khenderson@example.org,446.816.4615,India,Johnberg,West,,Home Office,Sports,Dumbbell Set,1,136.32,0.0,,Cash On Delivery,Returned,136.32,False,False,unique,unique
ORD12874,Cole Thompson Md,Female,,meyercaroline@example.com,,India,Justinshire,West,,Consumer,Home & Kitchen,Cushion Cover,1,136.3,0.0,2024-12-03,Upi,Cancelled,136.3,False,False,unique,unique
ORD10048,William Buchanan,Female,,brendali@example.org,729-504-2284x21020,India,Alfredview,West,7369.0,Home Office,Electronics,USB-C Hub,1,135.91,0.0,,Cash On Delivery,Returned,135.91,False,False,unique,unique
ORD12276,Douglas Hawkins,Female,,perryrodriguez@example.net,291-898-6613x294,UNITED STATES,West Teresa,North,24419.0,Consumer,Beauty,Lipstick Set,1,135.65,0.0,,Credit Card,Returned,135.65,False,False,unique,unique
ORD12581,Alex Mills,Female,,irivera@example.com,522.784.4133,United States,Port Gregoryland,North,8314.0,Home Office,Home & Kitchen,LED Lamp,3,47.52,0.05,,Debit Card,Returned,135.43,False,True,unique,unique
ORD12768,Keith Thompson,Male,1999-12-27,,(491)999-8855x229,CANADA,Buchananburgh,West,48339.0,Home Office,Clothing,Women's Jeans,3,45.13,0.0,,Debit Card,Cancelled,135.39,False,True,unique,unique
ORD12093,Beth Arnold,Female,,nolanlaurie@example.org,545-863-6798x83686,India,Tonyaport,East,94788.0,Home Office,Books,Fiction Novel,1,150.21,0.1,,Upi,Returned,135.19,False,False,unique,unique
ORD11229,Dennis Sandoval,,,lindamiller@example.org,001-778-992-5946,CANADA,Crystalview,East,,Corporate,Beauty,Face Wash,3,45.06,0.0,2023-10-03,Debit Card,Returned,135.18,False,True,unique,unique
ORD12537,Tyler Kelly,Female,,cantrellchelsea@example.com,542-303-5777,UNITED STATES,West Brent,East,77779.0,Consumer,Home & Kitchen,Non-stick Pan,1,135.17,0.0,,Credit  Card,Shipped,135.17,False,False,unique,unique
ORD11103,Juan Solis Md,,1977-01-14,khanmatthew@example.org,820.911.4065x26642,UNITED STATES,Port Paige,East,8838.0,Consumer,Beauty,Lipstick Set,2,71.09,0.05,,Credit Card,Pending,135.07,False,True,unique,unique
ORD12754,Ronald Rodriguez,Male,,fdudley@example.com,894.340.6014,India,North Matthew,North,73011.0,Consumer,Sports,Yoga Mat,1,149.62,0.1,,Cash On Delivery,Cancelled,134.66,False,False,unique,unique
ORD12744,Amber Johnson,Female,2001-05-30,lynn41@example.com,945.364.6639,United States,Port Christopherton,South,,Home Office,Electronics,Smartwatch,2,67.31,0.0,,Cash On Delivery,Pending,134.62,False,True,unique,unique
ORD12414,Linda Moran,,1962-10-06,kentmichelle@example.net,,India,East Geraldbury,West,14215.0,Corporate,Electronics,Laptop Stand,1,134.46,0.0,,Credit Card,Pending,134.46,False,False,unique,unique
ORD11649,Victoria Johnson,Female,,jeffery31@example.net,324.752.7567,India,Port Lindabury,West,7646.0,Corporate,Beauty,Face Wash,2,70.7,0.05,,Credit  Card,Cancelled,134.33,False,True,unique,unique
ORD11062,Carol Yang,Male,1965-03-14,anthonyortiz@example.org,351-845-9920,India,Orozcoborough,West,97518.0,Consumer,Beauty,Face Wash,3,49.47,0.1,,Net Banking,Returned,133.57,False,True,unique,unique
ORD12465,Daniel Stephens,Male,,matthew01@example.org,+1-222-719-8848x1312,India,North Angela,West,,Home Office,Electronics,Earbuds,3,49.41,0.1,2024-01-15,Debit Card,Delivered,133.41,False,True,unique,unique
ORD11971,Marie Mitchell,Female,,djames@example.net,+1-401-228-9348x2800,India,Johnfurt,South,42620.0,Corporate,Home & Kitchen,Cushion Cover,1,133.18,0.0,,Debit Card,Cancelled,133.18,False,False,unique,unique
ORD11396,James Mendoza,Female,,jean37@example.net,,CANADA,North Jenniferstad,North,28018.0,Home Office,Books,Kids Story Book,2,66.36,0.0,,Upi,Returned,132.72,False,True,unique,unique
ORD10042,David Bruce,Female,,gcastaneda@example.org,(995)694-4064x0909,India,New Laurie,South,,Home Office,Electronics,USB-C Hub,1,265.35,0.5,2024-04-09,Upi,Cancelled,132.68,False,False,unique,unique
ORD11896,Stephen Gallegos,,,huntcharles@example.org,(690)204-7904x6449,India,Faithside,North,9008.0,Corporate,Beauty,Lipstick Set,1,265.1,0.5,2023-08-28,Cash On Delivery,Cancelled,132.55,False,False,unique,unique
ORD10538,Michael Goodwin,Male,,kenneth75@example.com,001-749-749-0228x403,UNITED STATES,Kristopherburgh,East,74902.0,Home Office,Books,Self-Help Book,1,264.57,0.5,2024-04-07,Upi,Cancelled,132.28,False,False,unique,unique
ORD11205,Sheena Hawkins,Female,1961-01-13,timothy94@example.net,,India,Orrland,East,,Corporate,Home & Kitchen,LED Lamp,1,263.81,0.5,,Cash On Delivery,Pending,131.9,False,False,unique,unique
ORD10806,Tina Mooney,Female,,susanhoward@example.org,(295)220-5610x067,India,Duncanside,East,8206.0,Consumer,Home & Kitchen,Blender,1,131.48,0.0,,Upi,Pending,131.48,False,False,unique,unique
ORD11968,Matthew Hanson,Female,,tracielong@example.com,+1-874-863-1771x862,United Kingdom,Navarrohaven,East,54392.0,Home Office,Electronics,Laptop Stand,1,131.12,0.0,2023-02-21,Credit  Card,Delivered,131.12,False,False,unique,unique
ORD10096,Timothy Hayden,Female,1966-03-25,srocha@example.net,001-636-738-5467x854,UNITED KINGDOM,Owensfort,South,42474.0,Consumer,Sports,Cricket Bat,3,43.66,0.0,2024-10-29,Net Banking,Cancelled,130.98,False,True,unique,unique
ORD12440,Robert Roberts,Male,,jasminegriffin@example.org,299-390-6408x10671,India,Hansonstad,West,13339.0,Consumer,Books,Fiction Novel,1,261.85,0.5,,Cash On Delivery,Shipped,130.93,False,False,unique,unique
ORD12547,Mrs. Jessica Washington,Male,1976-09-18,wgarza@example.net,001-344-245-1906x7742,CANADA,North Robert,South,95369.0,Corporate,Electronics,USB-C Hub,1,137.28,0.05,,Credit Card,Pending,130.42,False,False,unique,unique
ORD11796,Mr. Aaron Vaughn,,2000-08-05,,956.516.2714x13427,India,East Leslie,South,64975.0,Home Office,Clothing,Formal Shirt,2,81.41,0.2,2023-06-19,Credit Card,Delivered,130.26,False,True,unique,unique
ORD12544,Angela Brown,Male,,eclark@example.org,667.701.9878x35054,United States,North Amy,West,,Corporate,Beauty,Sunscreen SPF50,3,43.27,0.0,2023-06-12,Credit  Card,Cancelled,129.81,False,True,unique,unique
ORD10577,Michael Morris,,,laurariley@example.org,,United Kingdom,Nicholsville,North,79680.0,Corporate,Sports,Cricket Bat,1,129.62,0.0,,Cash On Delivery,Cancelled,129.62,False,False,unique,unique
ORD10097,Jason Hart,Female,,allentran@example.net,001-564-923-5369,CANADA,Jonathanfort,West,,Home Office,Electronics,USB-C Hub,1,259.06,0.5,2024-12-06,Upi,Returned,129.53,False,False,unique,unique
ORD12026,David Camacho Jr.,Male,,michaelsellers@example.org,(234)459-2325,United States,Michaelfort,West,10667.0,Corporate,Sports,Dumbbell Set,1,258.99,0.5,,Upi,Shipped,129.5,False,False,unique,unique
ORD12775,Crystal Roberts,Male,,nguyenmeghan@example.net,524-202-7820x15811,UNITED STATES,New Michael,South,15082.0,Consumer,Clothing,Women's Jeans,2,64.74,0.0,,Cash On Delivery,Shipped,129.48,False,True,unique,unique
ORD10260,Logan Conley,Female,,wilsonbrooke@example.net,413.765.6519,UNITED KINGDOM,Port Brandon,North,23235.0,Corporate,Beauty,Lipstick Set,2,76.14,0.15,,Credit  Card,Returned,129.44,False,True,unique,unique
ORD12127,Joel Williams,Female,,scottbrooks@example.org,001-432-219-5693,India,Jessicachester,North,95959.0,Corporate,Home & Kitchen,Blender,1,135.55,0.05,2023-09-11,Credit Card,Delivered,128.77,False,False,unique,unique
ORD12345,Alexis Mueller,Male,2006-10-08,sweeneyheather@example.com,(431)967-6602x71689,India,Monicahaven,West,90470.0,Consumer,Sports,Dumbbell Set,1,128.75,0.0,,Debit Card,Cancelled,128.75,False,False,unique,unique
ORD10883,Cathy Wyatt,Female,,,6539347047,UNITED KINGDOM,Torresport,South,90250.0,Corporate,Home & Kitchen,Storage Box,2,64.36,0.0,,Net Banking,Delivered,128.72,False,True,unique,unique
ORD12902,John Grant,Male,1981-08-30,mitchellstephanie@example.com,691-804-5141,United States,Port Troychester,East,8917.0,Consumer,Home & Kitchen,Cushion Cover,1,128.45,0.0,2023-01-31,Cash On Delivery,Returned,128.45,False,False,unique,unique
ORD11073,Ann Ortiz,Female,,jenkinspamela@example.org,453.791.0161,UNITED STATES,North Richardbury,West,74908.0,Consumer,Sports,Dumbbell Set,5,25.62,0.0,2024-03-15,Upi,Returned,128.1,False,True,unique,unique
ORD10441,Robert Wilkins,Male,,george96@example.org,+1-863-496-0962,India,Stronghaven,North,,Consumer,Books,Fiction Novel,1,127.93,0.0,,Cash On Delivery,Shipped,127.93,False,False,unique,unique
ORD12885,Jillian Sellers,Male,,kennethjennings@example.org,+1-487-481-3391x723,India,New Isaac,East,92191.0,Consumer,Sports,Cricket Bat,2,127.87,0.5,,Net Banking,Delivered,127.87,False,True,unique,unique
ORD10008,George Chapman,,,adrianzimmerman@example.org,510.451.8347,United States,Sanchezfort,East,53855.0,Home Office,Beauty,Sunscreen SPF50,1,127.71,0.0,,Net Banking,Shipped,127.71,False,False,unique,unique
ORD12819,Pamela Rivas,Male,,,001-897-370-4145,United Kingdom,South Joseph,East,,Consumer,Sports,Dumbbell Set,2,74.97,0.15,,Upi,Shipped,127.45,False,True,unique,unique
ORD11742,Lauren Obrien,Female,,todd36@example.com,(739)778-8587x489,India,Wilsonville,South,83305.0,Consumer,Clothing,Winter Jacket,1,159.11,0.2,,Upi,Delivered,127.29,False,False,unique,unique
ORD10670,Penny Wyatt,Male,,vcastro@example.org,+1-330-461-5370,India,Garyport,South,88556.0,Consumer,Sports,Cricket Bat,1,253.53,0.5,,Upi,Shipped,126.76,False,False,unique,unique
ORD10090,Justin Hansen,Female,,jennifer64@example.org,001-639-810-6518x0170,United States,Port Derek,East,,Corporate,Beauty,Hair Serum,1,148.77,0.15,2024-04-13,Upi,Returned,126.45,False,False,unique,unique
ORD10328,Melissa Barron,Male,,trowe@example.org,3856628843,United States,Katherineburgh,East,3570.0,Consumer,Sports,Cricket Bat,2,78.88,0.2,,Credit Card,Delivered,126.21,False,True,unique,unique
ORD10569,Michael King,Male,,garcialinda@example.org,001-873-896-4178,UNITED KINGDOM,New Danielville,South,75949.0,Consumer,Sports,Football,1,126.21,0.0,2023-03-11,Cash On Delivery,Pending,126.21,False,False,unique,unique
ORD10190,Donald Ross,Male,,hwillis@example.org,001-911-884-8955x4393,CANADA,West Gregoryhaven,North,14455.0,Consumer,Home & Kitchen,Cushion Cover,1,148.47,0.15,2024-02-12,Cash On Delivery,Pending,126.2,False,False,unique,unique
ORD12047,Erika Gonzalez,,,jordanjoseph@example.net,001-432-661-4340x3715,India,Port David,North,80284.0,Corporate,Clothing,Running Shoes,1,126.02,0.0,2023-02-17,Cash On Delivery,Returned,126.02,False,False,unique,unique
ORD11124,Kathleen Anderson Md,Female,,andrewmyers@example.org,746-605-1908,India,Port Douglas,South,,Consumer,Sports,Football,2,125.71,0.5,,Credit Card,Shipped,125.71,False,True,unique,unique
ORD12520,Gabriel Sanders,Male,,xball@example.com,,CANADA,Williamsfurt,North,83677.0,Corporate,Books,Kids Story Book,1,139.26,0.1,,Credit Card,Shipped,125.33,False,False,unique,unique
ORD11198,Erika Mercado,Female,,carlagarcia@example.com,,United States,Matthewton,North,55154.0,Corporate,Beauty,Sunscreen SPF50,1,125.01,0.0,,Net Banking,Delivered,125.01,False,False,unique,unique
ORD10485,David Buchanan,Female,,omartinez@example.org,(790)231-0287,CANADA,North Stephanie,East,34455.0,Corporate,Clothing,Men's T-Shirt,1,155.78,0.2,,Cash On Delivery,Returned,124.62,False,False,unique,unique
ORD11304,Connor Hicks,Female,,thompsonluis@example.net,+1-799-777-3793x957,United Kingdom,New Suzanneberg,West,33905.0,Home Office,Books,Kids Story Book,1,247.08,0.5,,Net Banking,Shipped,123.54,False,False,unique,unique
ORD11059,Jacqueline Williams,Female,,fhanna@example.com,991.851.1436,India,Lake Dale,East,,Corporate,Home & Kitchen,Storage Box,2,64.66,0.05,,Credit Card,Cancelled,122.85,False,True,unique,unique
ORD10389,Chloe Chase,Female,,,(959)904-7292,India,Phyllisborough,West,29092.0,Corporate,Beauty,Face Wash,1,129.05,0.05,,Upi,Pending,122.6,False,False,unique,unique
ORD10791,Brenda Phillips,,,davisemily@example.net,+1-624-419-9626,CANADA,East Carrie,West,63091.0,Home Office,Books,Cook Book,1,122.21,0.0,2023-09-02,Credit Card,Delivered,122.21,False,False,unique,unique
ORD11049,Lisa Castillo,Male,1996-12-31,mistykelly@example.com,(272)492-7318x683,UNITED KINGDOM,West Angieport,North,,Consumer,Books,Cook Book,1,152.64,0.2,,Net Banking,Delivered,122.11,False,False,unique,unique
ORD10770,Danielle Mcfarland Dvm,Male,,joneschristian@example.net,001-303-698-8636x5362,CANADA,Nathanton,South,50175.0,Home Office,Sports,Football,1,152.58,0.2,2023-12-21,Debit Card,Returned,122.06,False,False,unique,unique
ORD10891,Melissa Rodriguez,Male,,timothy90@example.net,652.611.8968,India,Lake Kenneth,East,36799.0,Corporate,Books,Fiction Novel,3,47.81,0.15,2024-06-21,Net Banking,Returned,121.92,False,True,unique,unique
ORD12720,Maurice Ramirez,Female,,zkoch@example.net,,UNITED STATES,Patrickfort,East,,Corporate,Clothing,Winter Jacket,1,121.8,0.0,,Cash On Delivery,Delivered,121.8,False,False,unique,unique
ORD10265,Darren Young,Male,,nicholaswalker@example.com,001-870-762-3972,India,South Jennifer,North,83341.0,Home Office,Electronics,Laptop Stand,1,121.44,0.0,,Upi,Pending,121.44,False,False,unique,unique
ORD10725,Melanie Young,,,krista02@example.org,6504938694,United States,Nicolemouth,West,96894.0,Corporate,Beauty,Hair Serum,1,242.77,0.5,,Cash On Delivery,Cancelled,121.38,False,False,unique,unique
ORD11624,Gregory Hartman,Female,,richard35@example.org,537-979-5076x557,United Kingdom,Annstad,East,95845.0,Home Office,Books,Fiction Novel,1,121.26,0.0,2024-11-02,Cash On Delivery,Pending,121.26,False,False,unique,unique
ORD12140,Mr. Luis Holt,Male,,campbellmorgan@example.net,(380)533-7142,India,Robertsburgh,West,65882.0,Home Office,Electronics,USB-C Hub,1,127.53,0.05,,Debit Card,Pending,121.15,False,False,unique,unique
ORD10798,Michael Jones,Male,,tarabowers@example.net,(874)283-5268x064,India,Westshire,South,72322.0,Home Office,Electronics,Laptop Stand,1,242.26,0.5,,Credit  Card,Shipped,121.13,False,False,unique,unique
ORD12463,Angela Pittman,Female,,alexander39@example.net,685-850-5068x1511,India,South Tanya,South,44235.0,Consumer,Sports,Football,1,134.55,0.1,,Credit Card,Returned,121.1,False,False,unique,unique
ORD12820,Paul Knapp,Female,,davidwagner@example.com,,UNITED KINGDOM,Katherineview,South,94830.0,Corporate,Sports,Dumbbell Set,1,127.24,0.05,,Upi,Delivered,120.88,False,False,unique,unique
ORD12246,Jose Ortiz,Female,,derekhines@example.com,641.541.2404x3968,UNITED STATES,Brandyfurt,South,,Home Office,Books,Kids Story Book,1,134.27,0.1,,Net Banking,Delivered,120.84,False,False,unique,unique
ORD12336,Brenda Young,Female,,danielle51@example.net,+1-429-520-7223x03358,India,New Amber,North,89072.0,Consumer,Electronics,Earbuds,2,120.66,0.5,,Credit Card,Cancelled,120.66,False,True,unique,unique
ORD12598,Christopher Martinez,Female,,john27@example.net,202-465-5859x2458,United States,Lake Jessica,North,16319.0,Corporate,Beauty,Face Wash,1,120.32,0.0,,Cash On Delivery,Returned,120.32,False,False,unique,unique
ORD10366,Benjamin Neal,Female,,zcooper@example.org,(500)941-2577x7118,CANADA,South Lori,South,,Corporate,Books,Fiction Novel,1,133.51,0.1,,Cash On Delivery,Delivered,120.16,False,False,unique,unique
ORD11545,Isaac Pacheco,Male,,carriewilliams@example.com,,United Kingdom,New Marybury,West,19026.0,Consumer,Books,Cook Book,1,239.99,0.5,,Cash On Delivery,Returned,120.0,False,False,unique,unique
ORD11465,Jacqueline Suarez,Male,,williehernandez@example.com,001-793-679-7900x7045,United Kingdom,Ashleychester,South,,Corporate,Sports,Yoga Mat,1,132.76,0.1,,Upi,Returned,119.48,False,False,unique,unique
ORD10286,Linda Gallagher,Female,1977-01-06,anthony13@example.org,,United States,Lake Jeremy,North,16930.0,Corporate,Beauty,Lipstick Set,1,238.14,0.5,2023-06-03,Credit  Card,Cancelled,119.07,False,False,unique,unique
ORD10037,Jennifer Olson,Male,,yarnold@example.org,+1-982-414-6584x044,CANADA,Ryanstad,North,44074.0,Home Office,Sports,Yoga Mat,1,237.9,0.5,,Net Banking,Pending,118.95,False,False,unique,unique
ORD11364,Teresa Norris,Female,,douglas07@example.net,001-988-621-6511x92145,India,Luiston,East,,Corporate,Sports,Yoga Mat,3,39.38,0.0,,Cash On Delivery,Shipped,118.14,False,True,unique,unique
ORD10438,Jack Turner,Male,,lyonsdeborah@example.com,(465)858-6851x27652,United States,Mitchellchester,North,,Home Office,Books,Cook Book,3,46.21,0.15,,Net Banking,Returned,117.84,False,True,unique,unique
ORD10316,Billy Williams,Male,1965-10-07,dgutierrez@example.net,001-894-254-9180x1722,India,South Nancyport,South,41650.0,Consumer,Books,Fiction Novel,2,61.66,0.05,2024-03-04,Debit Card,Delivered,117.15,False,True,unique,unique
ORD11279,Kevin Carter,Female,1975-08-14,christine30@example.com,001-941-579-9654x662,India,Coryfurt,East,21048.0,Consumer,Clothing,Formal Shirt,3,48.74,0.2,,Debit Card,Shipped,116.98,False,True,unique,unique
ORD11258,Latoya Smith,Female,,,001-457-737-6242x662,UNITED KINGDOM,Brittneyton,West,29444.0,Corporate,Electronics,Laptop Stand,3,77.98,0.5,,Net Banking,Pending,116.97,False,True,unique,unique
ORD11385,Patrick Horton,Female,,megan27@example.com,(680)601-6173,CANADA,Carpenterport,North,91873.0,Home Office,Electronics,Bluetooth Speaker,1,116.54,0.0,,Debit Card,Cancelled,116.54,False,False,unique,unique
ORD10705,Laura Rodriguez,Female,,randywoods@example.org,,India,Port Wendy,North,,Corporate,Clothing,Women's Jeans,1,144.83,0.2,,Credit Card,Pending,115.86,False,False,unique,unique
ORD12799,Austin Martin,,,hgolden@example.net,+1-912-541-5212x19338,India,North Feliciaton,North,31290.0,Home Office,Electronics,Earbuds,1,115.67,0.0,,Net Banking,Shipped,115.67,False,False,unique,unique
ORD12089,Max Howard,Female,,stephen52@example.org,729-680-0934x13734,India,West Timothy,South,99606.0,Corporate,Sports,Football,1,115.28,0.0,,Upi,Returned,115.28,False,False,unique,unique
ORD10533,Heather Robinson,Female,,luis51@example.net,+1-858-688-6367x74722,India,New Mariamouth,East,86509.0,Consumer,Home & Kitchen,Storage Box,1,115.02,0.0,,Debit Card,Shipped,115.02,False,False,unique,unique
ORD10952,Teresa Carter,Male,,robertellis@example.com,269-531-7294x763,CANADA,Lake Raymondmouth,North,,Corporate,Sports,Cricket Bat,2,71.53,0.2,,Credit Card,Pending,114.45,False,True,unique,unique
ORD10059,Kathryn Rosario,Female,,toni18@example.net,(703)777-8892,India,Paulmouth,East,89485.0,Consumer,Sports,Football,1,114.16,0.0,2024-03-12,Debit Card,Cancelled,114.16,False,False,unique,unique
ORD11368,Joshua Miller,Female,,lori11@example.org,3296138130,India,Annburgh,East,81512.0,Corporate,Home & Kitchen,Non-stick Pan,1,114.12,0.0,,Credit Card,Delivered,114.12,False,False,unique,unique
ORD12830,Sarah Morgan,Male,,smithcheryl@example.net,+1-942-381-4351x9419,CANADA,Russelltown,East,,Consumer,Home & Kitchen,Non-stick Pan,1,142.39,0.2,2024-04-30,Cash On Delivery,Pending,113.91,False,False,unique,unique
ORD12765,Lisa Watson,Female,,worr@example.net,,United States,Lisastad,North,56038.0,Corporate,Home & Kitchen,Non-stick Pan,1,227.61,0.5,2024-07-01,Cash On Delivery,Delivered,113.8,False,False,unique,unique
ORD12930,Jonathan Smith,Female,,chadwatson@example.net,(626)816-3405,India,Cherylmouth,West,81085.0,Consumer,Home & Kitchen,Cushion Cover,1,113.77,0.0,,Cash On Delivery,Returned,113.77,False,False,unique,unique
ORD11423,Mary Roberts,Female,,lvelez@example.com,784.576.6919,CANADA,North Peterport,East,65430.0,Corporate,Electronics,Bluetooth Speaker,2,71.1,0.2,,Cash On Delivery,Returned,113.76,False,True,unique,unique
ORD10544,Joy Smith,Female,1996-10-25,travis25@example.net,384.444.8354x8847,India,Smithhaven,East,,Home Office,Books,Kids Story Book,5,26.74,0.15,,Net Banking,Delivered,113.64,False,True,unique,unique
ORD11945,Karen Anderson,Male,,xpacheco@example.net,581-255-3925,UNITED STATES,North James,South,64291.0,Home Office,Sports,Dumbbell Set,1,226.92,0.5,2023-02-16,Cash On Delivery,Returned,113.46,False,False,unique,unique
ORD10805,Amber Haas,Male,,taramejia@example.org,891.204.5203,United Kingdom,Calebside,North,39808.0,Consumer,Electronics,Wireless Mouse,1,226.23,0.5,,Debit Card,Delivered,113.12,False,False,unique,unique
ORD12752,Martha Morgan,,,baxtercory@example.com,,India,Tranburgh,North,50228.0,Consumer,Electronics,USB-C Hub,1,118.69,0.05,,Cash On Delivery,Pending,112.76,False,False,unique,unique
ORD11711,Rachel Baker,Male,2003-11-14,carol26@example.org,001-820-733-1465,CANADA,Baldwinville,South,55494.0,Consumer,Electronics,USB-C Hub,1,223.72,0.5,,Cash On Delivery,Cancelled,111.86,False,False,unique,unique
ORD10926,Allen Cummings,Female,,jamesstrong@example.net,001-861-751-2048x5076,United Kingdom,Port Kelsey,South,96250.0,Corporate,Sports,Cricket Bat,2,111.17,0.5,,Net Banking,Returned,111.17,False,True,unique,unique
ORD12499,Nicholas Pennington,Female,,toddescobar@example.com,(615)527-2311,CANADA,Carlosfurt,West,50794.0,Corporate,Sports,Cricket Bat,1,222.31,0.5,,Net Banking,Cancelled,111.16,False,False,unique,unique
ORD12538,Vincent Brooks,Female,,gillespiematthew@example.com,237.834.7763,India,Tiffanystad,South,,Home Office,Books,Fiction Novel,1,111.08,0.0,2024-01-07,Credit  Card,Delivered,111.08,False,False,unique,unique
ORD10564,Alexander Daniels,Female,,hgreer@example.net,001-542-454-7681x826,India,Port Alvin,West,,Consumer,Books,Kids Story Book,3,46.13,0.2,,Cash On Delivery,Returned,110.71,False,True,unique,unique
ORD10360,Kevin Tran,Male,1983-02-05,fpeterson@example.com,466.437.7805,India,Sherrytown,North,66010.0,Corporate,Beauty,Sunscreen SPF50,1,138.3,0.2,,Upi,Delivered,110.64,False,False,unique,unique
ORD12680,Victoria Lopez,Female,,stacy31@example.net,,India,Burtonview,East,,Corporate,Beauty,Hair Serum,1,110.49,0.0,,Credit Card,Returned,110.49,False,False,unique,unique
ORD10060,Maria Jones,Female,,umitchell@example.net,+1-625-819-2546x291,United Kingdom,Lisahaven,South,12750.0,Home Office,Electronics,USB-C Hub,1,220.93,0.5,2024-04-16,Net Banking,Pending,110.46,False,False,unique,unique
ORD11218,Thomas Harvey,Male,,zacharyschneider@example.net,001-274-977-6565,CANADA,West Markview,West,85519.0,Corporate,Sports,Football,1,220.73,0.5,2024-08-02,Debit Card,Delivered,110.36,False,False,unique,unique
ORD10526,Jeff Malone,Male,,hernandezmatthew@example.net,001-643-289-7607,United States,Port Tracystad,South,,Consumer,Sports,Dumbbell Set,1,219.99,0.5,,Credit Card,Pending,110.0,False,False,unique,unique
ORD11464,Jeremy Jefferson,Male,1989-03-11,michael59@example.net,001-635-958-8108x22775,India,Burtonfort,East,36088.0,Home Office,Home & Kitchen,LED Lamp,1,109.73,0.0,,Credit Card,Returned,109.73,False,False,unique,unique
ORD12475,Richard Holt,Female,2005-04-05,thomas91@example.com,959-928-4276,United States,Curtismouth,South,32221.0,Home Office,Home & Kitchen,LED Lamp,3,73.13,0.5,,Cash On Delivery,Pending,109.7,False,True,unique,unique
ORD12411,Lindsay Barber,Female,1980-08-20,,915.643.4491,UNITED STATES,Smithside,South,37891.0,Corporate,Clothing,Women's Jeans,1,109.53,0.0,,Upi,Returned,109.53,False,False,unique,unique
ORD10801,Michael Cross Dds,Male,,,,India,North Stephanie,North,,Consumer,Books,Kids Story Book,2,54.69,0.0,,Upi,Cancelled,109.38,False,True,unique,unique
ORD10595,Carrie Coffey,Female,,michealsmith@example.com,(507)868-3625,India,Stephensonmouth,South,96635.0,Consumer,Home & Kitchen,Cushion Cover,1,128.64,0.15,,Debit Card,Pending,109.34,False,False,unique,unique
ORD11587,Thomas Walters,Female,,shawnanderson@example.com,(960)241-4264x3029,UNITED STATES,East Kristyberg,East,,Consumer,Electronics,Smartwatch,2,64.16,0.15,,Upi,Delivered,109.07,False,True,unique,unique
ORD12044,Mr. Shane Jones,Male,,wesley46@example.net,747.252.9148x356,United States,Duncanberg,West,60541.0,Corporate,Sports,Cricket Bat,1,108.8,0.0,,Net Banking,Pending,108.8,False,False,unique,unique
ORD10853,Dr. Austin Baker,Male,2008-04-15,jared50@example.org,885.802.2894,India,Howardmouth,West,96161.0,Consumer,Books,Fiction Novel,2,54.37,0.0,2024-09-28,Cash On Delivery,Shipped,108.74,False,True,unique,unique
ORD11057,Christine Zuniga,Female,,sara48@example.com,622.788.3904x7331,India,Nicholasland,South,,Corporate,Electronics,Smartwatch,1,120.6,0.1,2024-05-16,Upi,Pending,108.54,False,False,unique,unique
ORD12395,Todd Thompson,,,usingh@example.com,2178733701,United States,Jameston,East,,Home Office,Sports,Dumbbell Set,2,54.18,0.0,2023-09-10,Upi,Shipped,108.36,False,True,unique,unique
ORD12501,Crystal Vazquez,Male,1986-03-25,mharrington@example.net,816.246.2929x1773,India,Johntown,West,,Corporate,Sports,Yoga Mat,1,108.2,0.0,,Cash On Delivery,Cancelled,108.2,False,False,unique,unique
ORD10675,Amy Evans,,,heathercabrera@example.org,,United States,Matthewchester,West,10252.0,Corporate,Beauty,Sunscreen SPF50,2,54.03,0.0,2024-12-12,Cash On Delivery,Cancelled,108.06,False,True,unique,unique
ORD12903,Darren Costa,,1986-06-29,matthewcarlson@example.org,553.562.4799x052,India,Thomastown,South,99945.0,Corporate,Beauty,Face Wash,1,119.94,0.1,,Credit Card,Cancelled,107.95,False,False,unique,unique
ORD12602,Kevin Hunt,Female,2001-02-04,katrinawest@example.com,+1-574-956-5992x50763,UNITED KINGDOM,South Keith,North,,Consumer,Sports,Yoga Mat,1,119.93,0.1,,Credit Card,Returned,107.94,False,False,unique,unique
ORD11326,Jacob Neal,Male,,gentryeduardo@example.org,(317)441-3644x59476,India,New Anneland,West,83714.0,Corporate,Home & Kitchen,Blender,1,119.75,0.1,2023-04-18,Credit Card,Shipped,107.78,False,False,unique,unique
ORD11909,Christopher Hernandez,Male,,traceymelton@example.com,475-437-6445x12562,India,New Tamiborough,West,37283.0,Home Office,Electronics,USB-C Hub,1,107.12,0.0,2024-07-17,Cash On Delivery,Cancelled,107.12,False,False,unique,unique
ORD12909,Kimberly Barrett,Female,,,+1-689-229-3090x77258,CANADA,New Daniellechester,West,25008.0,Consumer,Home & Kitchen,Cushion Cover,1,214.02,0.5,2024-04-07,Debit Card,Pending,107.01,False,False,unique,unique
ORD11755,Jonathan Avila,Female,,brandonsmith@example.com,504-315-0749,CANADA,Grayhaven,East,,Home Office,Electronics,Earbuds,1,112.46,0.05,,Credit Card,Cancelled,106.84,False,False,unique,unique
ORD10429,Nathan Wilkerson,Female,1999-05-11,,+1-822-288-9857x2545,UNITED STATES,Allenland,North,,Corporate,Beauty,Hair Serum,1,213.44,0.5,,Cash On Delivery,Pending,106.72,False,False,unique,unique
ORD12268,Justin Rojas,Male,,udaniels@example.com,+1-887-849-3203x922,India,Johnsonborough,North,62162.0,Home Office,Beauty,Sunscreen SPF50,1,132.87,0.2,,Cash On Delivery,Cancelled,106.3,False,False,unique,unique
ORD12671,Jordan Foster,Male,,carolynmiller@example.org,7424018590,United States,Perezland,South,72572.0,Corporate,Clothing,Formal Shirt,1,211.88,0.5,,Upi,Cancelled,105.94,False,False,unique,unique
ORD12410,Mark Fox,Female,,tonyarowe@example.org,001-555-976-9308,India,South Carmenshire,West,95608.0,Consumer,Electronics,Earbuds,2,105.47,0.5,2023-02-19,Net Banking,Cancelled,105.47,False,True,unique,unique
ORD11603,Matthew Rivas,Female,,marcrobbins@example.org,472-472-7973,India,North Melanieside,North,,Consumer,Sports,Cricket Bat,1,110.99,0.05,,Upi,Returned,105.44,False,False,unique,unique
ORD12493,David Rodriguez,Male,,tbaldwin@example.com,001-299-589-0716x778,India,Port Gabrielport,North,,Consumer,Home & Kitchen,LED Lamp,2,105.34,0.5,,Cash On Delivery,Pending,105.34,False,True,unique,unique
ORD11510,Angela Thompson,Female,,kellyrodriguez@example.com,(316)580-9564x1854,CANADA,Lake James,West,51889.0,Consumer,Beauty,Lipstick Set,2,61.94,0.15,,Upi,Shipped,105.3,False,True,unique,unique
ORD12580,Sandra Palmer,Male,,chelsea60@example.com,269-605-0849x517,CANADA,Port Brandon,North,,Consumer,Clothing,Men's T-Shirt,5,21.02,0.0,,Upi,Delivered,105.1,False,True,unique,unique
ORD12764,Heather Chase,Male,,grace27@example.org,,United States,West Michaelland,East,23537.0,Corporate,Beauty,Hair Serum,1,110.11,0.05,,Debit Card,Delivered,104.6,False,False,unique,unique
ORD10437,April Hayes,Male,,cynthiafowler@example.net,503-736-8296,United States,East Teresa,East,76108.0,Home Office,Sports,Yoga Mat,1,115.85,0.1,,Cash On Delivery,Cancelled,104.26,False,False,unique,unique
ORD11543,Lydia Hayes,Female,1970-10-07,kristina42@example.com,(847)677-7444,United States,North Kevin,East,37504.0,Home Office,Books,Fiction Novel,1,130.33,0.2,,Upi,Cancelled,104.26,False,False,unique,unique
ORD11927,Richard Sharp,,,lwilson@example.com,453-214-5955x0800,India,Higginsstad,East,40479.0,Corporate,Sports,Yoga Mat,1,115.55,0.1,,Cash On Delivery,Returned,104.0,False,False,unique,unique
ORD11893,Kimberly Jordan,Female,,,782-730-0971x547,United Kingdom,North Lisaborough,North,28823.0,Corporate,Books,Kids Story Book,3,34.5,0.0,2023-10-08,Upi,Cancelled,103.5,False,True,unique,unique
ORD11858,Jasmine Rojas,Male,1982-11-16,mgross@example.com,(536)580-5373x80882,United States,New Stevenland,South,80285.0,Home Office,Books,Kids Story Book,2,103.32,0.5,,Cash On Delivery,Pending,103.32,False,True,unique,unique
ORD10043,Megan Le,Male,1992-03-28,courtneyberger@example.net,7478095214,United Kingdom,East David,East,71202.0,Consumer,Sports,Yoga Mat,1,121.21,0.15,,Upi,Delivered,103.03,False,False,unique,unique
ORD12600,Andrea Harris,Male,,katherine62@example.org,001-446-713-3547x3370,United States,Michaelfurt,North,,Home Office,Electronics,Laptop Stand,1,121.18,0.15,,Upi,Cancelled,103.0,False,False,unique,unique
ORD11033,Yolanda Smith,Male,1997-10-28,lori01@example.com,5368309442,United States,East Brandonmouth,West,96356.0,Consumer,Home & Kitchen,Storage Box,1,102.94,0.0,,Cash On Delivery,Delivered,102.94,False,False,unique,unique
ORD12674,Melissa Wilson,,,popejeanette@example.org,856-305-1820x808,India,Casetown,West,69481.0,Consumer,Sports,Cricket Bat,1,107.85,0.05,,Credit Card,Shipped,102.46,False,False,unique,unique
ORD10500,Alisha Gray,Female,1998-01-22,rhonda81@example.net,5836583286,India,West Martin,East,,Corporate,Beauty,Lipstick Set,2,101.88,0.5,,Credit Card,Cancelled,101.88,False,True,duplicates,duplicates
ORD10933,Jessica Colon,Female,,craigblair@example.net,(200)332-0319x7899,CANADA,Port Joshuatown,West,28007.0,Corporate,Electronics,Wireless Mouse,1,202.24,0.5,2023-08-06,Upi,Returned,101.12,False,False,unique,unique
ORD12354,Deanna Williams,Male,,,486-483-0434,India,Fernandezborough,South,17642.0,Consumer,Books,Self-Help Book,2,53.17,0.05,,Debit Card,Delivered,101.02,False,True,unique,unique
ORD10222,Joshua Mcbride,Male,,haley82@example.com,001-829-825-1881x25205,India,Scottview,East,,Corporate,Electronics,Laptop Stand,5,40.34,0.5,,Debit Card,Pending,100.85,False,True,unique,unique
ORD12051,Andrew Boone,Male,1993-06-25,charlesowen@example.com,2318588785,India,Smithchester,East,58811.0,Corporate,Clothing,Men's T-Shirt,2,62.59,0.2,,Credit  Card,Pending,100.14,False,True,unique,unique
ORD12522,David Bishop,Male,,johnsonandrew@example.org,+1-810-300-3266,UNITED STATES,Castrohaven,East,94548.0,Consumer,Sports,Yoga Mat,2,52.66,0.05,,Credit  Card,Pending,100.05,False,True,unique,unique
ORD11454,Joseph Cook,Female,1996-11-24,castillodana@example.net,+1-312-492-3613,India,South Steven,South,48200.0,Home Office,Books,Fiction Novel,2,49.68,0.0,2024-03-12,Cash On Delivery,Cancelled,99.36,False,True,unique,unique
ORD10010,Krista Williams,Female,,novaksara@example.org,,India,South Todd,North,,Home Office,Electronics,Bluetooth Speaker,2,99.15,0.5,,Credit  Card,Returned,99.15,False,True,unique,unique
ORD10682,Jill Harris,Female,,paullopez@example.net,+1-937-674-6040x67200,India,South Daniel,South,,Consumer,Electronics,Wireless Mouse,2,58.19,0.15,,Cash On Delivery,Pending,98.92,False,True,duplicates,duplicates
ORD12341,Denise Brown,Female,1996-03-01,tina16@example.org,(638)313-7057,UNITED KINGDOM,East Thomasburgh,West,23466.0,Corporate,Clothing,Men's T-Shirt,1,195.76,0.5,2023-10-30,Upi,Cancelled,97.88,False,False,unique,unique
ORD10962,David Skinner,Male,1985-06-08,lwashington@example.com,,United States,West Steven,East,,Consumer,Books,Kids Story Book,2,54.35,0.1,,Debit Card,Cancelled,97.83,False,True,unique,unique
ORD12792,Nicole Johnson,Male,,robert02@example.net,+1-991-470-8880,United States,Edwardton,South,,Home Office,Electronics,Smartwatch,1,97.69,0.0,2023-12-15,Upi,Returned,97.69,False,False,unique,unique
ORD11748,Julie Robinson,Female,,mikaylabruce@example.com,2976978550,United States,Wendyton,West,,Corporate,Electronics,USB-C Hub,1,114.67,0.15,2023-11-20,Net Banking,Shipped,97.47,False,False,unique,unique
ORD10076,Angel May,Male,,katiebutler@example.net,9783447364,India,East Scottfort,South,61376.0,Home Office,Electronics,Bluetooth Speaker,1,121.82,0.2,,Net Banking,Delivered,97.46,False,False,duplicates,duplicates
ORD10131,Samantha Terry,Female,,eddie35@example.com,404.342.0678x83171,UNITED STATES,North Mariabury,South,17634.0,Consumer,Sports,Cricket Bat,2,47.91,0.0,,Net Banking,Pending,95.82,False,True,unique,unique
ORD10546,David Parker,Female,1975-04-04,tgarcia@example.net,492.752.3622,CANADA,Valdezchester,East,95720.0,Corporate,Beauty,Face Wash,1,100.51,0.05,,Credit  Card,Pending,95.48,False,False,unique,unique
ORD11123,David Kemp,Male,,ymercer@example.com,+1-632-803-1726x65282,United States,Josephshire,South,,Home Office,Home & Kitchen,Storage Box,1,190.03,0.5,,Credit Card,Cancelled,95.02,False,False,unique,unique
ORD10030,Diane Garcia,Male,,michaelturner@example.net,+1-324-200-8427,United States,Taylormouth,East,45158.0,Home Office,Sports,Yoga Mat,2,47.38,0.0,,Cash On Delivery,Cancelled,94.76,False,True,unique,unique
ORD12292,Debra Cohen,Male,,shawn18@example.net,3777949148,United States,West Josephchester,North,12645.0,Home Office,Books,Cook Book,1,94.65,0.0,,Credit  Card,Delivered,94.65,False,False,unique,unique
ORD11154,Joshua Rhodes,Female,,vmooney@example.com,+1-207-789-4767x200,United States,North Jonathan,North,,Consumer,Electronics,Wireless Mouse,2,55.65,0.15,,Debit Card,Delivered,94.6,False,True,unique,unique
ORD12896,Tim Greer,Male,,gserrano@example.com,884-413-0093x22064,CANADA,South Debrafort,West,23043.0,Home Office,Beauty,Hair Serum,1,189.08,0.5,,Credit Card,Pending,94.54,False,False,unique,unique
ORD11752,Timothy Webb,Female,,jeffrey98@example.org,949-524-1371,United States,Port Oliviaborough,West,74734.0,Consumer,Sports,Cricket Bat,2,47.21,0.0,,Debit Card,Cancelled,94.42,False,True,unique,unique
ORD12623,Natalie Cook,Male,,jason42@example.net,303.697.7338x004,UNITED KINGDOM,East Denise,North,,Consumer,Books,Self-Help Book,1,117.94,0.2,,Credit Card,Pending,94.35,False,False,unique,unique
ORD12262,Laura Williams,Male,,dillonjoshua@example.net,,India,Johnsonfurt,North,94399.0,Home Office,Electronics,Wireless Mouse,1,188.19,0.5,,Net Banking,Delivered,94.1,False,False,unique,unique
ORD12552,Frank Horton,Female,,,,India,Crawfordfort,West,,Consumer,Electronics,Wireless Mouse,1,93.5,0.0,,Credit  Card,Cancelled,93.5,False,False,unique,unique
ORD10570,Cynthia Carpenter,Female,1994-08-24,tochoa@example.net,2575798066,CANADA,North Crystal,North,43618.0,Consumer,Home & Kitchen,Storage Box,1,184.87,0.5,,Credit Card,Cancelled,92.44,False,False,unique,unique
ORD12498,Dawn Bryan,Male,1988-10-03,gardnerchristopher@example.org,942-472-5573x01808,India,Wesleyburgh,South,29894.0,Consumer,Beauty,Lipstick Set,1,102.52,0.1,,Cash On Delivery,Shipped,92.27,False,False,unique,unique
ORD10289,Annette Lewis,Male,,,001-575-892-7125x663,CANADA,Port Traceyville,North,61567.0,Consumer,Beauty,Sunscreen SPF50,2,46.13,0.0,,Credit  Card,Returned,92.26,False,True,unique,unique
ORD12992,Tiffany Turner,,,xlee@example.net,001-873-911-1354x9258,UNITED STATES,Luisport,West,,Corporate,Home & Kitchen,Cushion Cover,1,184.36,0.5,,Upi,Shipped,92.18,False,False,unique,unique
ORD10022,Jessica Meadows,Female,,juliawells@example.com,001-334-487-3471x43455,United Kingdom,East Patrick,South,,Consumer,Electronics,USB-C Hub,2,92.06,0.5,2023-04-22,Credit Card,Delivered,92.06,False,True,unique,unique
ORD10906,Tracy Bradshaw,Female,,michellehall@example.org,+1-905-677-2044x100,UNITED KINGDOM,New Jasonview,East,,Consumer,Home & Kitchen,Blender,3,33.93,0.1,,Credit  Card,Cancelled,91.61,False,True,unique,unique
ORD12918,Stephen Boyd,,,brittney10@example.net,571.375.6635x790,UNITED STATES,Hodgesborough,South,21671.0,Corporate,Home & Kitchen,LED Lamp,2,48.2,0.05,,Credit Card,Delivered,91.58,False,True,unique,unique
ORD12691,Jason Cook,,,julie18@example.com,6479735031,United Kingdom,Calebbury,East,24427.0,Corporate,Beauty,Hair Serum,2,45.74,0.0,,Debit Card,Cancelled,91.48,False,True,unique,unique
ORD12311,Bethany Hernandez,Female,,barryvincent@example.com,001-235-821-5173x466,CANADA,Lake Jonathan,East,13871.0,Home Office,Electronics,Smartwatch,1,107.55,0.15,,Net Banking,Cancelled,91.42,False,False,unique,unique
ORD11692,Kathryn Mcguire,Female,1982-07-03,rpham@example.net,(399)216-5872x36341,United Kingdom,Amandamouth,East,58127.0,Consumer,Electronics,Smartwatch,1,96.09,0.05,,Cash On Delivery,Returned,91.29,False,False,unique,unique
ORD11754,Nancy Molina,,,cochranlucas@example.net,001-377-225-0402x58988,India,Lindahaven,East,59162.0,Home Office,Electronics,USB-C Hub,1,91.02,0.0,,Debit Card,Pending,91.02,False,False,unique,unique
ORD10283,Alicia Green,Male,,luisjohns@example.org,,India,Frankview,North,47839.0,Home Office,Beauty,Sunscreen SPF50,1,107.05,0.15,,Credit Card,Cancelled,90.99,False,False,unique,unique
ORD12881,Wendy Liu,Male,,,,UNITED STATES,Rodneyborough,South,,Consumer,Home & Kitchen,Non-stick Pan,1,181.87,0.5,,Net Banking,Returned,90.94,False,False,unique,unique
ORD12429,April Warner,Female,,jamesreed@example.com,791.330.2792x9902,India,North Lauraburgh,North,22701.0,Consumer,Sports,Football,5,20.09,0.1,,Credit  Card,Shipped,90.4,False,True,unique,unique
ORD11846,Kenneth Liu,Female,,vbradshaw@example.org,(402)753-6873x2092,India,Michaelside,East,3072.0,Consumer,Sports,Dumbbell Set,1,112.92,0.2,,Net Banking,Returned,90.34,False,False,unique,unique
ORD11612,Donald Cox,Female,,singhnicole@example.com,644.621.1175,India,Victoriamouth,North,,Consumer,Sports,Football,1,112.78,0.2,,Cash On Delivery,Cancelled,90.22,False,False,unique,unique
ORD12017,Mr. David Hurst,,,mathewanderson@example.net,+1-209-610-0634x741,United States,North Erica,North,,Corporate,Beauty,Sunscreen SPF50,2,89.45,0.5,,Debit Card,Pending,89.45,False,True,unique,unique
ORD10464,Jasmine Ross,,,samantha94@example.org,001-565-692-3426,United States,Christophershire,South,82856.0,Consumer,Clothing,Running Shoes,1,178.55,0.5,,Credit Card,Returned,89.28,False,False,unique,unique
ORD12756,Joseph Rogers,Female,,,738.268.6123x58790,United Kingdom,Burnettton,West,92571.0,Corporate,Clothing,Men's T-Shirt,2,89.22,0.5,,Cash On Delivery,Delivered,89.22,False,True,unique,unique
ORD10044,Jonathan Nelson,Female,1968-06-30,scoffey@example.net,,India,Lindamouth,East,10370.0,Corporate,Sports,Cricket Bat,1,89.14,0.0,,Cash On Delivery,Cancelled,89.14,False,False,unique,unique
ORD12302,Nicholas Kirk,Male,,john88@example.org,(284)682-7230x9907,United Kingdom,Hillmouth,North,921.0,Home Office,Clothing,Formal Shirt,1,98.97,0.1,,Net Banking,Pending,89.07,False,False,unique,unique
ORD12370,Edward Jones,Female,,,,India,Lake Christina,North,,Corporate,Clothing,Women's Jeans,1,88.79,0.0,,Credit Card,Returned,88.79,False,False,unique,unique
ORD12124,Lindsay Ball,Male,,tmay@example.net,+1-955-430-0173x1412,United Kingdom,Brianaville,East,84166.0,Consumer,Beauty,Face Wash,5,35.35,0.5,,Upi,Shipped,88.38,False,True,unique,unique
ORD11618,Samuel Adams,Female,,garciarachel@example.com,4239160040,India,New Sarah,North,81894.0,Home Office,Books,Kids Story Book,1,176.36,0.5,2024-01-31,Upi,Returned,88.18,False,False,unique,unique
ORD11702,Janet Graham,Male,,diana53@example.net,+1-824-321-6943x5328,India,Piercetown,South,48433.0,Consumer,Sports,Dumbbell Set,1,88.14,0.0,,Credit Card,Shipped,88.14,False,False,unique,unique
ORD12382,Monica Cortez,Female,,meaganevans@example.net,547-359-7113x15687,India,East Kennethfurt,North,39255.0,Consumer,Books,Kids Story Book,1,109.87,0.2,,Debit Card,Cancelled,87.9,False,False,unique,unique
ORD11120,Micheal Gonzalez,Male,,susanwhite@example.org,001-614-939-0705,India,South Brendan,East,15445.0,Home Office,Home & Kitchen,Non-stick Pan,1,109.59,0.2,2023-09-02,Debit Card,Pending,87.67,False,False,unique,unique
ORD12145,Tiffany Clements,Female,2000-05-04,megan96@example.com,001-347-311-8132x0723,United States,Teresamouth,North,,Corporate,Electronics,Smartwatch,1,87.45,0.0,,Credit Card,Shipped,87.45,False,False,unique,unique
ORD11456,Melanie Turner,Male,1986-01-30,william30@example.org,485-973-6540x449,CANADA,New Brian,West,1797.0,Consumer,Sports,Cricket Bat,1,96.89,0.1,,Credit Card,Delivered,87.2,False,False,unique,unique
ORD11952,Joseph Maldonado,Female,,scottcollins@example.net,(739)260-4244,CANADA,West Marissa,South,51610.0,Consumer,Electronics,Smartwatch,1,102.35,0.15,2023-12-29,Credit Card,Pending,87.0,False,False,unique,unique
ORD10813,Kevin Edwards,Female,,sjackson@example.org,(888)400-5378x9318,India,Nolanhaven,West,36691.0,Corporate,Home & Kitchen,Storage Box,3,57.97,0.5,,Debit Card,Delivered,86.96,False,True,unique,unique
ORD12545,Ian Barrera,Female,,glee@example.org,(405)640-7647x186,India,South Amy,West,15003.0,Home Office,Beauty,Hair Serum,2,43.43,0.0,,Credit Card,Cancelled,86.86,False,True,unique,unique
ORD11836,Erin Rasmussen,Male,2003-07-11,jbrown@example.com,(793)847-7966x0548,UNITED KINGDOM,West Thomas,South,1579.0,Home Office,Books,Cook Book,1,86.6,0.0,,Credit Card,Delivered,86.6,False,False,unique,unique
ORD11085,Marvin Vargas,Female,,moodysamuel@example.org,+1-357-280-9783x0280,India,Curtisport,West,93862.0,Home Office,Electronics,USB-C Hub,1,107.63,0.2,2024-11-19,Upi,Delivered,86.1,False,False,unique,unique
ORD12554,Peter Byrd,Female,,jonesemily@example.net,606-254-7651x267,India,Kellybury,West,46170.0,Home Office,Beauty,Sunscreen SPF50,1,95.49,0.1,2023-03-15,Credit Card,Cancelled,85.94,False,False,unique,unique
ORD10258,Collin Johnson,Female,1961-10-25,tracybrown@example.net,+1-547-987-0050x5061,India,Lake Beth,North,9942.0,Consumer,Electronics,Smartwatch,1,107.26,0.2,,Credit  Card,Returned,85.81,False,False,unique,unique
ORD10700,Samantha Carter,Female,,wmoore@example.com,001-940-826-3558x24301,India,Robertview,East,38590.0,Home Office,Home & Kitchen,Non-stick Pan,2,85.41,0.5,2024-01-10,Credit Card,Pending,85.41,False,True,unique,unique
ORD10582,James Johnson,Female,,michele23@example.net,+1-972-483-5129x592,United States,Port Lori,South,4477.0,Home Office,Electronics,Wireless Mouse,2,84.41,0.5,,Cash On Delivery,Pending,84.41,False,True,unique,unique
ORD10047,Lisa Crosby,Male,,jeff73@example.com,958-350-6431,CANADA,Lake Danielle,East,3300.0,Home Office,Home & Kitchen,Storage Box,1,104.39,0.2,,Debit Card,Pending,83.51,False,False,unique,unique
ORD10650,Mark Webster,Male,,staylor@example.com,876.488.6878x59964,United States,Martinezton,South,27618.0,Corporate,Clothing,Women's Jeans,1,166.97,0.5,,Debit Card,Pending,83.48,False,False,unique,unique
ORD12763,Ronald Perez,,1974-11-17,lruiz@example.org,288-444-0147,India,North Gabriela,East,49916.0,Corporate,Clothing,Women's Jeans,1,92.2,0.1,,Debit Card,Pending,82.98,False,False,unique,unique
ORD12181,Michael Jones,Female,,karen73@example.org,314-296-3360,United States,Elizabethport,South,88654.0,Home Office,Beauty,Lipstick Set,1,87.05,0.05,,Net Banking,Delivered,82.7,False,False,unique,unique
ORD10460,Darren Gordon,Male,1996-11-02,garcialinda@example.com,775.984.7457x054,CANADA,West Ginatown,South,19886.0,Home Office,Electronics,Smartwatch,2,43.52,0.05,,Credit Card,Cancelled,82.69,False,True,unique,unique
ORD11031,James Anderson,Male,,michael57@example.net,664.957.8655x57512,India,Hilltown,North,7356.0,Consumer,Beauty,Hair Serum,3,54.54,0.5,2023-10-10,Upi,Shipped,81.81,False,True,unique,unique
ORD12021,Robert Norris,Male,1975-07-18,murphyjulie@example.org,001-537-906-9511x81961,India,Dianastad,West,43190.0,Home Office,Electronics,Wireless Mouse,3,32.02,0.15,,Credit Card,Delivered,81.65,False,True,unique,unique
ORD11949,Dr. Kristina Cowan,Female,1972-11-08,kgarcia@example.org,+1-736-824-8748,UNITED KINGDOM,East Lisa,North,71874.0,Home Office,Clothing,Running Shoes,5,16.31,0.0,,Net Banking,Delivered,81.55,False,True,unique,unique
ORD11078,John Terry,Male,1997-09-07,,+1-336-578-5764x639,United States,North Samanthafort,East,40040.0,Home Office,Books,Kids Story Book,1,163.06,0.5,2024-03-24,Cash On Delivery,Delivered,81.53,False,False,unique,unique
ORD11873,Mitchell Haas,Male,,mcooper@example.net,+1-775-492-0415,UNITED STATES,Port Jeremy,East,13473.0,Home Office,Home & Kitchen,Non-stick Pan,1,162.63,0.5,,Debit Card,Delivered,81.32,False,False,unique,unique
ORD10271,Andrea Fletcher,Male,,john17@example.net,001-993-935-5486x40155,United Kingdom,South Jenniferside,West,38808.0,Corporate,Clothing,Formal Shirt,3,31.89,0.15,2023-11-26,Credit  Card,Pending,81.32,False,True,unique,unique
ORD10067,Richard Cooper,Female,,ingramjill@example.com,(405)385-2772,CANADA,Johnsonborough,North,6242.0,Corporate,Sports,Cricket Bat,1,85.31,0.05,,Upi,Returned,81.04,False,False,unique,unique
ORD12484,John Jacobs,,,copelandryan@example.net,001-923-482-0002x97806,United Kingdom,Robertmouth,South,,Consumer,Sports,Yoga Mat,1,80.44,0.0,,Debit Card,Cancelled,80.44,False,False,unique,unique
ORD10057,Jordan Bullock,Female,1977-05-15,joelthomas@example.org,(992)712-7799,United States,Edwardland,West,61963.0,Consumer,Sports,Football,1,94.31,0.15,,Credit Card,Cancelled,80.16,False,False,unique,unique
ORD12472,Christopher Lewis,Male,,frymiranda@example.org,(637)207-2742x00502,UNITED STATES,Hudsonbury,East,,Consumer,Beauty,Lipstick Set,1,99.56,0.2,,Debit Card,Cancelled,79.65,False,False,unique,unique
ORD11142,Kathleen Rice,Female,1987-03-11,michael51@example.com,+1-760-791-9351x1745,India,Lake Shawn,North,,Home Office,Books,Self-Help Book,1,79.51,0.0,,Upi,Shipped,79.51,False,False,unique,unique
ORD12434,Stephanie Nunez,,,linda19@example.com,570.807.1910x353,India,West Claire,East,15496.0,Consumer,Home & Kitchen,Cushion Cover,1,158.68,0.5,,Cash On Delivery,Shipped,79.34,False,False,unique,unique
ORD12757,Sean Cunningham,Female,,,+1-485-863-6667x31396,India,East Amy,East,60648.0,Corporate,Electronics,USB-C Hub,3,52.86,0.5,,Credit  Card,Returned,79.29,False,True,unique,unique
ORD11600,Anita Rodriguez,Female,,jessica28@example.net,326.370.1167,India,Benitezmouth,West,97752.0,Consumer,Beauty,Hair Serum,2,41.71,0.05,,Debit Card,Returned,79.25,False,True,unique,unique
ORD11500,Jessica Lane,Female,1967-09-27,frodriguez@example.net,(599)233-5303x13878,United Kingdom,Daniellehaven,East,17881.0,Corporate,Clothing,Winter Jacket,1,79.15,0.0,,Upi,Shipped,79.15,False,False,unique,unique
ORD12442,Jordan Mcguire,,1997-07-05,gholmes@example.net,907-286-3201,India,North Tracy,East,69345.0,Corporate,Books,Fiction Novel,1,79.14,0.0,2023-03-30,Cash On Delivery,Shipped,79.14,False,False,unique,unique
ORD11975,Michael Merritt,Female,,andersondonna@example.org,284.367.2644,United Kingdom,Lake Valerie,West,,Corporate,Electronics,Smartwatch,1,93.01,0.15,,Cash On Delivery,Shipped,79.06,False,False,unique,unique
ORD10079,Jessica Khan,Female,,zdiaz@example.org,001-983-658-4168,UNITED STATES,East Theresafurt,East,49416.0,Corporate,Sports,Yoga Mat,1,158.1,0.5,,Net Banking,Delivered,79.05,False,False,unique,unique
ORD10642,Daniel Munoz,Female,,,+1-453-820-8953,United States,New Christina,South,21524.0,Corporate,Books,Fiction Novel,1,98.16,0.2,,Upi,Shipped,78.53,False,False,unique,unique
ORD10157,Kara Hernandez,Female,,turnerdorothy@example.net,549.592.6189x14117,CANADA,Marieborough,West,,Home Office,Electronics,USB-C Hub,1,78.36,0.0,2024-05-28,Cash On Delivery,Delivered,78.36,False,False,unique,unique
ORD12705,Marie Hebert,Male,1974-12-03,michaelmorton@example.net,2963933757,United States,Stephanietown,East,,Home Office,Books,Self-Help Book,1,155.56,0.5,2024-01-22,Debit Card,Shipped,77.78,False,False,unique,unique
ORD11759,Kenneth Rodriguez,Female,,fclark@example.org,001-281-566-8813,India,Noahville,West,89546.0,Home Office,Electronics,Smartwatch,3,28.48,0.1,2023-05-12,Upi,Shipped,76.9,False,True,unique,unique
ORD10889,Ronald Graham,Male,1975-10-07,edwardsdavid@example.net,765-835-3780x1891,CANADA,Lopezview,East,50507.0,Corporate,Clothing,Running Shoes,2,38.0,0.0,2023-12-29,Upi,Pending,76.0,False,True,unique,unique
ORD11174,Taylor Henderson,Male,,ashleyhall@example.net,(419)641-1839x0934,CANADA,West Aaron,South,56159.0,Consumer,Sports,Football,1,75.78,0.0,,Cash On Delivery,Pending,75.78,False,False,unique,unique
ORD12309,Paula Palmer,Female,,wanda38@example.org,,CANADA,Henrychester,South,45990.0,Corporate,Sports,Yoga Mat,1,93.77,0.2,2024-07-17,Cash On Delivery,Delivered,75.02,False,False,unique,unique
ORD12143,Brandy Freeman,Female,1998-11-13,jwhite@example.org,,United States,Wendybury,North,,Consumer,Electronics,Earbuds,1,149.99,0.5,,Cash On Delivery,Delivered,75.0,False,False,unique,unique
ORD12700,Anthony Mckay,Male,2008-06-21,arogers@example.net,769-754-4956x977,United Kingdom,Sloanland,South,21530.0,Home Office,Books,Fiction Novel,1,74.88,0.0,,Cash On Delivery,Shipped,74.88,False,False,unique,unique
ORD11511,Brenda Peterson,Male,,murphyryan@example.com,+1-217-791-5782,United Kingdom,Lake Leah,North,78180.0,Home Office,Clothing,Men's T-Shirt,1,74.79,0.0,,Credit Card,Shipped,74.79,False,False,unique,unique
ORD11585,Dustin Gray,Female,,hfoley@example.com,001-715-346-3517x57351,UNITED KINGDOM,Fosterfurt,East,,Consumer,Books,Self-Help Book,1,78.21,0.05,,Upi,Shipped,74.3,False,False,unique,unique
ORD10781,Richard Rodriguez,Female,,john91@example.org,,India,Hornehaven,North,,Home Office,Home & Kitchen,Blender,2,41.01,0.1,,Cash On Delivery,Returned,73.82,False,True,unique,unique
ORD11852,Veronica Reed,Male,,clarkmichelle@example.net,001-218-241-8051x412,India,Greenton,South,36525.0,Corporate,Beauty,Hair Serum,5,14.76,0.0,,Cash On Delivery,Shipped,73.8,False,True,unique,unique
ORD10404,Jeffrey Howard,Female,,danielmitchell@example.org,(465)702-3741x6787,India,Shawfurt,South,,Consumer,Beauty,Face Wash,2,36.81,0.0,,Upi,Delivered,73.62,False,True,unique,unique
ORD11096,Brandon Richards,Female,,dawnlewis@example.net,,CANADA,South Cassandra,East,11609.0,Corporate,Sports,Cricket Bat,1,90.81,0.2,2024-03-16,Net Banking,Shipped,72.65,False,False,unique,unique
ORD11668,Teresa Little,Male,1979-12-01,colonjames@example.org,927-616-1862x869,CANADA,Butlerburgh,West,28760.0,Home Office,Sports,Cricket Bat,2,38.2,0.05,,Debit Card,Cancelled,72.58,False,True,unique,unique
ORD11568,Theresa Walton,Male,,lisa66@example.com,876-608-5208x529,CANADA,Nicoleburgh,South,9755.0,Home Office,Clothing,Women's Jeans,1,85.07,0.15,2023-12-25,Net Banking,Cancelled,72.31,False,False,unique,unique
ORD10368,Tanya Brooks,Male,,smithanthony@example.org,531-531-2206x81558,United States,Mcmillanville,West,30963.0,Corporate,Clothing,Winter Jacket,2,36.11,0.0,2023-06-06,Upi,Delivered,72.22,False,True,unique,unique
ORD10199,Jennifer White,Female,,ebonyshepard@example.net,001-313-326-1117x8006,India,Christineland,West,,Consumer,Clothing,Formal Shirt,1,71.69,0.0,,Credit  Card,Returned,71.69,False,False,unique,unique
ORD12206,Isabel Johnson,Male,,pauljenkins@example.net,(674)739-7384x718,India,Port Paulton,North,23616.0,Home Office,Home & Kitchen,Non-stick Pan,1,143.14,0.5,,Cash On Delivery,Delivered,71.57,False,False,unique,unique
ORD10532,Carol Bell,Male,,potterjustin@example.net,636.482.6911x6331,United Kingdom,Port Kimberly,South,96768.0,Consumer,Electronics,Wireless Mouse,5,14.98,0.05,2024-12-15,Cash On Delivery,Pending,71.16,False,True,unique,unique
ORD11907,Michael Barnes,Male,,,001-216-575-0115x327,UNITED STATES,Katieport,North,,Home Office,Clothing,Winter Jacket,1,82.82,0.15,,Upi,Pending,70.4,False,False,unique,unique
ORD12922,Jeremy Aguilar,Male,,aevans@example.com,,India,East Madelineburgh,East,39743.0,Home Office,Books,Fiction Novel,1,82.7,0.15,2024-03-19,Credit Card,Delivered,70.3,False,False,unique,unique
ORD11504,Guy Vincent,Male,,nmoore@example.com,303.869.5756x29433,India,Wumouth,North,1125.0,Home Office,Books,Fiction Novel,1,87.84,0.2,,Cash On Delivery,Shipped,70.27,False,False,unique,unique
ORD11137,Timothy Palmer,Male,1992-07-30,william48@example.net,858.662.6736,UNITED KINGDOM,Johntown,North,87401.0,Home Office,Sports,Dumbbell Set,1,70.25,0.0,,Cash On Delivery,Cancelled,70.25,False,False,unique,unique
ORD12251,Jennifer Nichols,Female,2002-04-14,justinyoung@example.com,8339460749,United States,Seanport,North,56585.0,Corporate,Books,Kids Story Book,1,70.2,0.0,,Debit Card,Shipped,70.2,False,False,unique,unique
ORD12257,Hannah Mason Dds,Male,,steven97@example.org,,United States,West Morganland,North,60545.0,Corporate,Clothing,Winter Jacket,2,34.98,0.0,,Credit Card,Cancelled,69.96,False,True,unique,unique
ORD12479,Anna Edwards,Female,,ldavis@example.com,(438)602-1245,UNITED KINGDOM,Bradyhaven,South,3787.0,Home Office,Books,Cook Book,2,43.7,0.2,,Upi,Delivered,69.92,False,True,unique,unique
ORD12592,Lauren Savage,,1994-08-21,charles34@example.com,779.327.9693x9205,UNITED KINGDOM,Joycemouth,East,1231.0,Home Office,Clothing,Winter Jacket,2,43.59,0.2,,Debit Card,Delivered,69.74,False,True,unique,unique
ORD11998,Susan Johnson,Female,,bellchristopher@example.net,843.249.3635,CANADA,Ramosbury,South,37774.0,Corporate,Sports,Cricket Bat,1,81.79,0.15,,Cash On Delivery,Pending,69.52,False,False,unique,unique
ORD10717,Jessica Jenkins,Male,,jeffrey44@example.org,477.794.6207x2662,India,New Laurenfort,East,,Home Office,Books,Cook Book,5,16.25,0.15,,Cash On Delivery,Delivered,69.06,False,True,unique,unique
ORD10385,Molly Davis,Male,1993-10-21,sarahmiranda@example.net,,India,Lake Matthewfurt,East,86211.0,Corporate,Beauty,Lipstick Set,1,68.92,0.0,,Upi,Cancelled,68.92,False,False,unique,unique
ORD10907,Sara Day,Male,,tklein@example.org,+1-822-548-7098x7264,India,East Nathaniel,South,65513.0,Corporate,Sports,Dumbbell Set,1,72.46,0.05,,Net Banking,Delivered,68.84,False,False,unique,unique
ORD12394,Maurice Medina Iii,,,allen38@example.org,,United States,New Michael,West,89147.0,Consumer,Books,Kids Story Book,3,22.88,0.0,,Net Banking,Delivered,68.64,False,True,unique,unique
ORD12110,Victoria Lee,Female,,carterkyle@example.com,,United States,East Laurie,West,3466.0,Home Office,Home & Kitchen,Storage Box,1,68.1,0.0,,Debit Card,Pending,68.1,False,False,unique,unique
ORD11881,Lisa Howell,Female,2000-09-19,paultrujillo@example.net,454-841-9838x5792,India,Lake Cassandra,East,13687.0,Home Office,Clothing,Running Shoes,1,67.98,0.0,,Credit  Card,Cancelled,67.98,False,False,unique,unique
ORD11191,Melissa Smith,Male,1969-04-06,tylerodonnell@example.org,547-339-8622x14051,United Kingdom,Bennettport,East,,Consumer,Sports,Dumbbell Set,1,67.96,0.0,2023-12-20,Credit Card,Shipped,67.96,False,False,unique,unique
ORD12702,Carolyn Garcia,Male,,ltaylor@example.org,001-643-342-2082,India,Stevenhaven,West,,Home Office,Electronics,Bluetooth Speaker,5,15.98,0.15,,Credit  Card,Delivered,67.92,False,True,unique,unique
ORD12857,Erin Hines,Female,,ruizdanielle@example.net,8709096089,United Kingdom,Josephmouth,West,,Corporate,Clothing,Running Shoes,1,79.78,0.15,2024-12-19,Cash On Delivery,Cancelled,67.81,False,False,unique,unique
ORD12170,Kenneth Fowler,Male,,johnsonmelissa@example.com,633.282.7653,India,Lake Kevin,West,,Corporate,Books,Kids Story Book,3,26.56,0.15,,Upi,Delivered,67.73,False,True,unique,unique
ORD10738,Sherry Brewer,Female,1990-09-10,brownjoanna@example.org,836.347.2387x50827,India,Thompsonburgh,South,46387.0,Consumer,Home & Kitchen,Storage Box,1,79.54,0.15,2023-12-17,Upi,Pending,67.61,False,False,unique,unique
ORD12638,Rachel Smith,Male,,garciacharles@example.net,263-643-6145x50129,United States,North Rhonda,West,,Home Office,Sports,Yoga Mat,1,74.85,0.1,,Credit Card,Delivered,67.36,False,False,unique,unique
ORD10007,Sandra Parker,Male,,millertodd@example.org,001-682-827-8248x96383,CANADA,Samuelhaven,North,59678.0,Consumer,Home & Kitchen,LED Lamp,2,33.67,0.0,2023-03-30,Credit Card,Shipped,67.34,False,True,unique,unique
ORD11158,Nicole Morrow,Female,,jeffrios@example.net,,United Kingdom,Elizabethland,North,40075.0,Consumer,Home & Kitchen,Cushion Cover,1,74.31,0.1,2023-08-05,Debit Card,Cancelled,66.88,False,False,unique,unique
ORD10101,Richard Knight,,,jacobsonsamantha@example.org,297.440.1489,UNITED STATES,Alexisborough,East,77444.0,Corporate,Beauty,Hair Serum,2,35.17,0.05,,Upi,Delivered,66.82,False,True,unique,unique
ORD10372,Evan Buchanan,Female,,swong@example.org,,United States,Port Jessica,West,45423.0,Home Office,Home & Kitchen,Cushion Cover,1,77.97,0.15,,Debit Card,Delivered,66.27,False,False,unique,unique
ORD11641,Colleen Matthews,Male,,jacobgreen@example.com,482-356-9619,United States,Lake Jenna,East,74885.0,Corporate,Home & Kitchen,Storage Box,1,66.23,0.0,2023-11-26,Cash On Delivery,Shipped,66.23,False,False,unique,unique
ORD10191,Gina Wilson,Female,,nancy94@example.net,669.373.5779x071,CANADA,Schultzbury,East,89225.0,Home Office,Electronics,Smartwatch,1,66.0,0.0,,Net Banking,Delivered,66.0,False,False,unique,unique
ORD11722,Nathan Deleon,Female,1976-05-06,janetbrown@example.net,+1-657-923-5019,United States,South Tony,West,55881.0,Home Office,Electronics,Bluetooth Speaker,1,65.89,0.0,,Cash On Delivery,Shipped,65.89,False,False,unique,unique
ORD11911,Kevin Pearson,,,matthew06@example.net,,United Kingdom,New Jennifer,East,81287.0,Corporate,Home & Kitchen,Non-stick Pan,1,130.47,0.5,,Cash On Delivery,Pending,65.24,False,False,unique,unique
ORD10281,Elizabeth Richards,Male,1984-04-25,ywalker@example.org,,CANADA,West Kevin,South,84459.0,Consumer,Electronics,USB-C Hub,2,36.24,0.1,,Cash On Delivery,Pending,65.23,False,True,unique,unique
ORD11563,Jessica Johnson,,,rgarcia@example.org,670.504.9174,India,Castroland,West,87050.0,Home Office,Beauty,Sunscreen SPF50,1,81.25,0.2,,Credit Card,Cancelled,65.0,False,False,unique,unique
ORD10465,Richard Bass,Male,1965-03-17,gbenson@example.net,001-857-356-7667x080,United Kingdom,New Rebecca,South,,Home Office,Electronics,Wireless Mouse,1,80.92,0.2,,Credit  Card,Shipped,64.74,False,False,unique,unique
ORD10380,Dylan Jordan,Male,1969-01-24,janegonzalez@example.org,317.493.2302x34679,CANADA,West Christopherville,North,36776.0,Consumer,Electronics,Wireless Mouse,3,23.95,0.1,,Cash On Delivery,Returned,64.66,False,True,unique,unique
ORD10814,Sharon Sandoval,Male,,garywebster@example.org,5024839482,United Kingdom,North Johnathan,North,36863.0,Corporate,Electronics,USB-C Hub,1,80.71,0.2,2023-07-23,Credit  Card,Cancelled,64.57,False,False,unique,unique
ORD10587,Shelly Rodgers,Female,,williammaldonado@example.org,517.223.5137,CANADA,South Jamieville,West,38569.0,Home Office,Electronics,Smartwatch,5,14.34,0.1,,Credit  Card,Returned,64.53,False,True,unique,unique
ORD11493,Kimberly Wright,Female,1991-10-27,ychapman@example.com,,India,Johnsonview,South,95224.0,Corporate,Beauty,Sunscreen SPF50,1,80.59,0.2,,Cash On Delivery,Pending,64.47,False,False,unique,unique
ORD12265,Keith Young Ii,Male,,batesjessica@example.com,001-861-496-5196,United Kingdom,Davisstad,West,63970.0,Home Office,Books,Kids Story Book,1,64.17,0.0,,Net Banking,Cancelled,64.17,False,False,unique,unique
ORD11771,Angela Nunez,Male,,portermeghan@example.org,001-965-404-6026x224,India,West Daniel,East,72624.0,Consumer,Books,Self-Help Book,1,127.22,0.5,,Upi,Pending,63.61,False,False,unique,unique
ORD11594,Regina Brewer,Female,,troysnyder@example.org,,UNITED KINGDOM,North Kimberlyburgh,West,21465.0,Home Office,Beauty,Face Wash,1,78.9,0.2,2024-11-10,Debit Card,Pending,63.12,False,False,unique,unique
ORD11656,Christina Sanchez,Female,,garzajulia@example.com,368-287-3058x868,United States,West Jason,East,,Home Office,Sports,Cricket Bat,1,70.05,0.1,2023-03-10,Cash On Delivery,Shipped,63.04,False,False,unique,unique
ORD11826,Richard Hanson,Male,,davisnicolas@example.net,+1-359-391-1294x6403,India,New Steven,East,79085.0,Consumer,Home & Kitchen,Blender,1,78.77,0.2,,Cash On Delivery,Cancelled,63.02,False,False,unique,unique
ORD10547,Kaitlyn Chase,,,kevinacosta@example.net,674-269-6606x06527,India,East Ebony,East,34046.0,Consumer,Sports,Cricket Bat,1,62.55,0.0,,Credit  Card,Returned,62.55,False,False,unique,unique
ORD12400,Brittany Ayala,Male,,briangonzalez@example.com,+1-308-275-6344,United States,Meganport,South,73576.0,Consumer,Home & Kitchen,Non-stick Pan,2,36.74,0.15,2024-10-29,Credit Card,Shipped,62.46,False,True,unique,unique
ORD10695,Thomas Brewer,Male,,,321-482-9987x478,United States,Port Kathryn,South,,Consumer,Clothing,Formal Shirt,2,34.64,0.1,,Upi,Pending,62.35,False,True,unique,unique
ORD10707,Amber Steele,Female,,,(860)803-0835,United States,Port Monicatown,West,,Home Office,Clothing,Men's T-Shirt,1,123.81,0.5,,Cash On Delivery,Cancelled,61.9,False,False,unique,unique
ORD10809,Amanda Williams,Female,,ccombs@example.com,408.386.8430,India,South Philipbury,North,18337.0,Home Office,Electronics,Smartwatch,1,121.43,0.5,,Credit Card,Pending,60.72,False,False,unique,unique
ORD12319,Christopher Jones,Female,,,001-665-514-9473x965,India,North Matthewmouth,South,,Corporate,Beauty,Hair Serum,1,71.3,0.15,,Credit Card,Delivered,60.6,False,False,unique,unique
ORD10376,Jesse Brooks,Male,,cookjennifer@example.org,(830)708-5766,UNITED KINGDOM,Burnsshire,South,9837.0,Corporate,Sports,Cricket Bat,1,63.65,0.05,,Net Banking,Pending,60.47,False,False,unique,unique
ORD10625,Brianna Moss,Female,,bettywatson@example.com,001-942-978-6561x94255,India,North Matthew,West,82429.0,Consumer,Beauty,Sunscreen SPF50,1,60.15,0.0,,Credit Card,Delivered,60.15,False,False,unique,unique
ORD12214,Tammy Mills,Male,,esolomon@example.org,001-653-708-1580x86789,UNITED STATES,North Meghanbury,South,89541.0,Consumer,Home & Kitchen,Non-stick Pan,1,60.12,0.0,,Cash On Delivery,Delivered,60.12,False,False,unique,unique
ORD10468,Jill Brown,Male,,lwebb@example.org,+1-449-479-1620,United Kingdom,East William,East,92202.0,Corporate,Books,Fiction Novel,1,59.91,0.0,2024-02-04,Debit Card,Returned,59.91,False,False,unique,unique
ORD10052,Erik Garcia,,,dianewalker@example.org,(285)614-9368x998,India,East Joshuaport,North,45042.0,Corporate,Sports,Football,1,59.41,0.0,,Debit Card,Cancelled,59.41,False,False,unique,unique
ORD10118,Drew Kelley,Female,,rkramer@example.org,8175012770,India,Lake Kevin,South,,Consumer,Home & Kitchen,Storage Box,1,62.45,0.05,,Debit Card,Pending,59.33,False,False,unique,unique
ORD12607,Steven Mccann,,,dchapman@example.net,862-276-2439,United States,Walkerton,East,61541.0,Corporate,Electronics,Laptop Stand,2,29.46,0.0,2024-03-06,Credit Card,Pending,58.92,False,True,unique,unique
ORD12636,Ashley Garner,Female,,kevin44@example.net,,India,Alexisport,East,99653.0,Corporate,Electronics,Laptop Stand,2,32.68,0.1,2023-10-25,Cash On Delivery,Cancelled,58.82,False,True,unique,unique
ORD10428,Mrs. Amber Davis,Female,,karen68@example.org,965-221-5681x82096,United States,Evanmouth,West,10823.0,Corporate,Clothing,Formal Shirt,2,58.8,0.5,,Credit  Card,Returned,58.8,False,True,unique,unique
ORD11363,Marc Ford,Female,,michael75@example.net,399-655-0553x62917,UNITED KINGDOM,Nancyport,East,10240.0,Corporate,Clothing,Women's Jeans,1,69.17,0.15,2024-02-13,Upi,Pending,58.79,False,False,unique,unique
ORD11700,Carol Stephenson,Female,1962-04-06,larry16@example.net,491.758.4647,CANADA,Brownport,South,50826.0,Consumer,Sports,Dumbbell Set,1,65.05,0.1,,Upi,Shipped,58.54,False,False,unique,unique
ORD12781,Erin Mathews,Female,,caitlin02@example.org,8772146502,United States,North Williammouth,South,54055.0,Home Office,Clothing,Men's T-Shirt,5,12.97,0.1,,Credit  Card,Shipped,58.37,False,True,unique,unique
ORD10893,Lisa Prince,Female,,wilkinskevin@example.net,,United States,Lake Charlene,South,59726.0,Corporate,Beauty,Sunscreen SPF50,5,22.99,0.5,,Credit  Card,Pending,57.47,False,True,unique,unique
ORD12417,Mrs. Holly Sanders,Male,1982-09-23,ncurtis@example.com,+1-877-681-3414x5244,India,Lake Loriborough,North,,Home Office,Sports,Yoga Mat,2,28.63,0.0,,Credit Card,Pending,57.26,False,True,unique,unique
ORD11871,Jacqueline Schroeder Md,,,bradybrian@example.net,+1-661-417-1340x25006,India,South Victoria,West,34217.0,Home Office,Clothing,Running Shoes,1,60.26,0.05,,Credit Card,Pending,57.25,False,False,unique,unique
ORD10982,Christopher Galvan,Female,,wellssherry@example.net,001-328-491-9827,India,Parkborough,South,31090.0,Home Office,Electronics,Laptop Stand,1,66.92,0.15,,Upi,Pending,56.88,False,False,unique,unique
ORD12342,Lindsay Martinez,Male,,sarah83@example.net,(816)835-7811x644,United Kingdom,Lindaville,East,25413.0,Corporate,Beauty,Lipstick Set,1,62.55,0.1,,Cash On Delivery,Delivered,56.3,False,False,unique,unique
ORD11182,Shelby Duarte,Female,,karlabaxter@example.com,716.538.4936x80635,UNITED KINGDOM,Lake Marytown,East,10916.0,Consumer,Clothing,Men's T-Shirt,1,56.04,0.0,,Debit Card,Pending,56.04,False,False,unique,unique
ORD12548,Nicholas Garcia,Female,,gary75@example.com,(437)635-3497,UNITED STATES,Meyerhaven,East,85789.0,Home Office,Books,Kids Story Book,1,56.04,0.0,,Cash On Delivery,Shipped,56.04,False,False,unique,unique
ORD11076,Erin Spencer,Female,,clarkjames@example.com,8792179138,UNITED KINGDOM,West Kristinville,North,92499.0,Corporate,Beauty,Sunscreen SPF50,1,69.89,0.2,2024-10-07,Net Banking,Returned,55.91,False,False,unique,unique
ORD10710,Amy Estrada,Male,,,001-409-208-5991x449,UNITED KINGDOM,Braunshire,South,22206.0,Consumer,Home & Kitchen,Cushion Cover,5,13.09,0.15,2023-10-22,Net Banking,Cancelled,55.63,False,True,unique,unique
ORD11438,Dean Tyler,Male,1989-05-03,melissaescobar@example.net,,India,Dawnchester,South,75201.0,Home Office,Clothing,Women's Jeans,1,110.52,0.5,,Credit Card,Shipped,55.26,False,False,unique,unique
ORD10519,Charles Willis,Female,,cbarrett@example.com,001-615-402-6755x125,CANADA,Paynetown,West,58042.0,Corporate,Beauty,Face Wash,1,64.79,0.15,,Credit  Card,Delivered,55.07,False,False,unique,unique
ORD10362,Keith Hayes,Male,,jacksonemily@example.org,5975023164,CANADA,Donnaland,East,60094.0,Home Office,Books,Self-Help Book,2,27.51,0.0,,Upi,Delivered,55.02,False,True,unique,unique
ORD10588,Robert Guerra,,,xserrano@example.com,6225939469,UNITED STATES,Roberttown,South,,Corporate,Clothing,Winter Jacket,1,54.94,0.0,,Debit Card,Delivered,54.94,False,False,unique,unique
ORD12899,Jeffery Williams,,,onealsamantha@example.org,4733888012,UNITED KINGDOM,West Connie,East,98330.0,Corporate,Electronics,Earbuds,2,32.21,0.15,,Cash On Delivery,Shipped,54.76,False,True,unique,unique
ORD12948,Margaret Williams,Female,,smithrobert@example.org,001-997-884-9704x2097,India,Lambertbury,South,13943.0,Corporate,Beauty,Lipstick Set,1,64.08,0.15,,Cash On Delivery,Delivered,54.47,False,False,unique,unique
ORD11930,David Davis,Female,,amysolomon@example.com,,United Kingdom,Sarafort,West,48994.0,Corporate,Clothing,Women's Jeans,1,54.44,0.0,,Credit Card,Shipped,54.44,False,False,unique,unique
ORD10912,Anthony Good,Male,2000-03-14,kelly22@example.com,(616)302-5239,India,Lake Robin,South,87574.0,Consumer,Sports,Yoga Mat,1,54.37,0.0,2024-06-17,Credit Card,Shipped,54.37,False,False,unique,unique
ORD11146,Amanda Shaw,Female,,,642-702-5936,United States,Port Erinside,North,23530.0,Home Office,Clothing,Women's Jeans,1,63.89,0.15,2024-07-27,Cash On Delivery,Cancelled,54.31,False,False,unique,unique
ORD11359,Victor Ramirez,,1992-10-25,julie67@example.net,732.729.1248,United States,Hardinmouth,South,4303.0,Corporate,Clothing,Men's T-Shirt,2,54.21,0.5,,Net Banking,Cancelled,54.21,False,True,unique,unique
ORD10548,Frank Gibbs,Male,1976-03-25,laurenwilliamson@example.com,511-632-5797x067,United States,Brownton,East,84338.0,Corporate,Books,Self-Help Book,2,31.4,0.15,,Credit  Card,Shipped,53.38,False,True,unique,unique
ORD12148,Matthew Patrick,Male,,,338.219.0347x3175,United States,New Sarah,North,71338.0,Consumer,Beauty,Lipstick Set,1,106.51,0.5,,Credit  Card,Delivered,53.26,False,False,unique,unique
ORD10972,Steven Roberts,,,stevemarshall@example.net,(285)676-0634x9429,India,Lambfort,North,43465.0,Corporate,Electronics,USB-C Hub,2,26.59,0.0,,Net Banking,Cancelled,53.18,False,True,unique,unique
ORD11679,John Jackson,Male,1985-05-11,jacksondonna@example.org,(306)967-1485x333,India,West Spencermouth,North,,Corporate,Clothing,Men's T-Shirt,1,66.48,0.2,2023-09-18,Credit Card,Returned,53.18,False,False,unique,unique
ORD12972,Lisa Spence,Male,,carlos36@example.net,+1-326-431-3494x6078,UNITED KINGDOM,Sherryberg,South,14719.0,Consumer,Electronics,Smartwatch,1,52.65,0.0,,Cash On Delivery,Delivered,52.65,False,False,unique,unique
ORD11128,Angela Mercer,Male,,wmeyer@example.net,574-270-5311x0583,India,Crawfordborough,East,,Home Office,Books,Self-Help Book,1,52.25,0.0,,Credit Card,Shipped,52.25,False,False,unique,unique
ORD10671,Jeffery Daniel,Female,,kyle88@example.net,312-910-3142,India,Davidside,North,61488.0,Consumer,Books,Self-Help Book,1,103.57,0.5,,Upi,Cancelled,51.78,False,False,unique,unique
ORD11313,Anthony Lyons,Male,,lcarney@example.com,001-839-450-1115x2558,CANADA,Griffinside,West,72874.0,Consumer,Sports,Cricket Bat,2,27.13,0.05,,Cash On Delivery,Returned,51.55,False,True,unique,unique
ORD12797,Arthur Graham,Male,1993-07-19,armstrongjulia@example.org,,United Kingdom,Davisborough,East,94303.0,Corporate,Beauty,Hair Serum,3,17.93,0.05,,Net Banking,Shipped,51.1,False,True,unique,unique
ORD12567,Jennifer Rodriguez,,,ykoch@example.com,(936)383-7803,India,Joneschester,West,42698.0,Corporate,Beauty,Lipstick Set,2,28.31,0.1,,Credit Card,Shipped,50.96,False,True,unique,unique
ORD12967,Kimberly Baird,Female,,,,CANADA,Foleyfurt,North,4518.0,Consumer,Sports,Yoga Mat,1,59.85,0.15,,Net Banking,Returned,50.87,False,False,unique,unique
ORD11360,Stephanie Allen,Male,,,,United States,Brandishire,North,,Home Office,Home & Kitchen,LED Lamp,3,16.77,0.0,,Net Banking,Delivered,50.31,False,True,unique,unique
ORD11327,Nicole Smith,Male,,kimrichard@example.org,(828)730-5644,United Kingdom,Lake Adam,East,34143.0,Consumer,Beauty,Hair Serum,1,99.41,0.5,,Cash On Delivery,Cancelled,49.7,False,False,unique,unique
ORD12588,Rebecca Pearson,Male,,fitzgeraldanna@example.net,,UNITED KINGDOM,Port Daniel,West,,Home Office,Electronics,USB-C Hub,1,51.97,0.05,,Credit Card,Returned,49.37,False,False,unique,unique
ORD10146,Matthew Armstrong,Male,,joshuathomas@example.net,+1-660-965-3074x50544,United States,Port Jeremyport,North,97982.0,Home Office,Sports,Dumbbell Set,1,54.57,0.1,,Cash On Delivery,Delivered,49.11,False,False,unique,unique
ORD12222,Paula Coleman,,,juliacox@example.net,(942)295-8616x7211,UNITED KINGDOM,Port Mark,South,,Home Office,Electronics,Laptop Stand,5,19.59,0.5,,Net Banking,Pending,48.98,False,True,unique,unique
ORD10927,Emily Swanson,Male,,diana27@example.com,246.701.9153,India,Ballborough,North,96431.0,Corporate,Clothing,Women's Jeans,1,54.08,0.1,,Upi,Shipped,48.67,False,False,unique,unique
ORD10239,Jill Kelly,Male,1976-07-20,jenniferlambert@example.net,,India,Port Kathyshire,West,17775.0,Consumer,Home & Kitchen,Storage Box,1,97.28,0.5,2023-03-09,Credit Card,Shipped,48.64,False,False,unique,unique
ORD12957,John Hughes,Female,1972-06-18,tarafigueroa@example.net,,United States,East Toddview,North,23158.0,Home Office,Sports,Football,1,97.26,0.5,,Upi,Cancelled,48.63,False,False,unique,unique
ORD11274,Steven Green,Male,,,001-306-768-8675,UNITED STATES,Barryland,East,,Consumer,Electronics,Laptop Stand,2,24.3,0.0,,Credit Card,Pending,48.6,False,True,unique,unique
ORD10201,Emily Reed,Male,,ramosmichael@example.com,(240)908-2547,CANADA,Evanschester,West,38894.0,Corporate,Beauty,Face Wash,1,51.13,0.05,2024-03-11,Net Banking,Pending,48.57,False,False,unique,unique
ORD10110,Vernon Wilson,Male,2005-10-01,michaelcooper@example.org,375.471.7751x40105,United Kingdom,New Greg,East,21490.0,Consumer,Sports,Football,1,53.35,0.1,2023-08-30,Net Banking,Shipped,48.02,False,False,unique,unique
ORD10257,Mr. Timothy Howard,Female,,pbrown@example.org,(685)817-4328x063,India,Lake Haleyfort,North,,Consumer,Home & Kitchen,Storage Box,1,56.04,0.15,2024-10-08,Cash On Delivery,Returned,47.63,False,False,unique,unique
ORD12353,Mary Schwartz,Female,1990-08-25,kathyhudson@example.com,+1-292-562-5525x7615,India,West Monica,North,80114.0,Consumer,Home & Kitchen,Blender,2,47.2,0.5,,Net Banking,Returned,47.2,False,True,unique,unique
ORD10233,Barry Evans,Male,,wilsonmathew@example.com,001-499-902-3557x7027,United States,Stevenchester,North,97833.0,Corporate,Beauty,Face Wash,2,23.5,0.0,2023-02-10,Cash On Delivery,Returned,47.0,False,True,unique,unique
ORD10824,Wendy Nelson,Male,1979-02-27,erivers@example.com,242.712.5450,United Kingdom,Williammouth,South,24797.0,Consumer,Home & Kitchen,LED Lamp,1,58.66,0.2,,Credit Card,Delivered,46.93,False,False,unique,unique
ORD12524,Kevin Snow,Female,,haleysteven@example.com,001-261-962-4293x3801,UNITED KINGDOM,North Samuelport,North,40937.0,Consumer,Home & Kitchen,Blender,1,55.11,0.15,,Net Banking,Cancelled,46.84,False,False,unique,unique
ORD10834,William Brandt,Male,2007-09-29,donaldmartin@example.net,801.294.4258x92225,UNITED KINGDOM,Whitemouth,North,28165.0,Corporate,Home & Kitchen,Storage Box,2,23.03,0.0,,Credit  Card,Returned,46.06,False,True,unique,unique
ORD11599,Monica Campbell,Male,,whitejamie@example.org,(400)959-3241x8325,UNITED KINGDOM,Martinberg,South,86424.0,Corporate,Clothing,Formal Shirt,2,45.94,0.5,,Credit Card,Cancelled,45.94,False,True,unique,unique
ORD12913,Susan Smith,Female,1972-12-01,patriciahernandez@example.net,,United Kingdom,Port Brian,East,19254.0,Corporate,Books,Cook Book,1,91.2,0.5,,Credit Card,Shipped,45.6,False,False,unique,unique
ORD10274,Kevin Terry,Female,2001-01-04,kellis@example.org,,India,Georgeview,North,30225.0,Corporate,Sports,Yoga Mat,1,47.76,0.05,,Cash On Delivery,Cancelled,45.37,False,False,unique,unique
ORD12507,Kathryn Santos,Male,,zrocha@example.net,(567)983-0317x29409,United States,Christopherfort,East,55009.0,Consumer,Sports,Dumbbell Set,1,53.2,0.15,2024-10-09,Credit Card,Cancelled,45.22,False,False,unique,unique
ORD11392,Alexandra Sherman,,,griffinlisa@example.com,508.686.6932x07098,India,Brittneychester,North,,Home Office,Books,Self-Help Book,1,90.02,0.5,,Debit Card,Returned,45.01,False,False,unique,unique
ORD11228,Valerie Cooper,Female,,uyoung@example.com,001-341-328-8669,United States,Lake David,West,26207.0,Consumer,Electronics,Laptop Stand,1,44.99,0.0,2024-08-04,Credit Card,Pending,44.99,False,False,unique,unique
ORD10130,Richard Richards,,,,(977)656-1853,India,Bakerville,West,12352.0,Corporate,Beauty,Face Wash,1,56.08,0.2,,Upi,Cancelled,44.86,False,False,unique,unique
ORD12208,Megan Hawkins,Female,2005-05-14,ernest29@example.org,746-254-7631x69145,UNITED KINGDOM,South Matthew,East,47031.0,Home Office,Electronics,Smartwatch,1,89.54,0.5,2024-12-30,Credit Card,Pending,44.77,False,False,unique,unique
ORD10753,Donald Harding,,,iblack@example.org,215.871.2901x50713,India,Garciaton,South,61049.0,Home Office,Sports,Yoga Mat,1,55.72,0.2,,Net Banking,Delivered,44.58,False,False,unique,unique
ORD11834,Kyle Shepherd,Female,,skinnernancy@example.org,+1-849-326-2189x22400,UNITED KINGDOM,New Patrick,East,35880.0,Corporate,Electronics,Earbuds,1,44.34,0.0,,Net Banking,Cancelled,44.34,False,False,unique,unique
ORD10091,Tracey Brooks,,2003-05-20,ykane@example.com,482-551-2868,CANADA,Port Andrewport,South,61187.0,Corporate,Books,Self-Help Book,1,54.6,0.2,,Cash On Delivery,Cancelled,43.68,False,False,unique,unique
ORD10250,Denise Scott,Female,,reneestevenson@example.net,452.943.7280x512,India,Townsendbury,East,87095.0,Corporate,Beauty,Hair Serum,1,51.1,0.15,,Upi,Delivered,43.44,False,False,unique,unique
ORD10390,Matthew Cox,Female,2001-09-10,gregoryvanessa@example.org,(862)401-5720x1859,India,Sanchezville,North,,Consumer,Sports,Cricket Bat,1,43.4,0.0,,Upi,Returned,43.4,False,False,unique,unique
ORD12710,Timothy Rasmussen,,2004-07-16,beasleystacey@example.net,689.581.9687x0666,United States,North Ryan,East,4758.0,Corporate,Beauty,Hair Serum,1,47.78,0.1,,Credit  Card,Pending,43.0,False,False,unique,unique
ORD12997,Joshua Russell,Female,,,,United States,Williamsmouth,North,28708.0,Corporate,Books,Cook Book,5,10.69,0.2,,Credit  Card,Cancelled,42.76,False,True,unique,unique
ORD10272,Michael Steele,,,lopeznicole@example.org,,United Kingdom,South Rachaelport,North,10586.0,Home Office,Books,Cook Book,1,53.2,0.2,,Cash On Delivery,Returned,42.56,False,False,unique,unique
ORD10293,Brittany Howell,,,guerreroapril@example.com,234.877.8485x880,CANADA,South Shannonfurt,East,58507.0,Consumer,Clothing,Running Shoes,1,44.68,0.05,,Credit Card,Cancelled,42.45,False,False,unique,unique
ORD12959,Anthony Gibbs,Male,1982-11-08,,6012215323,UNITED KINGDOM,Mitchelltown,North,56766.0,Corporate,Home & Kitchen,Storage Box,1,53.0,0.2,,Debit Card,Delivered,42.4,False,False,unique,unique
ORD11047,Christina Nichols,Male,,courtney68@example.net,409-577-9780,India,Lindaview,East,47314.0,Home Office,Books,Cook Book,1,42.25,0.0,,Cash On Delivery,Delivered,42.25,False,False,unique,unique
ORD10812,Abigail Lopez,Male,,coreypope@example.net,+1-321-358-1897x05916,UNITED KINGDOM,Lewisstad,West,44058.0,Home Office,Books,Fiction Novel,2,26.35,0.2,,Debit Card,Delivered,42.16,False,True,unique,unique
ORD10615,Kristen Wood,Female,,opierce@example.com,+1-256-425-9045x9908,India,Brownland,West,18839.0,Corporate,Clothing,Winter Jacket,1,52.45,0.2,,Debit Card,Pending,41.96,False,False,unique,unique
ORD11448,Mackenzie Compton,Male,,michael34@example.com,250-624-0537x729,United States,Edwardsbury,East,84607.0,Home Office,Clothing,Running Shoes,2,20.73,0.0,2024-03-31,Net Banking,Returned,41.46,False,True,unique,unique
ORD11491,Michael Brown,Male,,david43@example.com,402.517.0470x125,India,Lake Lori,South,98129.0,Home Office,Electronics,Bluetooth Speaker,1,51.83,0.2,,Cash On Delivery,Returned,41.46,False,False,unique,unique
ORD11876,Christopher Romero,Female,,cameronfields@example.org,928-226-5859,India,West Zachary,East,,Consumer,Home & Kitchen,LED Lamp,2,21.79,0.05,,Credit Card,Pending,41.4,False,True,unique,unique
ORD10085,Amy Gutierrez,Male,,maldonadoderrick@example.net,(367)573-4540,UNITED STATES,East Robertburgh,West,5264.0,Corporate,Home & Kitchen,Cushion Cover,2,41.4,0.5,,Cash On Delivery,Shipped,41.4,False,True,unique,unique
ORD12092,Nicholas Johnson,Male,,helen75@example.net,249-599-5977,UNITED KINGDOM,Lake Lindatown,South,47736.0,Home Office,Electronics,Wireless Mouse,5,8.28,0.0,,Credit Card,Pending,41.4,False,True,unique,unique
ORD10502,Jonathan Warner,Female,,smithmaria@example.net,(219)663-9456,India,Stephenville,East,,Corporate,Clothing,Men's T-Shirt,3,16.16,0.15,,Cash On Delivery,Returned,41.21,False,True,unique,unique
ORD10640,Judy Peterson,Female,,kingtammy@example.net,(501)634-7789x4896,India,South Courtneyfort,North,,Consumer,Books,Cook Book,1,82.34,0.5,,Net Banking,Delivered,41.17,False,False,unique,unique
ORD12563,Rhonda Shaw,Female,,medinalauren@example.com,001-584-912-1234x96059,CANADA,Lake Philipmouth,North,,Consumer,Sports,Cricket Bat,5,10.29,0.2,,Credit Card,Delivered,41.16,False,True,unique,unique
ORD12634,Terrence Cole,Male,1977-03-11,,,United Kingdom,Lanestad,South,31181.0,Home Office,Books,Kids Story Book,1,40.34,0.0,,Cash On Delivery,Cancelled,40.34,False,False,unique,unique
ORD12367,Holly Rowe,Female,,devin93@example.com,(582)798-5165x2287,India,North Andreafort,West,70007.0,Corporate,Books,Cook Book,1,40.07,0.0,,Credit Card,Delivered,40.07,False,False,unique,unique
ORD12174,Ronnie Murphy,Male,,moorejason@example.org,+1-807-896-3302x2517,United States,Houstonburgh,East,15977.0,Consumer,Electronics,USB-C Hub,3,12.68,0.0,,Cash On Delivery,Returned,38.04,False,True,unique,unique
ORD11058,Ronald Hernandez,,,heather97@example.net,979.953.1204x09543,CANADA,Colemanhaven,North,25970.0,Consumer,Sports,Dumbbell Set,1,47.16,0.2,,Upi,Shipped,37.73,False,False,unique,unique
ORD11421,Kristen Young,Male,1980-12-28,,,CANADA,Josephshire,East,46690.0,Home Office,Electronics,USB-C Hub,1,75.43,0.5,,Debit Card,Cancelled,37.72,False,False,unique,unique
ORD10196,Cassandra Porter,Female,,kristen44@example.net,,India,South Coreyburgh,South,8370.0,Corporate,Books,Kids Story Book,3,25.01,0.5,,Debit Card,Returned,37.52,False,True,unique,unique
ORD10451,Richard Johnston,Female,,zmitchell@example.org,,UNITED STATES,West Deannaland,East,,Home Office,Clothing,Formal Shirt,1,37.33,0.0,,Net Banking,Cancelled,37.33,False,False,unique,unique
ORD11179,Dean Alexander,Male,,richmondjason@example.net,371-856-7566x505,CANADA,Lake Codyfort,West,87295.0,Consumer,Books,Self-Help Book,5,9.32,0.2,,Debit Card,Pending,37.28,False,True,unique,unique
ORD12516,Mary Gamble,Female,2005-05-22,simmonsrobert@example.net,9966511988,United Kingdom,Janetborough,West,24184.0,Home Office,Electronics,Wireless Mouse,1,74.47,0.5,2023-03-02,Net Banking,Delivered,37.24,False,False,unique,unique
ORD10161,Stephen Alexander Jr.,Male,,busherica@example.net,001-593-958-8916,UNITED KINGDOM,Elizabethfurt,East,19985.0,Home Office,Books,Fiction Novel,2,18.59,0.0,,Cash On Delivery,Cancelled,37.18,False,True,unique,unique
ORD11910,Megan Marsh,Female,,hmartinez@example.org,,United States,Jonesfurt,East,6315.0,Consumer,Home & Kitchen,Non-stick Pan,1,36.51,0.0,,Credit  Card,Pending,36.51,False,False,unique,unique
ORD10494,Stephen Roberts,Female,,middletonelizabeth@example.org,538-282-0908,India,Walltown,South,48937.0,Consumer,Beauty,Lipstick Set,1,38.24,0.05,2023-05-29,Credit Card,Cancelled,36.33,False,False,unique,unique
ORD11255,Christopher Blankenship,Male,1977-02-04,robin11@example.com,797.914.9207,India,Heatherville,South,41103.0,Home Office,Sports,Cricket Bat,3,14.23,0.15,,Cash On Delivery,Returned,36.29,False,True,unique,unique
ORD10726,Andrea Miller,,,wrivers@example.org,001-471-252-3867x673,CANADA,Hillland,East,80982.0,Home Office,Books,Kids Story Book,1,36.17,0.0,,Debit Card,Cancelled,36.17,False,False,unique,unique
ORD12993,Daniel Stout,Male,1965-11-25,sarah13@example.com,623.232.9046x08467,United States,Andersonhaven,East,6512.0,Consumer,Home & Kitchen,Cushion Cover,2,18.99,0.05,,Credit  Card,Shipped,36.08,False,True,unique,unique
ORD12514,John Evans,Male,,nlopez@example.org,+1-605-584-6070,United States,Ellenville,East,64324.0,Corporate,Clothing,Men's T-Shirt,1,35.96,0.0,,Net Banking,Pending,35.96,False,False,unique,unique
ORD10066,Jose Allen,Male,,wsmith@example.org,001-262-818-5188,UNITED STATES,Williamsfurt,South,49430.0,Consumer,Books,Kids Story Book,3,14.02,0.15,,Debit Card,Pending,35.75,False,True,unique,unique
ORD12050,Karen Moran,Female,,ramirezbreanna@example.org,+1-207-823-1492x04993,UNITED KINGDOM,Brianview,East,11720.0,Corporate,Books,Self-Help Book,1,70.8,0.5,2023-04-05,Cash On Delivery,Delivered,35.4,False,False,unique,unique
ORD12322,Gregory Ortega,Female,1994-05-24,timothy42@example.net,001-763-664-1226x472,CANADA,Lake Bailey,South,23871.0,Consumer,Home & Kitchen,Storage Box,1,36.65,0.05,,Credit Card,Shipped,34.82,False,False,unique,unique
ORD12748,Amanda Ellis,Female,1986-06-20,christopher80@example.com,,CANADA,Barryshire,South,44004.0,Corporate,Sports,Dumbbell Set,1,38.62,0.1,,Cash On Delivery,Returned,34.76,False,False,unique,unique
ORD11665,Jack Benson,Male,,shauncannon@example.com,344.788.2526x990,India,Port Saraville,East,41745.0,Corporate,Beauty,Face Wash,2,20.26,0.15,2024-06-21,Cash On Delivery,Pending,34.44,False,True,unique,unique
ORD12635,Richard Zuniga,Male,1994-01-06,cobbdouglas@example.org,325.888.8404,UNITED STATES,South Joshua,North,18475.0,Consumer,Home & Kitchen,Blender,1,39.5,0.15,,Credit Card,Shipped,33.57,False,False,unique,unique
ORD11978,Miranda Wise,Male,,pmoore@example.org,615.684.6439,India,New Allen,East,42498.0,Consumer,Books,Cook Book,2,33.55,0.5,2023-07-05,Upi,Shipped,33.55,False,True,unique,unique
ORD11693,Jennifer Fitzpatrick,Female,,paullamb@example.net,(781)482-9127,India,Barbarashire,East,,Corporate,Beauty,Hair Serum,2,33.42,0.5,2023-02-16,Credit Card,Cancelled,33.42,False,True,unique,unique
ORD11539,Shaun Powers,Male,,underwoodjonathan@example.net,319-502-0607,India,Banksborough,South,7416.0,Consumer,Home & Kitchen,Blender,1,33.28,0.0,,Debit Card,Returned,33.28,False,False,unique,unique
ORD10520,Kenneth Graham,Female,,johnnybrooks@example.com,264.403.8166x4969,United Kingdom,West Olivia,South,91940.0,Home Office,Sports,Yoga Mat,1,41.51,0.2,,Cash On Delivery,Pending,33.21,False,False,unique,unique
ORD11075,Anna Morales,Female,,ingrambrandon@example.com,+1-220-528-8661x6801,United States,Drewborough,East,34293.0,Corporate,Sports,Football,1,66.06,0.5,2024-01-02,Cash On Delivery,Pending,33.03,False,False,unique,unique
ORD12904,Stephanie Pierce,Male,1977-09-09,plee@example.com,905-985-8811x855,UNITED STATES,South Tinamouth,West,,Consumer,Beauty,Sunscreen SPF50,1,32.68,0.0,,Debit Card,Pending,32.68,False,False,unique,unique
ORD12639,Shane Patterson,Male,,ncarter@example.net,001-536-333-2094x81685,United Kingdom,Lake Aliciaton,South,9314.0,Home Office,Beauty,Hair Serum,2,16.32,0.0,,Credit  Card,Cancelled,32.64,False,True,unique,unique
ORD11020,Stephanie Stevens,Female,,,001-524-727-7392,India,North Derrick,East,90417.0,Consumer,Clothing,Women's Jeans,1,36.08,0.1,,Credit Card,Returned,32.47,False,False,unique,unique
ORD10120,Darryl Davis,Female,,edwardsnicole@example.org,(822)918-9092x7532,India,North Peggy,West,18852.0,Corporate,Beauty,Sunscreen SPF50,5,7.2,0.1,,Cash On Delivery,Delivered,32.4,False,True,unique,unique
ORD10715,Emily Rogers,Female,,kingjames@example.com,(282)239-4840x0273,United States,Burkefurt,North,,Corporate,Electronics,Smartwatch,3,13.48,0.2,,Cash On Delivery,Delivered,32.35,False,True,unique,unique
ORD12175,Jason Garcia Ii,Male,,anna95@example.com,(662)619-2959x099,India,Port Kennethstad,South,27769.0,Consumer,Home & Kitchen,Blender,1,35.32,0.1,2024-07-09,Credit Card,Delivered,31.79,False,False,unique,unique
ORD12633,Peter Johnson,Female,,brandon21@example.net,799.502.0777x30881,India,East Tarabury,South,27604.0,Consumer,Sports,Dumbbell Set,3,11.51,0.1,,Cash On Delivery,Returned,31.08,False,True,unique,unique
ORD12388,Mitchell Maxwell,Male,,davidsmith@example.com,2247506327,CANADA,Port Rebecca,South,,Home Office,Home & Kitchen,LED Lamp,2,18.06,0.15,,Credit Card,Delivered,30.7,False,True,unique,unique
ORD10011,Anthony Gray,,,sara74@example.com,001-287-223-4309x805,United States,Shawhaven,South,21136.0,Home Office,Electronics,Bluetooth Speaker,5,6.07,0.0,,Debit Card,Pending,30.35,False,True,unique,unique
ORD12789,Catherine Perez,Female,,valdezjoseph@example.com,+1-754-546-0688,United States,North Cindy,North,88482.0,Corporate,Sports,Yoga Mat,1,37.83,0.2,,Cash On Delivery,Cancelled,30.26,False,False,unique,unique
ORD10083,Diana Evans,Male,2005-10-16,kellie37@example.com,,United States,Baileyview,West,,Corporate,Clothing,Women's Jeans,1,30.05,0.0,,Credit  Card,Returned,30.05,False,False,unique,unique
ORD12426,Derrick Smith,Female,1982-08-05,elizabeth06@example.net,725-332-9324x44834,United Kingdom,Luistown,West,,Home Office,Beauty,Sunscreen SPF50,5,6.21,0.05,2024-07-04,Credit Card,Delivered,29.5,False,True,unique,unique
ORD10440,John Martinez,Female,,,566.205.3844x446,India,Johnsontown,South,,Home Office,Books,Self-Help Book,2,15.42,0.05,,Cash On Delivery,Shipped,29.3,False,True,unique,unique
ORD12259,Darryl Mcmahon,Male,,bruce30@example.com,(741)314-2076,UNITED KINGDOM,East Matthew,West,74275.0,Home Office,Books,Cook Book,1,36.5,0.2,2023-07-26,Cash On Delivery,Pending,29.2,False,False,unique,unique
ORD11273,Daniel Fisher,Male,,jessicajoseph@example.org,+1-730-369-7899,CANADA,Michaelport,West,80135.0,Consumer,Sports,Yoga Mat,1,36.34,0.2,,Credit Card,Returned,29.07,False,False,unique,unique
ORD12081,Jennifer Kelly,Female,,,,United States,Maynardburgh,South,75221.0,Consumer,Sports,Cricket Bat,5,11.6,0.5,,Credit Card,Pending,29.0,False,True,unique,unique
ORD12177,Patricia Gutierrez,Female,,carl59@example.net,6594256870,United States,Bakerfort,South,,Corporate,Clothing,Winter Jacket,2,16.07,0.1,,Credit Card,Delivered,28.93,False,True,unique,unique
ORD11381,Keith Craig,Male,,smithvictoria@example.org,,India,New Stephanieberg,North,20448.0,Corporate,Beauty,Face Wash,1,28.72,0.0,2023-12-29,Credit Card,Returned,28.72,False,False,unique,unique
ORD12069,Erik Huang,,,kristenroberts@example.net,001-261-762-2277x261,India,Kimberlyton,West,22701.0,Corporate,Electronics,Bluetooth Speaker,2,14.19,0.0,,Cash On Delivery,Pending,28.38,False,True,unique,unique
ORD11008,Ashley Douglas,Female,,rlindsey@example.org,(605)739-7077,India,Kennethton,West,70208.0,Home Office,Electronics,USB-C Hub,1,33.32,0.15,,Net Banking,Returned,28.32,False,False,unique,unique
ORD11086,Billy Cook,,,spearsjose@example.com,,India,Marshport,West,96545.0,Consumer,Clothing,Running Shoes,2,14.16,0.0,,Net Banking,Cancelled,28.32,False,True,unique,unique
ORD11207,Monica Castro,Female,,kyle91@example.com,390.853.4728x395,India,Lewiston,West,,Consumer,Electronics,USB-C Hub,2,14.81,0.05,,Upi,Pending,28.14,False,True,unique,unique
ORD10873,Jenny Soto,Male,,adamnolan@example.net,314.731.9279x76178,United States,Rileyside,East,84813.0,Corporate,Sports,Cricket Bat,3,9.23,0.0,,Credit Card,Cancelled,27.69,False,True,unique,unique
ORD10762,Sandra White,Female,,evansrichard@example.net,+1-812-987-9429x68827,UNITED KINGDOM,West Bradleystad,West,30560.0,Corporate,Sports,Yoga Mat,2,16.25,0.15,2024-06-04,Credit Card,Cancelled,27.62,False,True,unique,unique
ORD11598,Rachel Dixon Phd,,1966-01-21,edwardsjennifer@example.com,(291)617-0870x27282,CANADA,North Cindyhaven,West,1768.0,Home Office,Clothing,Running Shoes,1,31.37,0.15,,Upi,Shipped,26.66,False,False,unique,unique
ORD10299,Robert Reynolds,,,robertking@example.net,882.208.2973x748,India,West Steven,East,32007.0,Consumer,Home & Kitchen,Storage Box,3,11.03,0.2,,Upi,Shipped,26.47,False,True,unique,unique
ORD10019,Kimberly Ball,Female,1996-03-18,michaeljones@example.net,895-814-8465x64823,CANADA,New Ashley,North,53726.0,Home Office,Electronics,Earbuds,5,5.84,0.1,,Credit Card,Returned,26.28,False,True,unique,unique
ORD11444,Paula Solomon,Female,1972-08-08,bpadilla@example.com,+1-899-915-7380x6799,United Kingdom,South Shannon,South,,Corporate,Beauty,Sunscreen SPF50,1,32.69,0.2,,Net Banking,Returned,26.15,False,False,unique,unique
ORD12192,Debra Bryant,Male,,ureynolds@example.net,+1-553-662-9213x5011,India,Sandrafurt,East,71511.0,Consumer,Home & Kitchen,Cushion Cover,2,13.06,0.0,,Debit Card,Delivered,26.12,False,True,unique,unique
ORD10249,Julie Gross,Female,,keith09@example.net,994-307-9290x4904,CANADA,New Chase,North,36919.0,Corporate,Electronics,Bluetooth Speaker,1,32.26,0.2,2023-07-03,Credit Card,Shipped,25.81,False,False,unique,unique
ORD11067,Andrea Freeman,Male,,mitchellsanchez@example.net,709.466.4147x53369,UNITED KINGDOM,Natalieview,North,52118.0,Home Office,Electronics,Smartwatch,1,25.31,0.0,2023-11-14,Cash On Delivery,Returned,25.31,False,False,unique,unique
ORD12585,Kimberly Johnson,Male,,cheryl94@example.org,833.731.2938x655,United Kingdom,Port Ericberg,East,,Corporate,Clothing,Running Shoes,1,29.34,0.15,2023-01-08,Upi,Returned,24.94,False,False,unique,unique
ORD12219,Jose Anderson,,1990-10-29,ejames@example.net,2619085370,United States,Port Andrewtown,South,,Home Office,Clothing,Formal Shirt,1,27.68,0.1,,Cash On Delivery,Delivered,24.91,False,False,unique,unique
ORD12608,Carrie Erickson,,,wellstracy@example.org,+1-856-939-2118x78162,United States,Robinsonville,North,6775.0,Corporate,Beauty,Sunscreen SPF50,2,13.52,0.1,2023-09-15,Debit Card,Delivered,24.34,False,True,unique,unique
ORD10909,Timothy Maxwell,Female,,kimberly36@example.com,001-921-795-3689x0057,United States,North Codybury,East,18400.0,Consumer,Clothing,Winter Jacket,1,28.1,0.15,,Cash On Delivery,Shipped,23.88,False,False,unique,unique
ORD12449,Susan Williams,,,bradleygreer@example.net,(874)607-1853x3115,United Kingdom,West Melissa,West,23793.0,Home Office,Sports,Yoga Mat,1,29.56,0.2,,Net Banking,Delivered,23.65,False,False,unique,unique
ORD10729,Paul Phelps,Female,,sarahlong@example.net,(532)559-4232x8946,CANADA,West Richardview,West,10935.0,Corporate,Clothing,Winter Jacket,1,23.12,0.0,,Debit Card,Shipped,23.12,False,False,unique,unique
ORD12835,Antonio Flores,Male,,gabrielsalinas@example.com,619.906.0459x82781,India,West Elizabethchester,West,39968.0,Home Office,Books,Kids Story Book,2,13.44,0.15,2024-03-23,Upi,Shipped,22.85,False,True,unique,unique
ORD12694,Dean Day,Male,,mark29@example.com,963-373-3300x304,United Kingdom,Contrerasberg,West,31377.0,Consumer,Sports,Cricket Bat,1,22.31,0.0,2023-07-27,Net Banking,Delivered,22.31,False,False,unique,unique
ORD12692,Heather Mathews,Female,,robertpetersen@example.net,3233521792,CANADA,New Audrey,North,32990.0,Corporate,Beauty,Lipstick Set,1,27.32,0.2,,Credit Card,Delivered,21.86,False,False,unique,unique
ORD10992,Dana Flores,Male,2001-02-18,,001-740-655-3648x187,India,East Morganview,West,67350.0,Home Office,Electronics,Earbuds,1,43.14,0.5,,Debit Card,Shipped,21.57,False,False,unique,unique
ORD11496,Anthony Gonzalez,Male,,hestrada@example.org,(887)477-7014x972,United States,North Annachester,South,85367.0,Home Office,Electronics,Wireless Mouse,1,21.53,0.0,,Net Banking,Pending,21.53,False,False,unique,unique
ORD10858,Brittany Byrd,Female,,william12@example.org,590-595-6684x48237,United States,Berryland,East,24920.0,Consumer,Home & Kitchen,Storage Box,1,21.46,0.0,,Net Banking,Delivered,21.46,False,False,unique,unique
ORD11728,Jenna Zimmerman Md,Male,1997-03-21,thomas17@example.org,,UNITED KINGDOM,West Kayla,West,48768.0,Consumer,Sports,Football,1,21.05,0.0,2023-10-12,Credit Card,Returned,21.05,False,False,unique,unique
ORD11394,Caitlin Garcia,Female,,tyrone95@example.org,4348522026,UNITED STATES,North Jay,East,,Consumer,Electronics,Laptop Stand,1,21.02,0.0,,Cash On Delivery,Returned,21.02,False,False,unique,unique
ORD11414,Amanda Lopez,Female,1974-09-22,melissa18@example.org,(880)761-9499x913,UNITED STATES,West Matthewshire,East,,Corporate,Clothing,Winter Jacket,5,8.28,0.5,,Net Banking,Returned,20.7,False,True,unique,unique
ORD10153,Lauren Oliver,Female,1983-04-07,vincentdillon@example.com,346.902.2356x97252,India,Crystalburgh,North,41580.0,Corporate,Clothing,Men's T-Shirt,3,6.89,0.0,,Upi,Cancelled,20.67,False,True,unique,unique
ORD10667,Isaac Cooper,Female,,aaron78@example.org,525.884.8689,United Kingdom,South Tamarashire,East,72213.0,Consumer,Clothing,Men's T-Shirt,1,20.39,0.0,,Cash On Delivery,Delivered,20.39,False,False,unique,unique
ORD12115,Charles Horn,Male,,wilsonjason@example.com,(444)421-4377x80559,United States,Churchtown,North,87086.0,Consumer,Beauty,Sunscreen SPF50,2,12.47,0.2,,Credit Card,Delivered,19.95,False,True,unique,unique
ORD10421,James Flores,Female,,oguzman@example.com,(536)868-7887,UNITED STATES,New Jenniferhaven,North,76244.0,Home Office,Clothing,Women's Jeans,2,9.88,0.0,,Credit Card,Delivered,19.76,False,True,unique,unique
ORD11361,Christopher Hill,,,fieldsbrooke@example.org,3125033980,CANADA,Davisfurt,West,,Home Office,Electronics,USB-C Hub,2,11.53,0.15,,Credit Card,Delivered,19.6,False,True,unique,unique
ORD11136,Destiny Myers,Female,,rachel74@example.org,001-668-873-5445x3451,United States,Kempside,North,,Corporate,Books,Kids Story Book,1,19.47,0.0,,Upi,Cancelled,19.47,False,False,unique,unique
ORD10964,James Andrews Dvm,Female,,briannaandersen@example.com,,India,Codyton,South,,Consumer,Electronics,Smartwatch,1,22.55,0.15,,Upi,Delivered,19.17,False,False,unique,unique
ORD10232,Dr. Stephen Hall Iv,Male,1969-11-21,,707-713-9660,United States,North Danielle,East,,Home Office,Sports,Dumbbell Set,1,23.68,0.2,,Debit Card,Returned,18.94,False,False,unique,unique
ORD11252,Brent Jackson,Male,1993-04-14,kking@example.org,560.278.5483,UNITED KINGDOM,Williamfort,West,19081.0,Consumer,Sports,Dumbbell Set,1,23.63,0.2,,Net Banking,Shipped,18.9,False,False,unique,unique
ORD12738,Jennifer Vang,Female,,alan64@example.com,274-826-5884,UNITED STATES,Leonberg,West,35875.0,Consumer,Sports,Yoga Mat,1,19.64,0.05,,Credit Card,Delivered,18.66,False,False,unique,unique
ORD10523,John Yang,Female,,nicolethompson@example.org,(555)280-9961x327,CANADA,West Ryan,North,45011.0,Corporate,Electronics,Bluetooth Speaker,1,18.54,0.0,,Upi,Delivered,18.54,False,False,unique,unique
ORD11556,Mr. Joshua Herring,Male,,bailey14@example.com,6498723669,India,South Gregory,South,56763.0,Home Office,Clothing,Men's T-Shirt,3,7.17,0.15,,Credit Card,Shipped,18.28,False,True,unique,unique
ORD12556,Victoria Tucker,Male,,vwest@example.com,+1-961-824-9833x44146,United Kingdom,New Brenda,East,49210.0,Consumer,Home & Kitchen,Blender,2,9.14,0.0,2024-05-05,Credit Card,Pending,18.28,False,True,unique,unique
ORD11833,Kayla Wood,Male,1981-11-10,stephaniedavis@example.org,900.517.4931x7560,UNITED STATES,East Sherrymouth,South,28433.0,Home Office,Books,Self-Help Book,1,20.17,0.1,,Cash On Delivery,Delivered,18.15,False,False,unique,unique
ORD12326,Adam Buckley,Female,,zjohnston@example.com,,United States,Seanview,North,9302.0,Home Office,Electronics,Earbuds,1,18.66,0.05,,Credit  Card,Delivered,17.73,False,False,unique,unique
ORD10252,Melanie Williams,Male,,stephanie69@example.net,754-441-4967x393,UNITED KINGDOM,Amytown,South,9407.0,Home Office,Clothing,Men's T-Shirt,1,16.87,0.0,,Upi,Pending,16.87,False,False,unique,unique
ORD11001,Wesley Brown Md,Male,1996-12-17,tammythomas@example.com,+1-599-619-3873x370,UNITED KINGDOM,Port Kelly,West,,Home Office,Electronics,USB-C Hub,1,18.52,0.1,2024-12-28,Upi,Delivered,16.67,False,False,unique,unique
ORD10321,Susan Dillon,Male,,ricerobert@example.com,+1-914-867-1795,UNITED KINGDOM,East Keithborough,West,62005.0,Corporate,Clothing,Winter Jacket,1,19.43,0.15,,Cash On Delivery,Pending,16.52,False,False,unique,unique
ORD10742,Gary Grimes,Male,,ucarr@example.org,(979)397-0292,India,North Mark,East,87889.0,Home Office,Beauty,Hair Serum,1,15.25,0.0,,Cash On Delivery,Shipped,15.25,False,False,unique,unique
ORD11194,Daniel Howell,Female,1985-11-27,dana17@example.net,+1-855-799-0984x128,CANADA,Lindseyville,West,49887.0,Home Office,Books,Self-Help Book,1,16.36,0.1,2023-12-03,Cash On Delivery,Cancelled,14.72,False,False,unique,unique
ORD11666,David Hall,,2002-02-06,floresronald@example.net,(570)650-6809x83831,UNITED KINGDOM,Morriston,West,,Home Office,Electronics,USB-C Hub,1,17.32,0.15,,Debit Card,Cancelled,14.72,False,False,unique,unique
ORD11080,Peter Crawford,Female,,smithcynthia@example.com,617.598.9948x8566,India,North Mikeshire,East,,Consumer,Sports,Dumbbell Set,1,17.64,0.2,,Credit Card,Cancelled,14.11,False,False,unique,unique
ORD10917,Rachel Petty,Male,1973-12-21,william47@example.org,321.439.8654x62202,UNITED KINGDOM,Lake Jessica,West,90458.0,Corporate,Home & Kitchen,Cushion Cover,1,13.68,0.0,,Net Banking,Delivered,13.68,False,False,unique,unique
ORD10562,Victoria Adams,Female,,robert29@example.net,4608320203,India,Alexanderfort,East,,Corporate,Clothing,Winter Jacket,2,7.5,0.1,2024-09-18,Cash On Delivery,Cancelled,13.5,False,True,unique,unique
ORD12848,Wanda Harrison,Male,1966-04-10,anthony22@example.com,623-649-4572,United States,South Russellside,North,94583.0,Corporate,Home & Kitchen,Storage Box,2,12.67,0.5,,Debit Card,Returned,12.67,False,True,unique,unique
ORD12587,Dawn Wilson,,,crossbilly@example.com,,CANADA,West Andrew,South,59445.0,Consumer,Clothing,Formal Shirt,2,6.29,0.0,,Credit Card,Shipped,12.58,False,True,unique,unique
ORD11525,Wesley Oneal,Male,,johnsonlisa@example.net,,United States,New Lauriebury,North,92904.0,Corporate,Electronics,Earbuds,1,12.54,0.0,2023-11-01,Debit Card,Returned,12.54,False,False,unique,unique
ORD10064,James Hughes,Female,,anthonygalvan@example.net,+1-252-620-4727x7901,India,Port Edward,North,95821.0,Home Office,Books,Fiction Novel,1,24.38,0.5,,Net Banking,Shipped,12.19,False,False,unique,unique
ORD12179,Cody Rowe,,,thompsonlisa@example.net,946-327-6351x4874,CANADA,Ellenberg,West,88702.0,Corporate,Beauty,Face Wash,2,6.72,0.1,2024-03-12,Credit Card,Shipped,12.1,False,True,unique,unique
ORD11254,Sarah Webb,Female,,michaelduncan@example.org,982-285-2332,UNITED KINGDOM,Barbaraborough,North,99322.0,Home Office,Beauty,Sunscreen SPF50,3,5.03,0.2,2023-12-14,Cash On Delivery,Shipped,12.07,False,True,unique,unique
ORD12458,Grace Young,Female,,averyrichard@example.net,647.981.8222x34494,United States,Amandahaven,North,47044.0,Corporate,Beauty,Hair Serum,1,14.93,0.2,,Credit Card,Returned,11.94,False,False,unique,unique
ORD12504,James Hughes,Female,,david06@example.org,376.498.2376,India,Tiffanyborough,South,4396.0,Home Office,Beauty,Hair Serum,1,23.64,0.5,,Credit  Card,Pending,11.82,False,False,unique,unique
ORD11395,Tristan Scott,Male,,,(773)330-9074x063,UNITED KINGDOM,Robertsonberg,South,,Home Office,Electronics,Bluetooth Speaker,2,6.4,0.1,,Cash On Delivery,Returned,11.52,False,True,unique,unique
ORD12558,Joseph Cantrell,Female,,john18@example.org,(697)218-7015x3987,CANADA,Karenland,West,76216.0,Consumer,Books,Fiction Novel,1,14.4,0.2,2023-02-17,Net Banking,Pending,11.52,False,False,unique,unique
ORD10172,Jennifer Bailey,Male,,mark43@example.net,378.801.5739x93056,India,Amberport,North,3739.0,Consumer,Home & Kitchen,Blender,1,11.31,0.0,2024-10-27,Cash On Delivery,Pending,11.31,False,False,unique,unique
ORD10401,Haley Gamble,Female,1992-05-02,lawsontami@example.net,001-783-321-5285x06762,India,Robinbury,South,71164.0,Corporate,Home & Kitchen,Blender,1,11.11,0.0,,Cash On Delivery,Shipped,11.11,False,False,unique,unique
ORD10248,Laura Bush,Male,1966-01-11,fnixon@example.org,001-684-278-1891x3718,United States,Amandatown,South,,Corporate,Clothing,Men's T-Shirt,2,11.04,0.5,,Cash On Delivery,Delivered,11.04,False,True,unique,unique
ORD12200,Patricia Wood,Female,1965-05-27,hawkinsmichael@example.net,001-698-418-1199,UNITED KINGDOM,South Lisaside,West,31322.0,Corporate,Beauty,Sunscreen SPF50,1,10.73,0.0,,Credit Card,Shipped,10.73,False,False,unique,unique
ORD12202,Patrick Hines,Female,,ilee@example.com,+1-930-387-2447x8390,India,North Renee,West,22392.0,Consumer,Electronics,Wireless Mouse,2,5.81,0.1,2023-09-25,Credit  Card,Pending,10.46,False,True,unique,unique
ORD10449,Ernest Smith,Male,1993-08-21,jason95@example.org,+1-616-349-3831,UNITED KINGDOM,Flemingchester,North,42153.0,Consumer,Sports,Dumbbell Set,1,10.38,0.0,,Cash On Delivery,Returned,10.38,False,False,unique,unique
ORD11756,Samantha Miller,Female,,fcosta@example.org,+1-240-447-5000x4584,India,Lake Tim,South,53734.0,Consumer,Electronics,Smartwatch,1,11.37,0.1,2024-09-30,Cash On Delivery,Shipped,10.23,False,False,unique,unique
ORD11043,Catherine Walls,Female,,chenmatthew@example.org,+1-481-229-8861,CANADA,Smithfurt,South,,Home Office,Sports,Cricket Bat,2,5.99,0.15,,Credit Card,Shipped,10.18,False,True,unique,unique
ORD12433,Alison Garcia,Female,,hhunter@example.net,343.729.7867,United States,Tiffanyburgh,East,96466.0,Home Office,Books,Cook Book,1,10.57,0.05,,Net Banking,Returned,10.04,False,False,unique,unique
ORD11242,Dr. John Parker,,1982-03-06,emily56@example.com,,United States,Hernandezshire,East,60258.0,Corporate,Clothing,Men's T-Shirt,2,9.3,0.5,,Cash On Delivery,Returned,9.3,False,True,unique,unique
ORD11921,Jennifer Nguyen,Female,1963-11-16,megan94@example.com,573-405-1513,UNITED KINGDOM,New Randyborough,East,,Consumer,Books,Cook Book,1,10.87,0.15,,Upi,Shipped,9.24,False,False,unique,unique
ORD11367,Robert Franklin,Male,,laurenrios@example.org,746-901-8911x34348,United States,East Jasonchester,North,91190.0,Home Office,Electronics,USB-C Hub,1,17.13,0.5,2023-05-09,Net Banking,Delivered,8.56,False,False,unique,unique
ORD11404,Kim Wright,,,,(491)403-8524x276,United States,West Michaelfurt,East,32222.0,Consumer,Clothing,Formal Shirt,2,8.48,0.5,,Credit Card,Delivered,8.48,False,True,unique,unique
ORD11320,Dr. Terri Valdez,Female,,larry44@example.com,,CANADA,Port Sylviamouth,West,53321.0,Home Office,Books,Kids Story Book,1,9.65,0.15,,Debit Card,Shipped,8.2,False,False,unique,unique
ORD10928,Debbie Bailey,Female,,henryrobert@example.org,(851)827-2670,UNITED KINGDOM,Donovanfurt,West,,Consumer,Beauty,Hair Serum,1,8.11,0.0,,Cash On Delivery,Delivered,8.11,False,False,unique,unique
ORD12147,Laura Lindsey,Male,,jimmy04@example.org,+1-642-649-1626x31777,India,East Dustin,North,24871.0,Consumer,Electronics,Earbuds,2,5.03,0.2,,Net Banking,Cancelled,8.05,False,True,unique,unique
ORD12007,Mark Atkins,Male,,jacobskathryn@example.com,+1-740-429-3764,CANADA,Bowmanside,South,59832.0,Consumer,Beauty,Sunscreen SPF50,1,15.78,0.5,,Credit  Card,Shipped,7.89,False,False,unique,unique
ORD10185,Larry Carey,Female,,xboyd@example.org,,India,Perezfort,North,50470.0,Home Office,Clothing,Women's Jeans,2,7.79,0.5,,Credit  Card,Returned,7.79,False,True,unique,unique
ORD11523,Sarah Buchanan,,,,9323381281,UNITED STATES,West Shirley,East,40767.0,Corporate,Sports,Cricket Bat,1,8.52,0.15,,Upi,Pending,7.24,False,False,unique,unique
ORD10558,Traci Harmon,Female,,michaelbuckley@example.org,2732465495,UNITED STATES,Anthonyfort,North,4986.0,Home Office,Books,Fiction Novel,1,8.44,0.15,,Net Banking,Pending,7.17,False,False,unique,unique
ORD10306,Erin Campbell,Male,,hunter69@example.org,4082931734,India,Williamsonview,South,20063.0,Consumer,Beauty,Face Wash,1,14.31,0.5,,Credit Card,Delivered,7.16,False,False,unique,unique
ORD11056,Carl Robinson Md,Male,,jill69@example.net,559-722-7764x14900,India,East Juliamouth,South,45494.0,Consumer,Clothing,Winter Jacket,1,13.26,0.5,,Cash On Delivery,Shipped,6.63,False,False,unique,unique
ORD12058,Karen Patel,Male,1994-09-02,rlarsen@example.net,,CANADA,North Benjaminland,North,22922.0,Consumer,Clothing,Women's Jeans,1,6.08,0.0,,Net Banking,Shipped,6.08,False,False,unique,unique
ORD10340,Antonio Weeks,Female,,mary65@example.net,,CANADA,New Mary,East,37373.0,Consumer,Electronics,USB-C Hub,1,11.59,0.5,,Cash On Delivery,Shipped,5.8,False,False,unique,unique
ORD10702,Cheyenne Fox,Male,,,001-316-232-1119x787,India,East Brittney,South,83190.0,Consumer,Books,Self-Help Book,1,6.03,0.05,2024-05-10,Debit Card,Returned,5.73,False,False,unique,unique
ORD11152,Michelle Harris,Male,,tshelton@example.net,382-536-8810,UNITED KINGDOM,South Gerald,East,6853.0,Home Office,Sports,Football,1,5.64,0.0,2024-09-28,Debit Card,Pending,5.64,False,False,unique,unique
ORD10684,Travis Hicks,Male,,,845-284-1484,United States,New Susanville,South,32118.0,Corporate,Clothing,Winter Jacket,1,6.57,0.15,,Net Banking,Pending,5.58,False,False,unique,unique
ORD10417,John Sanchez,Male,,,281-500-1841x862,CANADA,East Ronaldberg,North,46810.0,Consumer,Clothing,Formal Shirt,1,7.64,0.5,,Credit Card,Cancelled,3.82,False,False,unique,unique
ORD10848,Kelly Lee,Female,,,(855)679-2203x00449,United States,Hickmanberg,North,,Consumer,Beauty,Hair Serum,1,7.28,0.5,,Net Banking,Shipped,3.64,False,False,unique,unique
ORD10691,Robert Adams,Female,1985-07-28,olivia29@example.net,+1-593-876-2974x54930,India,Nicholasside,South,,Consumer,Electronics,USB-C Hub,1,5.28,0.5,,Net Banking,Shipped,2.64,False,False,unique,unique
